[0.000000] (-) TimerEvent: {}
[0.000196] (compressed_depth_image_transport) JobQueued: {'identifier': 'compressed_depth_image_transport', 'dependencies': OrderedDict()}
[0.000427] (compressed_image_transport) JobQueued: {'identifier': 'compressed_image_transport', 'dependencies': OrderedDict()}
[0.000440] (limo_control) JobQueued: {'identifier': 'limo_control', 'dependencies': OrderedDict()}
[0.000451] (limo_description) JobQueued: {'identifier': 'limo_description', 'dependencies': OrderedDict()}
[0.000460] (localization) JobQueued: {'identifier': 'localization', 'dependencies': OrderedDict()}
[0.000470] (plots) JobQueued: {'identifier': 'plots', 'dependencies': OrderedDict()}
[0.000480] (project_interfaces) JobQueued: {'identifier': 'project_interfaces', 'dependencies': OrderedDict()}
[0.000489] (simulation) JobQueued: {'identifier': 'simulation', 'dependencies': OrderedDict()}
[0.000498] (theora_image_transport) JobQueued: {'identifier': 'theora_image_transport', 'dependencies': OrderedDict()}
[0.000507] (vision) JobQueued: {'identifier': 'vision', 'dependencies': OrderedDict()}
[0.000517] (image_transport_plugins) JobQueued: {'identifier': 'image_transport_plugins', 'dependencies': OrderedDict([('compressed_depth_image_transport', '/home/marco/marco/uni/magistrale/IDS_project/install/compressed_depth_image_transport'), ('compressed_image_transport', '/home/marco/marco/uni/magistrale/IDS_project/install/compressed_image_transport'), ('theora_image_transport', '/home/marco/marco/uni/magistrale/IDS_project/install/theora_image_transport')])}
[0.000532] (compressed_depth_image_transport) JobStarted: {'identifier': 'compressed_depth_image_transport'}
[0.003375] (compressed_image_transport) JobStarted: {'identifier': 'compressed_image_transport'}
[0.004851] (theora_image_transport) JobStarted: {'identifier': 'theora_image_transport'}
[0.006288] (limo_control) JobStarted: {'identifier': 'limo_control'}
[0.008857] (limo_description) JobStarted: {'identifier': 'limo_description'}
[0.011009] (localization) JobStarted: {'identifier': 'localization'}
[0.014214] (plots) JobStarted: {'identifier': 'plots'}
[0.016941] (project_interfaces) JobStarted: {'identifier': 'project_interfaces'}
[0.020429] (compressed_depth_image_transport) JobProgress: {'identifier': 'compressed_depth_image_transport', 'progress': 'cmake'}
[0.020639] (compressed_depth_image_transport) Command: {'cmd': ['/usr/bin/cmake', '/home/marco/marco/uni/magistrale/IDS_project/ros2_ws/src/image_transport_plugins/compressed_depth_image_transport', '-DCMAKE_INSTALL_PREFIX=/home/marco/marco/uni/magistrale/IDS_project/install/compressed_depth_image_transport'], 'cwd': '/home/marco/marco/uni/magistrale/IDS_project/build/compressed_depth_image_transport', 'env': OrderedDict([('LESSOPEN', '| /usr/bin/lesspipe %s'), ('USER', 'marco'), ('LC_TIME', 'it_IT.UTF-8'), ('XDG_SESSION_TYPE', 'x11'), ('SHLVL', '1'), ('LD_LIBRARY_PATH', '/opt/ros/humble/opt/rviz_ogre_vendor/lib:/opt/ros/humble/lib/x86_64-linux-gnu:/opt/ros/humble/lib'), ('HOME', '/home/marco'), ('OLDPWD', '/home/marco/marco/uni/magistrale/IDS_project/ros2_ws'), ('DESKTOP_SESSION', 'ubuntu'), ('ROS_PYTHON_VERSION', '3'), ('GNOME_SHELL_SESSION_MODE', 'ubuntu'), ('GTK_MODULES', 'gail:atk-bridge'), ('LC_MONETARY', 'it_IT.UTF-8'), ('MANAGERPID', '1948'), ('SYSTEMD_EXEC_PID', '2438'), ('DBUS_SESSION_BUS_ADDRESS', 'unix:path=/run/user/1000/bus'), ('COLORTERM', 'truecolor'), ('TERMINATOR_DBUS_NAME', 'net.tenshu.Terminator23558193cd9818af7fe4d2c2f5bd9d00f'), ('GIO_LAUNCHED_DESKTOP_FILE_PID', '5065'), ('ROS_DISTRO', 'humble'), ('GTK_IM_MODULE', 'ibus'), ('LOGNAME', 'marco'), ('JOURNAL_STREAM', '8:12126'), ('_', '/usr/bin/colcon'), ('ROS_VERSION', '2'), ('XDG_SESSION_CLASS', 'user'), ('USERNAME', 'marco'), ('TERM', 'xterm-256color'), ('GNOME_DESKTOP_SESSION_ID', 'this-is-deprecated'), ('ROS_LOCALHOST_ONLY', '0'), ('WINDOWPATH', '2'), ('PATH', '/opt/ros/humble/bin:/home/marco/.local/bin:/usr/local/sbin:/usr/local/bin:/usr/sbin:/usr/bin:/sbin:/bin:/usr/games:/usr/local/games:/snap/bin:/snap/bin'), ('SESSION_MANAGER', 'local/marco-ub22:@/tmp/.ICE-unix/2241,unix/marco-ub22:/tmp/.ICE-unix/2241'), ('INVOCATION_ID', '13ce98eb6ffe48af991f103afcdbba0c'), ('XDG_MENU_PREFIX', 'gnome-'), ('LC_ADDRESS', 'it_IT.UTF-8'), ('XDG_RUNTIME_DIR', '/run/user/1000'), ('DISPLAY', ':1'), ('TERMINATOR_DBUS_PATH', '/net/tenshu/Terminator2'), ('LANG', 'en_US.UTF-8'), ('XDG_CURRENT_DESKTOP', 'ubuntu:GNOME'), ('IBUS_DISABLE_SNOOPER', '1'), ('LC_TELEPHONE', 'it_IT.UTF-8'), ('XMODIFIERS', '@im=ibus'), ('XDG_SESSION_DESKTOP', 'ubuntu'), ('XAUTHORITY', '/run/user/1000/gdm/Xauthority'), ('LS_COLORS', 'rs=0:di=01;34:ln=01;36:mh=00:pi=40;33:so=01;35:do=01;35:bd=40;33;01:cd=40;33;01:or=40;31;01:mi=00:su=37;41:sg=30;43:ca=30;41:tw=30;42:ow=34;42:st=37;44:ex=01;32:*.tar=01;31:*.tgz=01;31:*.arc=01;31:*.arj=01;31:*.taz=01;31:*.lha=01;31:*.lz4=01;31:*.lzh=01;31:*.lzma=01;31:*.tlz=01;31:*.txz=01;31:*.tzo=01;31:*.t7z=01;31:*.zip=01;31:*.z=01;31:*.dz=01;31:*.gz=01;31:*.lrz=01;31:*.lz=01;31:*.lzo=01;31:*.xz=01;31:*.zst=01;31:*.tzst=01;31:*.bz2=01;31:*.bz=01;31:*.tbz=01;31:*.tbz2=01;31:*.tz=01;31:*.deb=01;31:*.rpm=01;31:*.jar=01;31:*.war=01;31:*.ear=01;31:*.sar=01;31:*.rar=01;31:*.alz=01;31:*.ace=01;31:*.zoo=01;31:*.cpio=01;31:*.7z=01;31:*.rz=01;31:*.cab=01;31:*.wim=01;31:*.swm=01;31:*.dwm=01;31:*.esd=01;31:*.jpg=01;35:*.jpeg=01;35:*.mjpg=01;35:*.mjpeg=01;35:*.gif=01;35:*.bmp=01;35:*.pbm=01;35:*.pgm=01;35:*.ppm=01;35:*.tga=01;35:*.xbm=01;35:*.xpm=01;35:*.tif=01;35:*.tiff=01;35:*.png=01;35:*.svg=01;35:*.svgz=01;35:*.mng=01;35:*.pcx=01;35:*.mov=01;35:*.mpg=01;35:*.mpeg=01;35:*.m2v=01;35:*.mkv=01;35:*.webm=01;35:*.webp=01;35:*.ogm=01;35:*.mp4=01;35:*.m4v=01;35:*.mp4v=01;35:*.vob=01;35:*.qt=01;35:*.nuv=01;35:*.wmv=01;35:*.asf=01;35:*.rm=01;35:*.rmvb=01;35:*.flc=01;35:*.avi=01;35:*.fli=01;35:*.flv=01;35:*.gl=01;35:*.dl=01;35:*.xcf=01;35:*.xwd=01;35:*.yuv=01;35:*.cgm=01;35:*.emf=01;35:*.ogv=01;35:*.ogx=01;35:*.aac=00;36:*.au=00;36:*.flac=00;36:*.m4a=00;36:*.mid=00;36:*.midi=00;36:*.mka=00;36:*.mp3=00;36:*.mpc=00;36:*.ogg=00;36:*.ra=00;36:*.wav=00;36:*.oga=00;36:*.opus=00;36:*.spx=00;36:*.xspf=00;36:'), ('SSH_AGENT_LAUNCHER', 'gnome-keyring'), ('SSH_AUTH_SOCK', '/run/user/1000/keyring/ssh'), ('ROS_DOMAIN_ID', '2'), ('AMENT_PREFIX_PATH', '/opt/ros/humble'), ('SHELL', '/bin/bash'), ('LC_NAME', 'it_IT.UTF-8'), ('TERMINATOR_UUID', 'urn:uuid:029eaee9-0711-4cf2-bfd1-7b9bd46242d4'), ('QT_ACCESSIBILITY', '1'), ('GDMSESSION', 'ubuntu'), ('LESSCLOSE', '/usr/bin/lesspipe %s %s'), ('LC_MEASUREMENT', 'it_IT.UTF-8'), ('GPG_AGENT_INFO', '/run/user/1000/gnupg/S.gpg-agent:0:1'), ('LC_IDENTIFICATION', 'it_IT.UTF-8'), ('QT_IM_MODULE', 'ibus'), ('PWD', '/home/marco/marco/uni/magistrale/IDS_project/build/compressed_depth_image_transport'), ('LC_ALL', 'en_US.UTF-8'), ('XDG_CONFIG_DIRS', '/etc/xdg/xdg-ubuntu:/etc/xdg'), ('XDG_DATA_DIRS', '/usr/share/ubuntu:/usr/share/gnome:/usr/local/share/:/usr/share/:/var/lib/snapd/desktop'), ('PYTHONPATH', '/opt/ros/humble/lib/python3.10/site-packages:/opt/ros/humble/local/lib/python3.10/dist-packages'), ('LC_NUMERIC', 'it_IT.UTF-8'), ('LC_PAPER', 'it_IT.UTF-8'), ('COLCON', '1'), ('VTE_VERSION', '6800'), ('CMAKE_PREFIX_PATH', '/opt/ros/humble')]), 'shell': False}
[0.022274] (compressed_image_transport) JobProgress: {'identifier': 'compressed_image_transport', 'progress': 'cmake'}
[0.022511] (compressed_image_transport) Command: {'cmd': ['/usr/bin/cmake', '/home/marco/marco/uni/magistrale/IDS_project/ros2_ws/src/image_transport_plugins/compressed_image_transport', '-DCMAKE_INSTALL_PREFIX=/home/marco/marco/uni/magistrale/IDS_project/install/compressed_image_transport'], 'cwd': '/home/marco/marco/uni/magistrale/IDS_project/build/compressed_image_transport', 'env': OrderedDict([('LESSOPEN', '| /usr/bin/lesspipe %s'), ('USER', 'marco'), ('LC_TIME', 'it_IT.UTF-8'), ('XDG_SESSION_TYPE', 'x11'), ('SHLVL', '1'), ('LD_LIBRARY_PATH', '/opt/ros/humble/opt/rviz_ogre_vendor/lib:/opt/ros/humble/lib/x86_64-linux-gnu:/opt/ros/humble/lib'), ('HOME', '/home/marco'), ('OLDPWD', '/home/marco/marco/uni/magistrale/IDS_project/ros2_ws'), ('DESKTOP_SESSION', 'ubuntu'), ('ROS_PYTHON_VERSION', '3'), ('GNOME_SHELL_SESSION_MODE', 'ubuntu'), ('GTK_MODULES', 'gail:atk-bridge'), ('LC_MONETARY', 'it_IT.UTF-8'), ('MANAGERPID', '1948'), ('SYSTEMD_EXEC_PID', '2438'), ('DBUS_SESSION_BUS_ADDRESS', 'unix:path=/run/user/1000/bus'), ('COLORTERM', 'truecolor'), ('TERMINATOR_DBUS_NAME', 'net.tenshu.Terminator23558193cd9818af7fe4d2c2f5bd9d00f'), ('GIO_LAUNCHED_DESKTOP_FILE_PID', '5065'), ('ROS_DISTRO', 'humble'), ('GTK_IM_MODULE', 'ibus'), ('LOGNAME', 'marco'), ('JOURNAL_STREAM', '8:12126'), ('_', '/usr/bin/colcon'), ('ROS_VERSION', '2'), ('XDG_SESSION_CLASS', 'user'), ('USERNAME', 'marco'), ('TERM', 'xterm-256color'), ('GNOME_DESKTOP_SESSION_ID', 'this-is-deprecated'), ('ROS_LOCALHOST_ONLY', '0'), ('WINDOWPATH', '2'), ('PATH', '/opt/ros/humble/bin:/home/marco/.local/bin:/usr/local/sbin:/usr/local/bin:/usr/sbin:/usr/bin:/sbin:/bin:/usr/games:/usr/local/games:/snap/bin:/snap/bin'), ('SESSION_MANAGER', 'local/marco-ub22:@/tmp/.ICE-unix/2241,unix/marco-ub22:/tmp/.ICE-unix/2241'), ('INVOCATION_ID', '13ce98eb6ffe48af991f103afcdbba0c'), ('XDG_MENU_PREFIX', 'gnome-'), ('LC_ADDRESS', 'it_IT.UTF-8'), ('XDG_RUNTIME_DIR', '/run/user/1000'), ('DISPLAY', ':1'), ('TERMINATOR_DBUS_PATH', '/net/tenshu/Terminator2'), ('LANG', 'en_US.UTF-8'), ('XDG_CURRENT_DESKTOP', 'ubuntu:GNOME'), ('IBUS_DISABLE_SNOOPER', '1'), ('LC_TELEPHONE', 'it_IT.UTF-8'), ('XMODIFIERS', '@im=ibus'), ('XDG_SESSION_DESKTOP', 'ubuntu'), ('XAUTHORITY', '/run/user/1000/gdm/Xauthority'), ('LS_COLORS', 'rs=0:di=01;34:ln=01;36:mh=00:pi=40;33:so=01;35:do=01;35:bd=40;33;01:cd=40;33;01:or=40;31;01:mi=00:su=37;41:sg=30;43:ca=30;41:tw=30;42:ow=34;42:st=37;44:ex=01;32:*.tar=01;31:*.tgz=01;31:*.arc=01;31:*.arj=01;31:*.taz=01;31:*.lha=01;31:*.lz4=01;31:*.lzh=01;31:*.lzma=01;31:*.tlz=01;31:*.txz=01;31:*.tzo=01;31:*.t7z=01;31:*.zip=01;31:*.z=01;31:*.dz=01;31:*.gz=01;31:*.lrz=01;31:*.lz=01;31:*.lzo=01;31:*.xz=01;31:*.zst=01;31:*.tzst=01;31:*.bz2=01;31:*.bz=01;31:*.tbz=01;31:*.tbz2=01;31:*.tz=01;31:*.deb=01;31:*.rpm=01;31:*.jar=01;31:*.war=01;31:*.ear=01;31:*.sar=01;31:*.rar=01;31:*.alz=01;31:*.ace=01;31:*.zoo=01;31:*.cpio=01;31:*.7z=01;31:*.rz=01;31:*.cab=01;31:*.wim=01;31:*.swm=01;31:*.dwm=01;31:*.esd=01;31:*.jpg=01;35:*.jpeg=01;35:*.mjpg=01;35:*.mjpeg=01;35:*.gif=01;35:*.bmp=01;35:*.pbm=01;35:*.pgm=01;35:*.ppm=01;35:*.tga=01;35:*.xbm=01;35:*.xpm=01;35:*.tif=01;35:*.tiff=01;35:*.png=01;35:*.svg=01;35:*.svgz=01;35:*.mng=01;35:*.pcx=01;35:*.mov=01;35:*.mpg=01;35:*.mpeg=01;35:*.m2v=01;35:*.mkv=01;35:*.webm=01;35:*.webp=01;35:*.ogm=01;35:*.mp4=01;35:*.m4v=01;35:*.mp4v=01;35:*.vob=01;35:*.qt=01;35:*.nuv=01;35:*.wmv=01;35:*.asf=01;35:*.rm=01;35:*.rmvb=01;35:*.flc=01;35:*.avi=01;35:*.fli=01;35:*.flv=01;35:*.gl=01;35:*.dl=01;35:*.xcf=01;35:*.xwd=01;35:*.yuv=01;35:*.cgm=01;35:*.emf=01;35:*.ogv=01;35:*.ogx=01;35:*.aac=00;36:*.au=00;36:*.flac=00;36:*.m4a=00;36:*.mid=00;36:*.midi=00;36:*.mka=00;36:*.mp3=00;36:*.mpc=00;36:*.ogg=00;36:*.ra=00;36:*.wav=00;36:*.oga=00;36:*.opus=00;36:*.spx=00;36:*.xspf=00;36:'), ('SSH_AGENT_LAUNCHER', 'gnome-keyring'), ('SSH_AUTH_SOCK', '/run/user/1000/keyring/ssh'), ('ROS_DOMAIN_ID', '2'), ('AMENT_PREFIX_PATH', '/opt/ros/humble'), ('SHELL', '/bin/bash'), ('LC_NAME', 'it_IT.UTF-8'), ('TERMINATOR_UUID', 'urn:uuid:029eaee9-0711-4cf2-bfd1-7b9bd46242d4'), ('QT_ACCESSIBILITY', '1'), ('GDMSESSION', 'ubuntu'), ('LESSCLOSE', '/usr/bin/lesspipe %s %s'), ('LC_MEASUREMENT', 'it_IT.UTF-8'), ('GPG_AGENT_INFO', '/run/user/1000/gnupg/S.gpg-agent:0:1'), ('LC_IDENTIFICATION', 'it_IT.UTF-8'), ('QT_IM_MODULE', 'ibus'), ('PWD', '/home/marco/marco/uni/magistrale/IDS_project/build/compressed_image_transport'), ('LC_ALL', 'en_US.UTF-8'), ('XDG_CONFIG_DIRS', '/etc/xdg/xdg-ubuntu:/etc/xdg'), ('XDG_DATA_DIRS', '/usr/share/ubuntu:/usr/share/gnome:/usr/local/share/:/usr/share/:/var/lib/snapd/desktop'), ('PYTHONPATH', '/opt/ros/humble/lib/python3.10/site-packages:/opt/ros/humble/local/lib/python3.10/dist-packages'), ('LC_NUMERIC', 'it_IT.UTF-8'), ('LC_PAPER', 'it_IT.UTF-8'), ('COLCON', '1'), ('VTE_VERSION', '6800'), ('CMAKE_PREFIX_PATH', '/opt/ros/humble')]), 'shell': False}
[0.023577] (theora_image_transport) JobProgress: {'identifier': 'theora_image_transport', 'progress': 'cmake'}
[0.023889] (theora_image_transport) Command: {'cmd': ['/usr/bin/cmake', '/home/marco/marco/uni/magistrale/IDS_project/ros2_ws/src/image_transport_plugins/theora_image_transport', '-DCMAKE_INSTALL_PREFIX=/home/marco/marco/uni/magistrale/IDS_project/install/theora_image_transport'], 'cwd': '/home/marco/marco/uni/magistrale/IDS_project/build/theora_image_transport', 'env': OrderedDict([('LESSOPEN', '| /usr/bin/lesspipe %s'), ('USER', 'marco'), ('LC_TIME', 'it_IT.UTF-8'), ('XDG_SESSION_TYPE', 'x11'), ('SHLVL', '1'), ('LD_LIBRARY_PATH', '/opt/ros/humble/opt/rviz_ogre_vendor/lib:/opt/ros/humble/lib/x86_64-linux-gnu:/opt/ros/humble/lib'), ('HOME', '/home/marco'), ('OLDPWD', '/home/marco/marco/uni/magistrale/IDS_project/ros2_ws'), ('DESKTOP_SESSION', 'ubuntu'), ('ROS_PYTHON_VERSION', '3'), ('GNOME_SHELL_SESSION_MODE', 'ubuntu'), ('GTK_MODULES', 'gail:atk-bridge'), ('LC_MONETARY', 'it_IT.UTF-8'), ('MANAGERPID', '1948'), ('SYSTEMD_EXEC_PID', '2438'), ('DBUS_SESSION_BUS_ADDRESS', 'unix:path=/run/user/1000/bus'), ('COLORTERM', 'truecolor'), ('TERMINATOR_DBUS_NAME', 'net.tenshu.Terminator23558193cd9818af7fe4d2c2f5bd9d00f'), ('GIO_LAUNCHED_DESKTOP_FILE_PID', '5065'), ('ROS_DISTRO', 'humble'), ('GTK_IM_MODULE', 'ibus'), ('LOGNAME', 'marco'), ('JOURNAL_STREAM', '8:12126'), ('_', '/usr/bin/colcon'), ('ROS_VERSION', '2'), ('XDG_SESSION_CLASS', 'user'), ('USERNAME', 'marco'), ('TERM', 'xterm-256color'), ('GNOME_DESKTOP_SESSION_ID', 'this-is-deprecated'), ('ROS_LOCALHOST_ONLY', '0'), ('WINDOWPATH', '2'), ('PATH', '/opt/ros/humble/bin:/home/marco/.local/bin:/usr/local/sbin:/usr/local/bin:/usr/sbin:/usr/bin:/sbin:/bin:/usr/games:/usr/local/games:/snap/bin:/snap/bin'), ('SESSION_MANAGER', 'local/marco-ub22:@/tmp/.ICE-unix/2241,unix/marco-ub22:/tmp/.ICE-unix/2241'), ('INVOCATION_ID', '13ce98eb6ffe48af991f103afcdbba0c'), ('XDG_MENU_PREFIX', 'gnome-'), ('LC_ADDRESS', 'it_IT.UTF-8'), ('XDG_RUNTIME_DIR', '/run/user/1000'), ('DISPLAY', ':1'), ('TERMINATOR_DBUS_PATH', '/net/tenshu/Terminator2'), ('LANG', 'en_US.UTF-8'), ('XDG_CURRENT_DESKTOP', 'ubuntu:GNOME'), ('IBUS_DISABLE_SNOOPER', '1'), ('LC_TELEPHONE', 'it_IT.UTF-8'), ('XMODIFIERS', '@im=ibus'), ('XDG_SESSION_DESKTOP', 'ubuntu'), ('XAUTHORITY', '/run/user/1000/gdm/Xauthority'), ('LS_COLORS', 'rs=0:di=01;34:ln=01;36:mh=00:pi=40;33:so=01;35:do=01;35:bd=40;33;01:cd=40;33;01:or=40;31;01:mi=00:su=37;41:sg=30;43:ca=30;41:tw=30;42:ow=34;42:st=37;44:ex=01;32:*.tar=01;31:*.tgz=01;31:*.arc=01;31:*.arj=01;31:*.taz=01;31:*.lha=01;31:*.lz4=01;31:*.lzh=01;31:*.lzma=01;31:*.tlz=01;31:*.txz=01;31:*.tzo=01;31:*.t7z=01;31:*.zip=01;31:*.z=01;31:*.dz=01;31:*.gz=01;31:*.lrz=01;31:*.lz=01;31:*.lzo=01;31:*.xz=01;31:*.zst=01;31:*.tzst=01;31:*.bz2=01;31:*.bz=01;31:*.tbz=01;31:*.tbz2=01;31:*.tz=01;31:*.deb=01;31:*.rpm=01;31:*.jar=01;31:*.war=01;31:*.ear=01;31:*.sar=01;31:*.rar=01;31:*.alz=01;31:*.ace=01;31:*.zoo=01;31:*.cpio=01;31:*.7z=01;31:*.rz=01;31:*.cab=01;31:*.wim=01;31:*.swm=01;31:*.dwm=01;31:*.esd=01;31:*.jpg=01;35:*.jpeg=01;35:*.mjpg=01;35:*.mjpeg=01;35:*.gif=01;35:*.bmp=01;35:*.pbm=01;35:*.pgm=01;35:*.ppm=01;35:*.tga=01;35:*.xbm=01;35:*.xpm=01;35:*.tif=01;35:*.tiff=01;35:*.png=01;35:*.svg=01;35:*.svgz=01;35:*.mng=01;35:*.pcx=01;35:*.mov=01;35:*.mpg=01;35:*.mpeg=01;35:*.m2v=01;35:*.mkv=01;35:*.webm=01;35:*.webp=01;35:*.ogm=01;35:*.mp4=01;35:*.m4v=01;35:*.mp4v=01;35:*.vob=01;35:*.qt=01;35:*.nuv=01;35:*.wmv=01;35:*.asf=01;35:*.rm=01;35:*.rmvb=01;35:*.flc=01;35:*.avi=01;35:*.fli=01;35:*.flv=01;35:*.gl=01;35:*.dl=01;35:*.xcf=01;35:*.xwd=01;35:*.yuv=01;35:*.cgm=01;35:*.emf=01;35:*.ogv=01;35:*.ogx=01;35:*.aac=00;36:*.au=00;36:*.flac=00;36:*.m4a=00;36:*.mid=00;36:*.midi=00;36:*.mka=00;36:*.mp3=00;36:*.mpc=00;36:*.ogg=00;36:*.ra=00;36:*.wav=00;36:*.oga=00;36:*.opus=00;36:*.spx=00;36:*.xspf=00;36:'), ('SSH_AGENT_LAUNCHER', 'gnome-keyring'), ('SSH_AUTH_SOCK', '/run/user/1000/keyring/ssh'), ('ROS_DOMAIN_ID', '2'), ('AMENT_PREFIX_PATH', '/opt/ros/humble'), ('SHELL', '/bin/bash'), ('LC_NAME', 'it_IT.UTF-8'), ('TERMINATOR_UUID', 'urn:uuid:029eaee9-0711-4cf2-bfd1-7b9bd46242d4'), ('QT_ACCESSIBILITY', '1'), ('GDMSESSION', 'ubuntu'), ('LESSCLOSE', '/usr/bin/lesspipe %s %s'), ('LC_MEASUREMENT', 'it_IT.UTF-8'), ('GPG_AGENT_INFO', '/run/user/1000/gnupg/S.gpg-agent:0:1'), ('LC_IDENTIFICATION', 'it_IT.UTF-8'), ('QT_IM_MODULE', 'ibus'), ('PWD', '/home/marco/marco/uni/magistrale/IDS_project/build/theora_image_transport'), ('LC_ALL', 'en_US.UTF-8'), ('XDG_CONFIG_DIRS', '/etc/xdg/xdg-ubuntu:/etc/xdg'), ('XDG_DATA_DIRS', '/usr/share/ubuntu:/usr/share/gnome:/usr/local/share/:/usr/share/:/var/lib/snapd/desktop'), ('PYTHONPATH', '/opt/ros/humble/lib/python3.10/site-packages:/opt/ros/humble/local/lib/python3.10/dist-packages'), ('LC_NUMERIC', 'it_IT.UTF-8'), ('LC_PAPER', 'it_IT.UTF-8'), ('COLCON', '1'), ('VTE_VERSION', '6800'), ('CMAKE_PREFIX_PATH', '/opt/ros/humble')]), 'shell': False}
[0.099907] (-) TimerEvent: {}
[0.200278] (-) TimerEvent: {}
[0.300562] (-) TimerEvent: {}
[0.400885] (-) TimerEvent: {}
[0.502944] (-) TimerEvent: {}
[0.603540] (-) TimerEvent: {}
[0.704097] (-) TimerEvent: {}
[0.763725] (project_interfaces) JobProgress: {'identifier': 'project_interfaces', 'progress': 'cmake'}
[0.764039] (project_interfaces) Command: {'cmd': ['/usr/bin/cmake', '/home/marco/marco/uni/magistrale/IDS_project/ros2_ws/src/project_interfaces', '-DCMAKE_INSTALL_PREFIX=/home/marco/marco/uni/magistrale/IDS_project/install/project_interfaces'], 'cwd': '/home/marco/marco/uni/magistrale/IDS_project/build/project_interfaces', 'env': OrderedDict([('LESSOPEN', '| /usr/bin/lesspipe %s'), ('USER', 'marco'), ('LC_TIME', 'it_IT.UTF-8'), ('XDG_SESSION_TYPE', 'x11'), ('SHLVL', '1'), ('LD_LIBRARY_PATH', '/opt/ros/humble/opt/rviz_ogre_vendor/lib:/opt/ros/humble/lib/x86_64-linux-gnu:/opt/ros/humble/lib'), ('HOME', '/home/marco'), ('OLDPWD', '/home/marco/marco/uni/magistrale/IDS_project/ros2_ws'), ('DESKTOP_SESSION', 'ubuntu'), ('ROS_PYTHON_VERSION', '3'), ('GNOME_SHELL_SESSION_MODE', 'ubuntu'), ('GTK_MODULES', 'gail:atk-bridge'), ('LC_MONETARY', 'it_IT.UTF-8'), ('MANAGERPID', '1948'), ('SYSTEMD_EXEC_PID', '2438'), ('DBUS_SESSION_BUS_ADDRESS', 'unix:path=/run/user/1000/bus'), ('COLORTERM', 'truecolor'), ('TERMINATOR_DBUS_NAME', 'net.tenshu.Terminator23558193cd9818af7fe4d2c2f5bd9d00f'), ('GIO_LAUNCHED_DESKTOP_FILE_PID', '5065'), ('ROS_DISTRO', 'humble'), ('GTK_IM_MODULE', 'ibus'), ('LOGNAME', 'marco'), ('JOURNAL_STREAM', '8:12126'), ('_', '/usr/bin/colcon'), ('ROS_VERSION', '2'), ('XDG_SESSION_CLASS', 'user'), ('USERNAME', 'marco'), ('TERM', 'xterm-256color'), ('GNOME_DESKTOP_SESSION_ID', 'this-is-deprecated'), ('ROS_LOCALHOST_ONLY', '0'), ('WINDOWPATH', '2'), ('PATH', '/opt/ros/humble/bin:/home/marco/.local/bin:/usr/local/sbin:/usr/local/bin:/usr/sbin:/usr/bin:/sbin:/bin:/usr/games:/usr/local/games:/snap/bin:/snap/bin'), ('SESSION_MANAGER', 'local/marco-ub22:@/tmp/.ICE-unix/2241,unix/marco-ub22:/tmp/.ICE-unix/2241'), ('INVOCATION_ID', '13ce98eb6ffe48af991f103afcdbba0c'), ('XDG_MENU_PREFIX', 'gnome-'), ('LC_ADDRESS', 'it_IT.UTF-8'), ('XDG_RUNTIME_DIR', '/run/user/1000'), ('DISPLAY', ':1'), ('TERMINATOR_DBUS_PATH', '/net/tenshu/Terminator2'), ('LANG', 'en_US.UTF-8'), ('XDG_CURRENT_DESKTOP', 'ubuntu:GNOME'), ('IBUS_DISABLE_SNOOPER', '1'), ('LC_TELEPHONE', 'it_IT.UTF-8'), ('XMODIFIERS', '@im=ibus'), ('XDG_SESSION_DESKTOP', 'ubuntu'), ('XAUTHORITY', '/run/user/1000/gdm/Xauthority'), ('LS_COLORS', 'rs=0:di=01;34:ln=01;36:mh=00:pi=40;33:so=01;35:do=01;35:bd=40;33;01:cd=40;33;01:or=40;31;01:mi=00:su=37;41:sg=30;43:ca=30;41:tw=30;42:ow=34;42:st=37;44:ex=01;32:*.tar=01;31:*.tgz=01;31:*.arc=01;31:*.arj=01;31:*.taz=01;31:*.lha=01;31:*.lz4=01;31:*.lzh=01;31:*.lzma=01;31:*.tlz=01;31:*.txz=01;31:*.tzo=01;31:*.t7z=01;31:*.zip=01;31:*.z=01;31:*.dz=01;31:*.gz=01;31:*.lrz=01;31:*.lz=01;31:*.lzo=01;31:*.xz=01;31:*.zst=01;31:*.tzst=01;31:*.bz2=01;31:*.bz=01;31:*.tbz=01;31:*.tbz2=01;31:*.tz=01;31:*.deb=01;31:*.rpm=01;31:*.jar=01;31:*.war=01;31:*.ear=01;31:*.sar=01;31:*.rar=01;31:*.alz=01;31:*.ace=01;31:*.zoo=01;31:*.cpio=01;31:*.7z=01;31:*.rz=01;31:*.cab=01;31:*.wim=01;31:*.swm=01;31:*.dwm=01;31:*.esd=01;31:*.jpg=01;35:*.jpeg=01;35:*.mjpg=01;35:*.mjpeg=01;35:*.gif=01;35:*.bmp=01;35:*.pbm=01;35:*.pgm=01;35:*.ppm=01;35:*.tga=01;35:*.xbm=01;35:*.xpm=01;35:*.tif=01;35:*.tiff=01;35:*.png=01;35:*.svg=01;35:*.svgz=01;35:*.mng=01;35:*.pcx=01;35:*.mov=01;35:*.mpg=01;35:*.mpeg=01;35:*.m2v=01;35:*.mkv=01;35:*.webm=01;35:*.webp=01;35:*.ogm=01;35:*.mp4=01;35:*.m4v=01;35:*.mp4v=01;35:*.vob=01;35:*.qt=01;35:*.nuv=01;35:*.wmv=01;35:*.asf=01;35:*.rm=01;35:*.rmvb=01;35:*.flc=01;35:*.avi=01;35:*.fli=01;35:*.flv=01;35:*.gl=01;35:*.dl=01;35:*.xcf=01;35:*.xwd=01;35:*.yuv=01;35:*.cgm=01;35:*.emf=01;35:*.ogv=01;35:*.ogx=01;35:*.aac=00;36:*.au=00;36:*.flac=00;36:*.m4a=00;36:*.mid=00;36:*.midi=00;36:*.mka=00;36:*.mp3=00;36:*.mpc=00;36:*.ogg=00;36:*.ra=00;36:*.wav=00;36:*.oga=00;36:*.opus=00;36:*.spx=00;36:*.xspf=00;36:'), ('SSH_AGENT_LAUNCHER', 'gnome-keyring'), ('SSH_AUTH_SOCK', '/run/user/1000/keyring/ssh'), ('ROS_DOMAIN_ID', '2'), ('AMENT_PREFIX_PATH', '/opt/ros/humble'), ('SHELL', '/bin/bash'), ('LC_NAME', 'it_IT.UTF-8'), ('TERMINATOR_UUID', 'urn:uuid:029eaee9-0711-4cf2-bfd1-7b9bd46242d4'), ('QT_ACCESSIBILITY', '1'), ('GDMSESSION', 'ubuntu'), ('LESSCLOSE', '/usr/bin/lesspipe %s %s'), ('LC_MEASUREMENT', 'it_IT.UTF-8'), ('GPG_AGENT_INFO', '/run/user/1000/gnupg/S.gpg-agent:0:1'), ('LC_IDENTIFICATION', 'it_IT.UTF-8'), ('QT_IM_MODULE', 'ibus'), ('PWD', '/home/marco/marco/uni/magistrale/IDS_project/build/project_interfaces'), ('LC_ALL', 'en_US.UTF-8'), ('XDG_CONFIG_DIRS', '/etc/xdg/xdg-ubuntu:/etc/xdg'), ('XDG_DATA_DIRS', '/usr/share/ubuntu:/usr/share/gnome:/usr/local/share/:/usr/share/:/var/lib/snapd/desktop'), ('PYTHONPATH', '/opt/ros/humble/lib/python3.10/site-packages:/opt/ros/humble/local/lib/python3.10/dist-packages'), ('LC_NUMERIC', 'it_IT.UTF-8'), ('LC_PAPER', 'it_IT.UTF-8'), ('COLCON', '1'), ('VTE_VERSION', '6800'), ('CMAKE_PREFIX_PATH', '/opt/ros/humble')]), 'shell': False}
[0.766618] (compressed_depth_image_transport) StdoutLine: {'line': b'-- The C compiler identification is GNU 11.4.0\n'}
[0.767024] (compressed_depth_image_transport) StdoutLine: {'line': b'-- The CXX compiler identification is GNU 11.4.0\n'}
[0.767244] (compressed_depth_image_transport) StdoutLine: {'line': b'-- Detecting C compiler ABI info\n'}
[0.767624] (compressed_depth_image_transport) StdoutLine: {'line': b'-- Detecting C compiler ABI info - done\n'}
[0.767696] (compressed_depth_image_transport) StdoutLine: {'line': b'-- Check for working C compiler: /usr/bin/cc - skipped\n'}
[0.767762] (compressed_depth_image_transport) StdoutLine: {'line': b'-- Detecting C compile features\n'}
[0.767825] (compressed_depth_image_transport) StdoutLine: {'line': b'-- Detecting C compile features - done\n'}
[0.767888] (compressed_depth_image_transport) StdoutLine: {'line': b'-- Detecting CXX compiler ABI info\n'}
[0.767952] (compressed_depth_image_transport) StdoutLine: {'line': b'-- Detecting CXX compiler ABI info - done\n'}
[0.768015] (compressed_depth_image_transport) StdoutLine: {'line': b'-- Check for working CXX compiler: /usr/bin/c++ - skipped\n'}
[0.768079] (compressed_depth_image_transport) StdoutLine: {'line': b'-- Detecting CXX compile features\n'}
[0.768142] (compressed_depth_image_transport) StdoutLine: {'line': b'-- Detecting CXX compile features - done\n'}
[0.768661] (compressed_depth_image_transport) StdoutLine: {'line': b'-- Found ament_cmake: 1.3.14 (/opt/ros/humble/share/ament_cmake/cmake)\n'}
[0.768736] (compressed_depth_image_transport) StdoutLine: {'line': b'-- Found Python3: /usr/bin/python3 (found version "3.10.12") found components: Interpreter \n'}
[0.768803] (compressed_depth_image_transport) StdoutLine: {'line': b'-- Found image_transport: 3.1.12 (/opt/ros/humble/share/image_transport/cmake)\n'}
[0.768869] (compressed_depth_image_transport) StdoutLine: {'line': b'-- Found rosidl_generator_c: 3.1.8 (/opt/ros/humble/share/rosidl_generator_c/cmake)\n'}
[0.769036] (compressed_depth_image_transport) StdoutLine: {'line': b'-- Found rosidl_adapter: 3.1.8 (/opt/ros/humble/share/rosidl_adapter/cmake)\n'}
[0.769105] (compressed_depth_image_transport) StdoutLine: {'line': b'-- Found rosidl_generator_cpp: 3.1.8 (/opt/ros/humble/share/rosidl_generator_cpp/cmake)\n'}
[0.769659] (compressed_image_transport) StdoutLine: {'line': b'-- The C compiler identification is GNU 11.4.0\n'}
[0.769789] (compressed_image_transport) StdoutLine: {'line': b'-- The CXX compiler identification is GNU 11.4.0\n'}
[0.770134] (compressed_image_transport) StdoutLine: {'line': b'-- Detecting C compiler ABI info\n'}
[0.770263] (compressed_image_transport) StdoutLine: {'line': b'-- Detecting C compiler ABI info - done\n'}
[0.770874] (compressed_image_transport) StdoutLine: {'line': b'-- Check for working C compiler: /usr/bin/cc - skipped\n'}
[0.770944] (compressed_image_transport) StdoutLine: {'line': b'-- Detecting C compile features\n'}
[0.771005] (compressed_image_transport) StdoutLine: {'line': b'-- Detecting C compile features - done\n'}
[0.771064] (compressed_image_transport) StdoutLine: {'line': b'-- Detecting CXX compiler ABI info\n'}
[0.771122] (compressed_image_transport) StdoutLine: {'line': b'-- Detecting CXX compiler ABI info - done\n'}
[0.771364] (compressed_image_transport) StdoutLine: {'line': b'-- Check for working CXX compiler: /usr/bin/c++ - skipped\n'}
[0.771436] (compressed_image_transport) StdoutLine: {'line': b'-- Detecting CXX compile features\n'}
[0.771497] (compressed_image_transport) StdoutLine: {'line': b'-- Detecting CXX compile features - done\n'}
[0.771555] (compressed_image_transport) StdoutLine: {'line': b'-- Found ament_cmake: 1.3.14 (/opt/ros/humble/share/ament_cmake/cmake)\n'}
[0.771614] (compressed_image_transport) StdoutLine: {'line': b'-- Found Python3: /usr/bin/python3 (found version "3.10.12") found components: Interpreter \n'}
[0.771672] (compressed_image_transport) StdoutLine: {'line': b'-- Found image_transport: 3.1.12 (/opt/ros/humble/share/image_transport/cmake)\n'}
[0.771729] (compressed_image_transport) StdoutLine: {'line': b'-- Found rosidl_generator_c: 3.1.8 (/opt/ros/humble/share/rosidl_generator_c/cmake)\n'}
[0.771795] (compressed_image_transport) StdoutLine: {'line': b'-- Found rosidl_adapter: 3.1.8 (/opt/ros/humble/share/rosidl_adapter/cmake)\n'}
[0.771833] (compressed_image_transport) StdoutLine: {'line': b'-- Found rosidl_generator_cpp: 3.1.8 (/opt/ros/humble/share/rosidl_generator_cpp/cmake)\n'}
[0.771868] (compressed_image_transport) StdoutLine: {'line': b'-- Using all available rosidl_typesupport_c: rosidl_typesupport_fastrtps_c;rosidl_typesupport_introspection_c\n'}
[0.771905] (theora_image_transport) StdoutLine: {'line': b'-- The C compiler identification is GNU 11.4.0\n'}
[0.772007] (theora_image_transport) StdoutLine: {'line': b'-- The CXX compiler identification is GNU 11.4.0\n'}
[0.772058] (theora_image_transport) StdoutLine: {'line': b'-- Detecting C compiler ABI info\n'}
[0.772093] (theora_image_transport) StdoutLine: {'line': b'-- Detecting C compiler ABI info - done\n'}
[0.772127] (theora_image_transport) StdoutLine: {'line': b'-- Check for working C compiler: /usr/bin/cc - skipped\n'}
[0.772378] (theora_image_transport) StdoutLine: {'line': b'-- Detecting C compile features\n'}
[0.772445] (theora_image_transport) StdoutLine: {'line': b'-- Detecting C compile features - done\n'}
[0.772508] (theora_image_transport) StdoutLine: {'line': b'-- Detecting CXX compiler ABI info\n'}
[0.772733] (theora_image_transport) StdoutLine: {'line': b'-- Detecting CXX compiler ABI info - done\n'}
[0.772796] (theora_image_transport) StdoutLine: {'line': b'-- Check for working CXX compiler: /usr/bin/c++ - skipped\n'}
[0.772849] (theora_image_transport) StdoutLine: {'line': b'-- Detecting CXX compile features\n'}
[0.772884] (theora_image_transport) StdoutLine: {'line': b'-- Detecting CXX compile features - done\n'}
[0.772917] (theora_image_transport) StdoutLine: {'line': b'-- Found ament_cmake: 1.3.14 (/opt/ros/humble/share/ament_cmake/cmake)\n'}
[0.772950] (theora_image_transport) StdoutLine: {'line': b'-- Found Python3: /usr/bin/python3 (found version "3.10.12") found components: Interpreter \n'}
[0.772983] (theora_image_transport) StdoutLine: {'line': b'-- Found image_transport: 3.1.12 (/opt/ros/humble/share/image_transport/cmake)\n'}
[0.773034] (theora_image_transport) StdoutLine: {'line': b'-- Found rosidl_generator_c: 3.1.8 (/opt/ros/humble/share/rosidl_generator_c/cmake)\n'}
[0.773067] (theora_image_transport) StdoutLine: {'line': b'-- Found rosidl_adapter: 3.1.8 (/opt/ros/humble/share/rosidl_adapter/cmake)\n'}
[0.773099] (theora_image_transport) StdoutLine: {'line': b'-- Found rosidl_generator_cpp: 3.1.8 (/opt/ros/humble/share/rosidl_generator_cpp/cmake)\n'}
[0.773132] (theora_image_transport) StdoutLine: {'line': b'-- Using all available rosidl_typesupport_c: rosidl_typesupport_fastrtps_c;rosidl_typesupport_introspection_c\n'}
[0.773178] (compressed_depth_image_transport) StdoutLine: {'line': b'-- Using all available rosidl_typesupport_c: rosidl_typesupport_fastrtps_c;rosidl_typesupport_introspection_c\n'}
[0.784542] (compressed_depth_image_transport) StdoutLine: {'line': b'-- Using all available rosidl_typesupport_cpp: rosidl_typesupport_fastrtps_cpp;rosidl_typesupport_introspection_cpp\n'}
[0.785093] (theora_image_transport) StdoutLine: {'line': b'-- Using all available rosidl_typesupport_cpp: rosidl_typesupport_fastrtps_cpp;rosidl_typesupport_introspection_cpp\n'}
[0.785351] (compressed_image_transport) StdoutLine: {'line': b'-- Using all available rosidl_typesupport_cpp: rosidl_typesupport_fastrtps_cpp;rosidl_typesupport_introspection_cpp\n'}
[0.805428] (-) TimerEvent: {}
[0.820298] (project_interfaces) StdoutLine: {'line': b'-- The C compiler identification is GNU 11.4.0\n'}
[0.856252] (compressed_image_transport) StdoutLine: {'line': b'-- Found rmw_implementation_cmake: 6.1.2 (/opt/ros/humble/share/rmw_implementation_cmake/cmake)\n'}
[0.856460] (theora_image_transport) StdoutLine: {'line': b'-- Found rmw_implementation_cmake: 6.1.2 (/opt/ros/humble/share/rmw_implementation_cmake/cmake)\n'}
[0.856606] (compressed_depth_image_transport) StdoutLine: {'line': b'-- Found rmw_implementation_cmake: 6.1.2 (/opt/ros/humble/share/rmw_implementation_cmake/cmake)\n'}
[0.859237] (compressed_depth_image_transport) StdoutLine: {'line': b'-- Found rmw_fastrtps_cpp: 6.2.10 (/opt/ros/humble/share/rmw_fastrtps_cpp/cmake)\n'}
[0.859560] (theora_image_transport) StdoutLine: {'line': b'-- Found rmw_fastrtps_cpp: 6.2.10 (/opt/ros/humble/share/rmw_fastrtps_cpp/cmake)\n'}
[0.861433] (compressed_image_transport) StdoutLine: {'line': b'-- Found rmw_fastrtps_cpp: 6.2.10 (/opt/ros/humble/share/rmw_fastrtps_cpp/cmake)\n'}
[0.885657] (project_interfaces) StdoutLine: {'line': b'-- The CXX compiler identification is GNU 11.4.0\n'}
[0.896849] (project_interfaces) StdoutLine: {'line': b'-- Detecting C compiler ABI info\n'}
[0.905517] (-) TimerEvent: {}
[0.976865] (theora_image_transport) StdoutLine: {'line': b'-- Found OpenSSL: /usr/lib/x86_64-linux-gnu/libcrypto.so (found version "3.0.2")  \n'}
[0.977121] (compressed_image_transport) StdoutLine: {'line': b'-- Found OpenSSL: /usr/lib/x86_64-linux-gnu/libcrypto.so (found version "3.0.2")  \n'}
[0.982241] (compressed_depth_image_transport) StdoutLine: {'line': b'-- Found OpenSSL: /usr/lib/x86_64-linux-gnu/libcrypto.so (found version "3.0.2")  \n'}
[0.983481] (project_interfaces) StdoutLine: {'line': b'-- Detecting C compiler ABI info - done\n'}
[0.994964] (project_interfaces) StdoutLine: {'line': b'-- Check for working C compiler: /usr/bin/cc - skipped\n'}
[0.995274] (project_interfaces) StdoutLine: {'line': b'-- Detecting C compile features\n'}
[0.999265] (project_interfaces) StdoutLine: {'line': b'-- Detecting C compile features - done\n'}
[0.999503] (project_interfaces) StdoutLine: {'line': b'-- Detecting CXX compiler ABI info\n'}
[1.005611] (-) TimerEvent: {}
[1.008716] (theora_image_transport) StdoutLine: {'line': b'-- Found FastRTPS: /opt/ros/humble/include  \n'}
[1.017742] (compressed_depth_image_transport) StdoutLine: {'line': b'-- Found FastRTPS: /opt/ros/humble/include  \n'}
[1.019634] (compressed_image_transport) StdoutLine: {'line': b'-- Found FastRTPS: /opt/ros/humble/include  \n'}
[1.065274] (theora_image_transport) StdoutLine: {'line': b"-- Using RMW implementation 'rmw_fastrtps_cpp' as default\n"}
[1.072336] (compressed_depth_image_transport) StdoutLine: {'line': b"-- Using RMW implementation 'rmw_fastrtps_cpp' as default\n"}
[1.072803] (compressed_image_transport) StdoutLine: {'line': b"-- Using RMW implementation 'rmw_fastrtps_cpp' as default\n"}
[1.078221] (theora_image_transport) StdoutLine: {'line': b'-- Looking for pthread.h\n'}
[1.082236] (compressed_image_transport) StdoutLine: {'line': b'-- Looking for pthread.h\n'}
[1.086484] (compressed_depth_image_transport) StdoutLine: {'line': b'-- Looking for pthread.h\n'}
[1.105712] (-) TimerEvent: {}
[1.111700] (project_interfaces) StdoutLine: {'line': b'-- Detecting CXX compiler ABI info - done\n'}
[1.121733] (project_interfaces) StdoutLine: {'line': b'-- Check for working CXX compiler: /usr/bin/c++ - skipped\n'}
[1.122008] (project_interfaces) StdoutLine: {'line': b'-- Detecting CXX compile features\n'}
[1.122618] (project_interfaces) StdoutLine: {'line': b'-- Detecting CXX compile features - done\n'}
[1.124342] (project_interfaces) StdoutLine: {'line': b'-- Found ament_cmake: 1.3.14 (/opt/ros/humble/share/ament_cmake/cmake)\n'}
[1.170263] (compressed_image_transport) StdoutLine: {'line': b'-- Looking for pthread.h - found\n'}
[1.170469] (compressed_image_transport) StdoutLine: {'line': b'-- Performing Test CMAKE_HAVE_LIBC_PTHREAD\n'}
[1.180329] (theora_image_transport) StdoutLine: {'line': b'-- Looking for pthread.h - found\n'}
[1.180549] (theora_image_transport) StdoutLine: {'line': b'-- Performing Test CMAKE_HAVE_LIBC_PTHREAD\n'}
[1.180632] (compressed_depth_image_transport) StdoutLine: {'line': b'-- Looking for pthread.h - found\n'}
[1.180713] (compressed_depth_image_transport) StdoutLine: {'line': b'-- Performing Test CMAKE_HAVE_LIBC_PTHREAD\n'}
[1.206837] (-) TimerEvent: {}
[1.252584] (compressed_image_transport) StdoutLine: {'line': b'-- Performing Test CMAKE_HAVE_LIBC_PTHREAD - Success\n'}
[1.254013] (compressed_image_transport) StdoutLine: {'line': b'-- Found Threads: TRUE  \n'}
[1.269336] (compressed_depth_image_transport) StdoutLine: {'line': b'-- Performing Test CMAKE_HAVE_LIBC_PTHREAD - Success\n'}
[1.274214] (compressed_depth_image_transport) StdoutLine: {'line': b'-- Found Threads: TRUE  \n'}
[1.279000] (plots) Command: {'cmd': ['/usr/bin/python3', '-W', 'ignore:setup.py install is deprecated', '-W', 'ignore:easy_install command is deprecated', 'setup.py', 'egg_info', '--egg-base', '../../../build/plots', 'build', '--build-base', '/home/marco/marco/uni/magistrale/IDS_project/build/plots/build', 'install', '--record', '/home/marco/marco/uni/magistrale/IDS_project/build/plots/install.log', '--single-version-externally-managed', 'install_data'], 'cwd': '/home/marco/marco/uni/magistrale/IDS_project/ros2_ws/src/plots', 'env': {'LESSOPEN': '| /usr/bin/lesspipe %s', 'USER': 'marco', 'LC_TIME': 'it_IT.UTF-8', 'XDG_SESSION_TYPE': 'x11', 'SHLVL': '1', 'LD_LIBRARY_PATH': '/opt/ros/humble/opt/rviz_ogre_vendor/lib:/opt/ros/humble/lib/x86_64-linux-gnu:/opt/ros/humble/lib', 'HOME': '/home/marco', 'OLDPWD': '/home/marco/marco/uni/magistrale/IDS_project/ros2_ws', 'DESKTOP_SESSION': 'ubuntu', 'ROS_PYTHON_VERSION': '3', 'GNOME_SHELL_SESSION_MODE': 'ubuntu', 'GTK_MODULES': 'gail:atk-bridge', 'LC_MONETARY': 'it_IT.UTF-8', 'MANAGERPID': '1948', 'SYSTEMD_EXEC_PID': '2438', 'DBUS_SESSION_BUS_ADDRESS': 'unix:path=/run/user/1000/bus', 'COLORTERM': 'truecolor', 'TERMINATOR_DBUS_NAME': 'net.tenshu.Terminator23558193cd9818af7fe4d2c2f5bd9d00f', 'GIO_LAUNCHED_DESKTOP_FILE_PID': '5065', 'ROS_DISTRO': 'humble', 'GTK_IM_MODULE': 'ibus', 'LOGNAME': 'marco', 'JOURNAL_STREAM': '8:12126', '_': '/usr/bin/colcon', 'ROS_VERSION': '2', 'XDG_SESSION_CLASS': 'user', 'USERNAME': 'marco', 'TERM': 'xterm-256color', 'GNOME_DESKTOP_SESSION_ID': 'this-is-deprecated', 'ROS_LOCALHOST_ONLY': '0', 'WINDOWPATH': '2', 'PATH': '/opt/ros/humble/bin:/home/marco/.local/bin:/usr/local/sbin:/usr/local/bin:/usr/sbin:/usr/bin:/sbin:/bin:/usr/games:/usr/local/games:/snap/bin:/snap/bin', 'SESSION_MANAGER': 'local/marco-ub22:@/tmp/.ICE-unix/2241,unix/marco-ub22:/tmp/.ICE-unix/2241', 'INVOCATION_ID': '13ce98eb6ffe48af991f103afcdbba0c', 'XDG_MENU_PREFIX': 'gnome-', 'LC_ADDRESS': 'it_IT.UTF-8', 'XDG_RUNTIME_DIR': '/run/user/1000', 'DISPLAY': ':1', 'TERMINATOR_DBUS_PATH': '/net/tenshu/Terminator2', 'LANG': 'en_US.UTF-8', 'XDG_CURRENT_DESKTOP': 'ubuntu:GNOME', 'IBUS_DISABLE_SNOOPER': '1', 'LC_TELEPHONE': 'it_IT.UTF-8', 'XMODIFIERS': '@im=ibus', 'XDG_SESSION_DESKTOP': 'ubuntu', 'XAUTHORITY': '/run/user/1000/gdm/Xauthority', 'LS_COLORS': 'rs=0:di=01;34:ln=01;36:mh=00:pi=40;33:so=01;35:do=01;35:bd=40;33;01:cd=40;33;01:or=40;31;01:mi=00:su=37;41:sg=30;43:ca=30;41:tw=30;42:ow=34;42:st=37;44:ex=01;32:*.tar=01;31:*.tgz=01;31:*.arc=01;31:*.arj=01;31:*.taz=01;31:*.lha=01;31:*.lz4=01;31:*.lzh=01;31:*.lzma=01;31:*.tlz=01;31:*.txz=01;31:*.tzo=01;31:*.t7z=01;31:*.zip=01;31:*.z=01;31:*.dz=01;31:*.gz=01;31:*.lrz=01;31:*.lz=01;31:*.lzo=01;31:*.xz=01;31:*.zst=01;31:*.tzst=01;31:*.bz2=01;31:*.bz=01;31:*.tbz=01;31:*.tbz2=01;31:*.tz=01;31:*.deb=01;31:*.rpm=01;31:*.jar=01;31:*.war=01;31:*.ear=01;31:*.sar=01;31:*.rar=01;31:*.alz=01;31:*.ace=01;31:*.zoo=01;31:*.cpio=01;31:*.7z=01;31:*.rz=01;31:*.cab=01;31:*.wim=01;31:*.swm=01;31:*.dwm=01;31:*.esd=01;31:*.jpg=01;35:*.jpeg=01;35:*.mjpg=01;35:*.mjpeg=01;35:*.gif=01;35:*.bmp=01;35:*.pbm=01;35:*.pgm=01;35:*.ppm=01;35:*.tga=01;35:*.xbm=01;35:*.xpm=01;35:*.tif=01;35:*.tiff=01;35:*.png=01;35:*.svg=01;35:*.svgz=01;35:*.mng=01;35:*.pcx=01;35:*.mov=01;35:*.mpg=01;35:*.mpeg=01;35:*.m2v=01;35:*.mkv=01;35:*.webm=01;35:*.webp=01;35:*.ogm=01;35:*.mp4=01;35:*.m4v=01;35:*.mp4v=01;35:*.vob=01;35:*.qt=01;35:*.nuv=01;35:*.wmv=01;35:*.asf=01;35:*.rm=01;35:*.rmvb=01;35:*.flc=01;35:*.avi=01;35:*.fli=01;35:*.flv=01;35:*.gl=01;35:*.dl=01;35:*.xcf=01;35:*.xwd=01;35:*.yuv=01;35:*.cgm=01;35:*.emf=01;35:*.ogv=01;35:*.ogx=01;35:*.aac=00;36:*.au=00;36:*.flac=00;36:*.m4a=00;36:*.mid=00;36:*.midi=00;36:*.mka=00;36:*.mp3=00;36:*.mpc=00;36:*.ogg=00;36:*.ra=00;36:*.wav=00;36:*.oga=00;36:*.opus=00;36:*.spx=00;36:*.xspf=00;36:', 'SSH_AGENT_LAUNCHER': 'gnome-keyring', 'SSH_AUTH_SOCK': '/run/user/1000/keyring/ssh', 'ROS_DOMAIN_ID': '2', 'AMENT_PREFIX_PATH': '/opt/ros/humble', 'SHELL': '/bin/bash', 'LC_NAME': 'it_IT.UTF-8', 'TERMINATOR_UUID': 'urn:uuid:029eaee9-0711-4cf2-bfd1-7b9bd46242d4', 'QT_ACCESSIBILITY': '1', 'GDMSESSION': 'ubuntu', 'LESSCLOSE': '/usr/bin/lesspipe %s %s', 'LC_MEASUREMENT': 'it_IT.UTF-8', 'GPG_AGENT_INFO': '/run/user/1000/gnupg/S.gpg-agent:0:1', 'LC_IDENTIFICATION': 'it_IT.UTF-8', 'QT_IM_MODULE': 'ibus', 'PWD': '/home/marco/marco/uni/magistrale/IDS_project/build/plots', 'LC_ALL': 'en_US.UTF-8', 'XDG_CONFIG_DIRS': '/etc/xdg/xdg-ubuntu:/etc/xdg', 'XDG_DATA_DIRS': '/usr/share/ubuntu:/usr/share/gnome:/usr/local/share/:/usr/share/:/var/lib/snapd/desktop', 'PYTHONPATH': '/home/marco/marco/uni/magistrale/IDS_project/build/plots/prefix_override:/usr/lib/python3/dist-packages/colcon_core/task/python/colcon_distutils_commands:/home/marco/marco/uni/magistrale/IDS_project/install/plots/lib/python3.10/site-packages:/opt/ros/humble/lib/python3.10/site-packages:/opt/ros/humble/local/lib/python3.10/dist-packages', 'LC_NUMERIC': 'it_IT.UTF-8', 'LC_PAPER': 'it_IT.UTF-8', 'COLCON': '1', 'VTE_VERSION': '6800'}, 'shell': False}
[1.303217] (theora_image_transport) StdoutLine: {'line': b'-- Performing Test CMAKE_HAVE_LIBC_PTHREAD - Success\n'}
[1.303443] (theora_image_transport) StdoutLine: {'line': b'-- Found Threads: TRUE  \n'}
[1.306936] (-) TimerEvent: {}
[1.309830] (localization) Command: {'cmd': ['/usr/bin/python3', '-W', 'ignore:setup.py install is deprecated', '-W', 'ignore:easy_install command is deprecated', 'setup.py', 'egg_info', '--egg-base', '../../../build/localization', 'build', '--build-base', '/home/marco/marco/uni/magistrale/IDS_project/build/localization/build', 'install', '--record', '/home/marco/marco/uni/magistrale/IDS_project/build/localization/install.log', '--single-version-externally-managed', 'install_data'], 'cwd': '/home/marco/marco/uni/magistrale/IDS_project/ros2_ws/src/localization', 'env': {'LESSOPEN': '| /usr/bin/lesspipe %s', 'USER': 'marco', 'LC_TIME': 'it_IT.UTF-8', 'XDG_SESSION_TYPE': 'x11', 'SHLVL': '1', 'LD_LIBRARY_PATH': '/opt/ros/humble/opt/rviz_ogre_vendor/lib:/opt/ros/humble/lib/x86_64-linux-gnu:/opt/ros/humble/lib', 'HOME': '/home/marco', 'OLDPWD': '/home/marco/marco/uni/magistrale/IDS_project/ros2_ws', 'DESKTOP_SESSION': 'ubuntu', 'ROS_PYTHON_VERSION': '3', 'GNOME_SHELL_SESSION_MODE': 'ubuntu', 'GTK_MODULES': 'gail:atk-bridge', 'LC_MONETARY': 'it_IT.UTF-8', 'MANAGERPID': '1948', 'SYSTEMD_EXEC_PID': '2438', 'DBUS_SESSION_BUS_ADDRESS': 'unix:path=/run/user/1000/bus', 'COLORTERM': 'truecolor', 'TERMINATOR_DBUS_NAME': 'net.tenshu.Terminator23558193cd9818af7fe4d2c2f5bd9d00f', 'GIO_LAUNCHED_DESKTOP_FILE_PID': '5065', 'ROS_DISTRO': 'humble', 'GTK_IM_MODULE': 'ibus', 'LOGNAME': 'marco', 'JOURNAL_STREAM': '8:12126', '_': '/usr/bin/colcon', 'ROS_VERSION': '2', 'XDG_SESSION_CLASS': 'user', 'USERNAME': 'marco', 'TERM': 'xterm-256color', 'GNOME_DESKTOP_SESSION_ID': 'this-is-deprecated', 'ROS_LOCALHOST_ONLY': '0', 'WINDOWPATH': '2', 'PATH': '/opt/ros/humble/bin:/home/marco/.local/bin:/usr/local/sbin:/usr/local/bin:/usr/sbin:/usr/bin:/sbin:/bin:/usr/games:/usr/local/games:/snap/bin:/snap/bin', 'SESSION_MANAGER': 'local/marco-ub22:@/tmp/.ICE-unix/2241,unix/marco-ub22:/tmp/.ICE-unix/2241', 'INVOCATION_ID': '13ce98eb6ffe48af991f103afcdbba0c', 'XDG_MENU_PREFIX': 'gnome-', 'LC_ADDRESS': 'it_IT.UTF-8', 'XDG_RUNTIME_DIR': '/run/user/1000', 'DISPLAY': ':1', 'TERMINATOR_DBUS_PATH': '/net/tenshu/Terminator2', 'LANG': 'en_US.UTF-8', 'XDG_CURRENT_DESKTOP': 'ubuntu:GNOME', 'IBUS_DISABLE_SNOOPER': '1', 'LC_TELEPHONE': 'it_IT.UTF-8', 'XMODIFIERS': '@im=ibus', 'XDG_SESSION_DESKTOP': 'ubuntu', 'XAUTHORITY': '/run/user/1000/gdm/Xauthority', 'LS_COLORS': 'rs=0:di=01;34:ln=01;36:mh=00:pi=40;33:so=01;35:do=01;35:bd=40;33;01:cd=40;33;01:or=40;31;01:mi=00:su=37;41:sg=30;43:ca=30;41:tw=30;42:ow=34;42:st=37;44:ex=01;32:*.tar=01;31:*.tgz=01;31:*.arc=01;31:*.arj=01;31:*.taz=01;31:*.lha=01;31:*.lz4=01;31:*.lzh=01;31:*.lzma=01;31:*.tlz=01;31:*.txz=01;31:*.tzo=01;31:*.t7z=01;31:*.zip=01;31:*.z=01;31:*.dz=01;31:*.gz=01;31:*.lrz=01;31:*.lz=01;31:*.lzo=01;31:*.xz=01;31:*.zst=01;31:*.tzst=01;31:*.bz2=01;31:*.bz=01;31:*.tbz=01;31:*.tbz2=01;31:*.tz=01;31:*.deb=01;31:*.rpm=01;31:*.jar=01;31:*.war=01;31:*.ear=01;31:*.sar=01;31:*.rar=01;31:*.alz=01;31:*.ace=01;31:*.zoo=01;31:*.cpio=01;31:*.7z=01;31:*.rz=01;31:*.cab=01;31:*.wim=01;31:*.swm=01;31:*.dwm=01;31:*.esd=01;31:*.jpg=01;35:*.jpeg=01;35:*.mjpg=01;35:*.mjpeg=01;35:*.gif=01;35:*.bmp=01;35:*.pbm=01;35:*.pgm=01;35:*.ppm=01;35:*.tga=01;35:*.xbm=01;35:*.xpm=01;35:*.tif=01;35:*.tiff=01;35:*.png=01;35:*.svg=01;35:*.svgz=01;35:*.mng=01;35:*.pcx=01;35:*.mov=01;35:*.mpg=01;35:*.mpeg=01;35:*.m2v=01;35:*.mkv=01;35:*.webm=01;35:*.webp=01;35:*.ogm=01;35:*.mp4=01;35:*.m4v=01;35:*.mp4v=01;35:*.vob=01;35:*.qt=01;35:*.nuv=01;35:*.wmv=01;35:*.asf=01;35:*.rm=01;35:*.rmvb=01;35:*.flc=01;35:*.avi=01;35:*.fli=01;35:*.flv=01;35:*.gl=01;35:*.dl=01;35:*.xcf=01;35:*.xwd=01;35:*.yuv=01;35:*.cgm=01;35:*.emf=01;35:*.ogv=01;35:*.ogx=01;35:*.aac=00;36:*.au=00;36:*.flac=00;36:*.m4a=00;36:*.mid=00;36:*.midi=00;36:*.mka=00;36:*.mp3=00;36:*.mpc=00;36:*.ogg=00;36:*.ra=00;36:*.wav=00;36:*.oga=00;36:*.opus=00;36:*.spx=00;36:*.xspf=00;36:', 'SSH_AGENT_LAUNCHER': 'gnome-keyring', 'SSH_AUTH_SOCK': '/run/user/1000/keyring/ssh', 'ROS_DOMAIN_ID': '2', 'AMENT_PREFIX_PATH': '/opt/ros/humble', 'SHELL': '/bin/bash', 'LC_NAME': 'it_IT.UTF-8', 'TERMINATOR_UUID': 'urn:uuid:029eaee9-0711-4cf2-bfd1-7b9bd46242d4', 'QT_ACCESSIBILITY': '1', 'GDMSESSION': 'ubuntu', 'LESSCLOSE': '/usr/bin/lesspipe %s %s', 'LC_MEASUREMENT': 'it_IT.UTF-8', 'GPG_AGENT_INFO': '/run/user/1000/gnupg/S.gpg-agent:0:1', 'LC_IDENTIFICATION': 'it_IT.UTF-8', 'QT_IM_MODULE': 'ibus', 'PWD': '/home/marco/marco/uni/magistrale/IDS_project/build/localization', 'LC_ALL': 'en_US.UTF-8', 'XDG_CONFIG_DIRS': '/etc/xdg/xdg-ubuntu:/etc/xdg', 'XDG_DATA_DIRS': '/usr/share/ubuntu:/usr/share/gnome:/usr/local/share/:/usr/share/:/var/lib/snapd/desktop', 'PYTHONPATH': '/home/marco/marco/uni/magistrale/IDS_project/build/localization/prefix_override:/usr/lib/python3/dist-packages/colcon_core/task/python/colcon_distutils_commands:/home/marco/marco/uni/magistrale/IDS_project/install/localization/lib/python3.10/site-packages:/opt/ros/humble/lib/python3.10/site-packages:/opt/ros/humble/local/lib/python3.10/dist-packages', 'LC_NUMERIC': 'it_IT.UTF-8', 'LC_PAPER': 'it_IT.UTF-8', 'COLCON': '1', 'VTE_VERSION': '6800'}, 'shell': False}
[1.334253] (limo_control) Command: {'cmd': ['/usr/bin/python3', '-W', 'ignore:setup.py install is deprecated', '-W', 'ignore:easy_install command is deprecated', 'setup.py', 'egg_info', '--egg-base', '../../../build/limo_control', 'build', '--build-base', '/home/marco/marco/uni/magistrale/IDS_project/build/limo_control/build', 'install', '--record', '/home/marco/marco/uni/magistrale/IDS_project/build/limo_control/install.log', '--single-version-externally-managed', 'install_data'], 'cwd': '/home/marco/marco/uni/magistrale/IDS_project/ros2_ws/src/limo_control', 'env': {'LESSOPEN': '| /usr/bin/lesspipe %s', 'USER': 'marco', 'LC_TIME': 'it_IT.UTF-8', 'XDG_SESSION_TYPE': 'x11', 'SHLVL': '1', 'LD_LIBRARY_PATH': '/opt/ros/humble/opt/rviz_ogre_vendor/lib:/opt/ros/humble/lib/x86_64-linux-gnu:/opt/ros/humble/lib', 'HOME': '/home/marco', 'OLDPWD': '/home/marco/marco/uni/magistrale/IDS_project/ros2_ws', 'DESKTOP_SESSION': 'ubuntu', 'ROS_PYTHON_VERSION': '3', 'GNOME_SHELL_SESSION_MODE': 'ubuntu', 'GTK_MODULES': 'gail:atk-bridge', 'LC_MONETARY': 'it_IT.UTF-8', 'MANAGERPID': '1948', 'SYSTEMD_EXEC_PID': '2438', 'DBUS_SESSION_BUS_ADDRESS': 'unix:path=/run/user/1000/bus', 'COLORTERM': 'truecolor', 'TERMINATOR_DBUS_NAME': 'net.tenshu.Terminator23558193cd9818af7fe4d2c2f5bd9d00f', 'GIO_LAUNCHED_DESKTOP_FILE_PID': '5065', 'ROS_DISTRO': 'humble', 'GTK_IM_MODULE': 'ibus', 'LOGNAME': 'marco', 'JOURNAL_STREAM': '8:12126', '_': '/usr/bin/colcon', 'ROS_VERSION': '2', 'XDG_SESSION_CLASS': 'user', 'USERNAME': 'marco', 'TERM': 'xterm-256color', 'GNOME_DESKTOP_SESSION_ID': 'this-is-deprecated', 'ROS_LOCALHOST_ONLY': '0', 'WINDOWPATH': '2', 'PATH': '/opt/ros/humble/bin:/home/marco/.local/bin:/usr/local/sbin:/usr/local/bin:/usr/sbin:/usr/bin:/sbin:/bin:/usr/games:/usr/local/games:/snap/bin:/snap/bin', 'SESSION_MANAGER': 'local/marco-ub22:@/tmp/.ICE-unix/2241,unix/marco-ub22:/tmp/.ICE-unix/2241', 'INVOCATION_ID': '13ce98eb6ffe48af991f103afcdbba0c', 'XDG_MENU_PREFIX': 'gnome-', 'LC_ADDRESS': 'it_IT.UTF-8', 'XDG_RUNTIME_DIR': '/run/user/1000', 'DISPLAY': ':1', 'TERMINATOR_DBUS_PATH': '/net/tenshu/Terminator2', 'LANG': 'en_US.UTF-8', 'XDG_CURRENT_DESKTOP': 'ubuntu:GNOME', 'IBUS_DISABLE_SNOOPER': '1', 'LC_TELEPHONE': 'it_IT.UTF-8', 'XMODIFIERS': '@im=ibus', 'XDG_SESSION_DESKTOP': 'ubuntu', 'XAUTHORITY': '/run/user/1000/gdm/Xauthority', 'LS_COLORS': 'rs=0:di=01;34:ln=01;36:mh=00:pi=40;33:so=01;35:do=01;35:bd=40;33;01:cd=40;33;01:or=40;31;01:mi=00:su=37;41:sg=30;43:ca=30;41:tw=30;42:ow=34;42:st=37;44:ex=01;32:*.tar=01;31:*.tgz=01;31:*.arc=01;31:*.arj=01;31:*.taz=01;31:*.lha=01;31:*.lz4=01;31:*.lzh=01;31:*.lzma=01;31:*.tlz=01;31:*.txz=01;31:*.tzo=01;31:*.t7z=01;31:*.zip=01;31:*.z=01;31:*.dz=01;31:*.gz=01;31:*.lrz=01;31:*.lz=01;31:*.lzo=01;31:*.xz=01;31:*.zst=01;31:*.tzst=01;31:*.bz2=01;31:*.bz=01;31:*.tbz=01;31:*.tbz2=01;31:*.tz=01;31:*.deb=01;31:*.rpm=01;31:*.jar=01;31:*.war=01;31:*.ear=01;31:*.sar=01;31:*.rar=01;31:*.alz=01;31:*.ace=01;31:*.zoo=01;31:*.cpio=01;31:*.7z=01;31:*.rz=01;31:*.cab=01;31:*.wim=01;31:*.swm=01;31:*.dwm=01;31:*.esd=01;31:*.jpg=01;35:*.jpeg=01;35:*.mjpg=01;35:*.mjpeg=01;35:*.gif=01;35:*.bmp=01;35:*.pbm=01;35:*.pgm=01;35:*.ppm=01;35:*.tga=01;35:*.xbm=01;35:*.xpm=01;35:*.tif=01;35:*.tiff=01;35:*.png=01;35:*.svg=01;35:*.svgz=01;35:*.mng=01;35:*.pcx=01;35:*.mov=01;35:*.mpg=01;35:*.mpeg=01;35:*.m2v=01;35:*.mkv=01;35:*.webm=01;35:*.webp=01;35:*.ogm=01;35:*.mp4=01;35:*.m4v=01;35:*.mp4v=01;35:*.vob=01;35:*.qt=01;35:*.nuv=01;35:*.wmv=01;35:*.asf=01;35:*.rm=01;35:*.rmvb=01;35:*.flc=01;35:*.avi=01;35:*.fli=01;35:*.flv=01;35:*.gl=01;35:*.dl=01;35:*.xcf=01;35:*.xwd=01;35:*.yuv=01;35:*.cgm=01;35:*.emf=01;35:*.ogv=01;35:*.ogx=01;35:*.aac=00;36:*.au=00;36:*.flac=00;36:*.m4a=00;36:*.mid=00;36:*.midi=00;36:*.mka=00;36:*.mp3=00;36:*.mpc=00;36:*.ogg=00;36:*.ra=00;36:*.wav=00;36:*.oga=00;36:*.opus=00;36:*.spx=00;36:*.xspf=00;36:', 'SSH_AGENT_LAUNCHER': 'gnome-keyring', 'SSH_AUTH_SOCK': '/run/user/1000/keyring/ssh', 'ROS_DOMAIN_ID': '2', 'AMENT_PREFIX_PATH': '/opt/ros/humble', 'SHELL': '/bin/bash', 'LC_NAME': 'it_IT.UTF-8', 'TERMINATOR_UUID': 'urn:uuid:029eaee9-0711-4cf2-bfd1-7b9bd46242d4', 'QT_ACCESSIBILITY': '1', 'GDMSESSION': 'ubuntu', 'LESSCLOSE': '/usr/bin/lesspipe %s %s', 'LC_MEASUREMENT': 'it_IT.UTF-8', 'GPG_AGENT_INFO': '/run/user/1000/gnupg/S.gpg-agent:0:1', 'LC_IDENTIFICATION': 'it_IT.UTF-8', 'QT_IM_MODULE': 'ibus', 'PWD': '/home/marco/marco/uni/magistrale/IDS_project/build/limo_control', 'LC_ALL': 'en_US.UTF-8', 'XDG_CONFIG_DIRS': '/etc/xdg/xdg-ubuntu:/etc/xdg', 'XDG_DATA_DIRS': '/usr/share/ubuntu:/usr/share/gnome:/usr/local/share/:/usr/share/:/var/lib/snapd/desktop', 'PYTHONPATH': '/home/marco/marco/uni/magistrale/IDS_project/build/limo_control/prefix_override:/usr/lib/python3/dist-packages/colcon_core/task/python/colcon_distutils_commands:/home/marco/marco/uni/magistrale/IDS_project/install/limo_control/lib/python3.10/site-packages:/opt/ros/humble/lib/python3.10/site-packages:/opt/ros/humble/local/lib/python3.10/dist-packages', 'LC_NUMERIC': 'it_IT.UTF-8', 'LC_PAPER': 'it_IT.UTF-8', 'COLCON': '1', 'VTE_VERSION': '6800'}, 'shell': False}
[1.372226] (limo_description) Command: {'cmd': ['/usr/bin/python3', '-W', 'ignore:setup.py install is deprecated', '-W', 'ignore:easy_install command is deprecated', 'setup.py', 'egg_info', '--egg-base', '../../../build/limo_description', 'build', '--build-base', '/home/marco/marco/uni/magistrale/IDS_project/build/limo_description/build', 'install', '--record', '/home/marco/marco/uni/magistrale/IDS_project/build/limo_description/install.log', '--single-version-externally-managed', 'install_data'], 'cwd': '/home/marco/marco/uni/magistrale/IDS_project/ros2_ws/src/limo_description', 'env': {'LESSOPEN': '| /usr/bin/lesspipe %s', 'USER': 'marco', 'LC_TIME': 'it_IT.UTF-8', 'XDG_SESSION_TYPE': 'x11', 'SHLVL': '1', 'LD_LIBRARY_PATH': '/opt/ros/humble/opt/rviz_ogre_vendor/lib:/opt/ros/humble/lib/x86_64-linux-gnu:/opt/ros/humble/lib', 'HOME': '/home/marco', 'OLDPWD': '/home/marco/marco/uni/magistrale/IDS_project/ros2_ws', 'DESKTOP_SESSION': 'ubuntu', 'ROS_PYTHON_VERSION': '3', 'GNOME_SHELL_SESSION_MODE': 'ubuntu', 'GTK_MODULES': 'gail:atk-bridge', 'LC_MONETARY': 'it_IT.UTF-8', 'MANAGERPID': '1948', 'SYSTEMD_EXEC_PID': '2438', 'DBUS_SESSION_BUS_ADDRESS': 'unix:path=/run/user/1000/bus', 'COLORTERM': 'truecolor', 'TERMINATOR_DBUS_NAME': 'net.tenshu.Terminator23558193cd9818af7fe4d2c2f5bd9d00f', 'GIO_LAUNCHED_DESKTOP_FILE_PID': '5065', 'ROS_DISTRO': 'humble', 'GTK_IM_MODULE': 'ibus', 'LOGNAME': 'marco', 'JOURNAL_STREAM': '8:12126', '_': '/usr/bin/colcon', 'ROS_VERSION': '2', 'XDG_SESSION_CLASS': 'user', 'USERNAME': 'marco', 'TERM': 'xterm-256color', 'GNOME_DESKTOP_SESSION_ID': 'this-is-deprecated', 'ROS_LOCALHOST_ONLY': '0', 'WINDOWPATH': '2', 'PATH': '/opt/ros/humble/bin:/home/marco/.local/bin:/usr/local/sbin:/usr/local/bin:/usr/sbin:/usr/bin:/sbin:/bin:/usr/games:/usr/local/games:/snap/bin:/snap/bin', 'SESSION_MANAGER': 'local/marco-ub22:@/tmp/.ICE-unix/2241,unix/marco-ub22:/tmp/.ICE-unix/2241', 'INVOCATION_ID': '13ce98eb6ffe48af991f103afcdbba0c', 'XDG_MENU_PREFIX': 'gnome-', 'LC_ADDRESS': 'it_IT.UTF-8', 'XDG_RUNTIME_DIR': '/run/user/1000', 'DISPLAY': ':1', 'TERMINATOR_DBUS_PATH': '/net/tenshu/Terminator2', 'LANG': 'en_US.UTF-8', 'XDG_CURRENT_DESKTOP': 'ubuntu:GNOME', 'IBUS_DISABLE_SNOOPER': '1', 'LC_TELEPHONE': 'it_IT.UTF-8', 'XMODIFIERS': '@im=ibus', 'XDG_SESSION_DESKTOP': 'ubuntu', 'XAUTHORITY': '/run/user/1000/gdm/Xauthority', 'LS_COLORS': 'rs=0:di=01;34:ln=01;36:mh=00:pi=40;33:so=01;35:do=01;35:bd=40;33;01:cd=40;33;01:or=40;31;01:mi=00:su=37;41:sg=30;43:ca=30;41:tw=30;42:ow=34;42:st=37;44:ex=01;32:*.tar=01;31:*.tgz=01;31:*.arc=01;31:*.arj=01;31:*.taz=01;31:*.lha=01;31:*.lz4=01;31:*.lzh=01;31:*.lzma=01;31:*.tlz=01;31:*.txz=01;31:*.tzo=01;31:*.t7z=01;31:*.zip=01;31:*.z=01;31:*.dz=01;31:*.gz=01;31:*.lrz=01;31:*.lz=01;31:*.lzo=01;31:*.xz=01;31:*.zst=01;31:*.tzst=01;31:*.bz2=01;31:*.bz=01;31:*.tbz=01;31:*.tbz2=01;31:*.tz=01;31:*.deb=01;31:*.rpm=01;31:*.jar=01;31:*.war=01;31:*.ear=01;31:*.sar=01;31:*.rar=01;31:*.alz=01;31:*.ace=01;31:*.zoo=01;31:*.cpio=01;31:*.7z=01;31:*.rz=01;31:*.cab=01;31:*.wim=01;31:*.swm=01;31:*.dwm=01;31:*.esd=01;31:*.jpg=01;35:*.jpeg=01;35:*.mjpg=01;35:*.mjpeg=01;35:*.gif=01;35:*.bmp=01;35:*.pbm=01;35:*.pgm=01;35:*.ppm=01;35:*.tga=01;35:*.xbm=01;35:*.xpm=01;35:*.tif=01;35:*.tiff=01;35:*.png=01;35:*.svg=01;35:*.svgz=01;35:*.mng=01;35:*.pcx=01;35:*.mov=01;35:*.mpg=01;35:*.mpeg=01;35:*.m2v=01;35:*.mkv=01;35:*.webm=01;35:*.webp=01;35:*.ogm=01;35:*.mp4=01;35:*.m4v=01;35:*.mp4v=01;35:*.vob=01;35:*.qt=01;35:*.nuv=01;35:*.wmv=01;35:*.asf=01;35:*.rm=01;35:*.rmvb=01;35:*.flc=01;35:*.avi=01;35:*.fli=01;35:*.flv=01;35:*.gl=01;35:*.dl=01;35:*.xcf=01;35:*.xwd=01;35:*.yuv=01;35:*.cgm=01;35:*.emf=01;35:*.ogv=01;35:*.ogx=01;35:*.aac=00;36:*.au=00;36:*.flac=00;36:*.m4a=00;36:*.mid=00;36:*.midi=00;36:*.mka=00;36:*.mp3=00;36:*.mpc=00;36:*.ogg=00;36:*.ra=00;36:*.wav=00;36:*.oga=00;36:*.opus=00;36:*.spx=00;36:*.xspf=00;36:', 'SSH_AGENT_LAUNCHER': 'gnome-keyring', 'SSH_AUTH_SOCK': '/run/user/1000/keyring/ssh', 'ROS_DOMAIN_ID': '2', 'AMENT_PREFIX_PATH': '/opt/ros/humble', 'SHELL': '/bin/bash', 'LC_NAME': 'it_IT.UTF-8', 'TERMINATOR_UUID': 'urn:uuid:029eaee9-0711-4cf2-bfd1-7b9bd46242d4', 'QT_ACCESSIBILITY': '1', 'GDMSESSION': 'ubuntu', 'LESSCLOSE': '/usr/bin/lesspipe %s %s', 'LC_MEASUREMENT': 'it_IT.UTF-8', 'GPG_AGENT_INFO': '/run/user/1000/gnupg/S.gpg-agent:0:1', 'LC_IDENTIFICATION': 'it_IT.UTF-8', 'QT_IM_MODULE': 'ibus', 'PWD': '/home/marco/marco/uni/magistrale/IDS_project/build/limo_description', 'LC_ALL': 'en_US.UTF-8', 'XDG_CONFIG_DIRS': '/etc/xdg/xdg-ubuntu:/etc/xdg', 'XDG_DATA_DIRS': '/usr/share/ubuntu:/usr/share/gnome:/usr/local/share/:/usr/share/:/var/lib/snapd/desktop', 'PYTHONPATH': '/home/marco/marco/uni/magistrale/IDS_project/build/limo_description/prefix_override:/usr/lib/python3/dist-packages/colcon_core/task/python/colcon_distutils_commands:/home/marco/marco/uni/magistrale/IDS_project/install/limo_description/lib/python3.10/site-packages:/opt/ros/humble/lib/python3.10/site-packages:/opt/ros/humble/local/lib/python3.10/dist-packages', 'LC_NUMERIC': 'it_IT.UTF-8', 'LC_PAPER': 'it_IT.UTF-8', 'COLCON': '1', 'VTE_VERSION': '6800'}, 'shell': False}
[1.407826] (-) TimerEvent: {}
[1.449546] (compressed_image_transport) StdoutLine: {'line': b'-- Found cv_bridge: 3.2.1 (/opt/ros/humble/share/cv_bridge/cmake)\n'}
[1.451107] (compressed_depth_image_transport) StdoutLine: {'line': b'-- Found cv_bridge: 3.2.1 (/opt/ros/humble/share/cv_bridge/cmake)\n'}
[1.453098] (theora_image_transport) StdoutLine: {'line': b'-- Found cv_bridge: 3.2.1 (/opt/ros/humble/share/cv_bridge/cmake)\n'}
[1.468464] (theora_image_transport) StdoutLine: {'line': b'-- Found rosidl_default_generators: 1.2.1 (/opt/ros/humble/share/rosidl_default_generators/cmake)\n'}
[1.469830] (compressed_image_transport) StdoutLine: {'line': b'-- Found OpenCV: /usr (found version "4.5.4") \n'}
[1.470847] (compressed_depth_image_transport) StdoutLine: {'line': b'-- Found OpenCV: /usr (found version "4.5.4") \n'}
[1.489578] (theora_image_transport) StdoutLine: {'line': b'-- Found OpenCV: /usr (found version "4.5.4") found components: imgproc \n'}
[1.498634] (theora_image_transport) StdoutLine: {'line': b'-- Found PkgConfig: /usr/bin/pkg-config (found version "0.29.2") \n'}
[1.499579] (theora_image_transport) StdoutLine: {'line': b"-- Checking for module 'ogg'\n"}
[1.509488] (-) TimerEvent: {}
[1.528912] (theora_image_transport) StdoutLine: {'line': b'--   Found ogg, version 1.3.5\n'}
[1.578285] (theora_image_transport) StdoutLine: {'line': b"-- Checking for module 'theora'\n"}
[1.597924] (theora_image_transport) StdoutLine: {'line': b'--   Found theora, version 1.1.1\n'}
[1.603687] (plots) StdoutLine: {'line': b'running egg_info\n'}
[1.605450] (compressed_depth_image_transport) StdoutLine: {'line': b'-- Configuring done\n'}
[1.609522] (-) TimerEvent: {}
[1.614564] (compressed_image_transport) StdoutLine: {'line': b'-- Configuring done\n'}
[1.614913] (localization) StdoutLine: {'line': b'running egg_info\n'}
[1.623119] (plots) StdoutLine: {'line': b'creating ../../../build/plots/plots.egg-info\n'}
[1.623375] (plots) StdoutLine: {'line': b'writing ../../../build/plots/plots.egg-info/PKG-INFO\n'}
[1.624204] (plots) StdoutLine: {'line': b'writing dependency_links to ../../../build/plots/plots.egg-info/dependency_links.txt\n'}
[1.624672] (plots) StdoutLine: {'line': b'writing entry points to ../../../build/plots/plots.egg-info/entry_points.txt\n'}
[1.624781] (plots) StdoutLine: {'line': b'writing requirements to ../../../build/plots/plots.egg-info/requires.txt\n'}
[1.624887] (plots) StdoutLine: {'line': b'writing top-level names to ../../../build/plots/plots.egg-info/top_level.txt\n'}
[1.625012] (plots) StdoutLine: {'line': b"writing manifest file '../../../build/plots/plots.egg-info/SOURCES.txt'\n"}
[1.628623] (compressed_depth_image_transport) StdoutLine: {'line': b'-- Generating done\n'}
[1.631828] (project_interfaces) StdoutLine: {'line': b'-- Found Python3: /usr/bin/python3 (found version "3.10.12") found components: Interpreter \n'}
[1.632492] (compressed_depth_image_transport) StdoutLine: {'line': b'-- Build files have been written to: /home/marco/marco/uni/magistrale/IDS_project/build/compressed_depth_image_transport\n'}
[1.634307] (localization) StdoutLine: {'line': b'creating ../../../build/localization/localization.egg-info\n'}
[1.634625] (localization) StdoutLine: {'line': b'writing ../../../build/localization/localization.egg-info/PKG-INFO\n'}
[1.635299] (localization) StdoutLine: {'line': b'writing dependency_links to ../../../build/localization/localization.egg-info/dependency_links.txt\n'}
[1.635559] (localization) StdoutLine: {'line': b'writing entry points to ../../../build/localization/localization.egg-info/entry_points.txt\n'}
[1.636078] (localization) StdoutLine: {'line': b'writing requirements to ../../../build/localization/localization.egg-info/requires.txt\n'}
[1.637978] (localization) StdoutLine: {'line': b'writing top-level names to ../../../build/localization/localization.egg-info/top_level.txt\n'}
[1.638077] (localization) StdoutLine: {'line': b"writing manifest file '../../../build/localization/localization.egg-info/SOURCES.txt'\n"}
[1.641314] (theora_image_transport) StdoutLine: {'line': b"-- Checking for module 'theoraenc'\n"}
[1.642522] (compressed_image_transport) StdoutLine: {'line': b'-- Generating done\n'}
[1.651135] (compressed_depth_image_transport) CommandEnded: {'returncode': 0}
[1.653198] (compressed_depth_image_transport) JobProgress: {'identifier': 'compressed_depth_image_transport', 'progress': 'build'}
[1.653263] (compressed_depth_image_transport) Command: {'cmd': ['/usr/bin/cmake', '--build', '/home/marco/marco/uni/magistrale/IDS_project/build/compressed_depth_image_transport', '--', '-j8', '-l8'], 'cwd': '/home/marco/marco/uni/magistrale/IDS_project/build/compressed_depth_image_transport', 'env': OrderedDict([('LESSOPEN', '| /usr/bin/lesspipe %s'), ('USER', 'marco'), ('LC_TIME', 'it_IT.UTF-8'), ('XDG_SESSION_TYPE', 'x11'), ('SHLVL', '1'), ('LD_LIBRARY_PATH', '/opt/ros/humble/opt/rviz_ogre_vendor/lib:/opt/ros/humble/lib/x86_64-linux-gnu:/opt/ros/humble/lib'), ('HOME', '/home/marco'), ('OLDPWD', '/home/marco/marco/uni/magistrale/IDS_project/ros2_ws'), ('DESKTOP_SESSION', 'ubuntu'), ('ROS_PYTHON_VERSION', '3'), ('GNOME_SHELL_SESSION_MODE', 'ubuntu'), ('GTK_MODULES', 'gail:atk-bridge'), ('LC_MONETARY', 'it_IT.UTF-8'), ('MANAGERPID', '1948'), ('SYSTEMD_EXEC_PID', '2438'), ('DBUS_SESSION_BUS_ADDRESS', 'unix:path=/run/user/1000/bus'), ('COLORTERM', 'truecolor'), ('TERMINATOR_DBUS_NAME', 'net.tenshu.Terminator23558193cd9818af7fe4d2c2f5bd9d00f'), ('GIO_LAUNCHED_DESKTOP_FILE_PID', '5065'), ('ROS_DISTRO', 'humble'), ('GTK_IM_MODULE', 'ibus'), ('LOGNAME', 'marco'), ('JOURNAL_STREAM', '8:12126'), ('_', '/usr/bin/colcon'), ('ROS_VERSION', '2'), ('XDG_SESSION_CLASS', 'user'), ('USERNAME', 'marco'), ('TERM', 'xterm-256color'), ('GNOME_DESKTOP_SESSION_ID', 'this-is-deprecated'), ('ROS_LOCALHOST_ONLY', '0'), ('WINDOWPATH', '2'), ('PATH', '/opt/ros/humble/bin:/home/marco/.local/bin:/usr/local/sbin:/usr/local/bin:/usr/sbin:/usr/bin:/sbin:/bin:/usr/games:/usr/local/games:/snap/bin:/snap/bin'), ('SESSION_MANAGER', 'local/marco-ub22:@/tmp/.ICE-unix/2241,unix/marco-ub22:/tmp/.ICE-unix/2241'), ('INVOCATION_ID', '13ce98eb6ffe48af991f103afcdbba0c'), ('XDG_MENU_PREFIX', 'gnome-'), ('LC_ADDRESS', 'it_IT.UTF-8'), ('XDG_RUNTIME_DIR', '/run/user/1000'), ('DISPLAY', ':1'), ('TERMINATOR_DBUS_PATH', '/net/tenshu/Terminator2'), ('LANG', 'en_US.UTF-8'), ('XDG_CURRENT_DESKTOP', 'ubuntu:GNOME'), ('IBUS_DISABLE_SNOOPER', '1'), ('LC_TELEPHONE', 'it_IT.UTF-8'), ('XMODIFIERS', '@im=ibus'), ('XDG_SESSION_DESKTOP', 'ubuntu'), ('XAUTHORITY', '/run/user/1000/gdm/Xauthority'), ('LS_COLORS', 'rs=0:di=01;34:ln=01;36:mh=00:pi=40;33:so=01;35:do=01;35:bd=40;33;01:cd=40;33;01:or=40;31;01:mi=00:su=37;41:sg=30;43:ca=30;41:tw=30;42:ow=34;42:st=37;44:ex=01;32:*.tar=01;31:*.tgz=01;31:*.arc=01;31:*.arj=01;31:*.taz=01;31:*.lha=01;31:*.lz4=01;31:*.lzh=01;31:*.lzma=01;31:*.tlz=01;31:*.txz=01;31:*.tzo=01;31:*.t7z=01;31:*.zip=01;31:*.z=01;31:*.dz=01;31:*.gz=01;31:*.lrz=01;31:*.lz=01;31:*.lzo=01;31:*.xz=01;31:*.zst=01;31:*.tzst=01;31:*.bz2=01;31:*.bz=01;31:*.tbz=01;31:*.tbz2=01;31:*.tz=01;31:*.deb=01;31:*.rpm=01;31:*.jar=01;31:*.war=01;31:*.ear=01;31:*.sar=01;31:*.rar=01;31:*.alz=01;31:*.ace=01;31:*.zoo=01;31:*.cpio=01;31:*.7z=01;31:*.rz=01;31:*.cab=01;31:*.wim=01;31:*.swm=01;31:*.dwm=01;31:*.esd=01;31:*.jpg=01;35:*.jpeg=01;35:*.mjpg=01;35:*.mjpeg=01;35:*.gif=01;35:*.bmp=01;35:*.pbm=01;35:*.pgm=01;35:*.ppm=01;35:*.tga=01;35:*.xbm=01;35:*.xpm=01;35:*.tif=01;35:*.tiff=01;35:*.png=01;35:*.svg=01;35:*.svgz=01;35:*.mng=01;35:*.pcx=01;35:*.mov=01;35:*.mpg=01;35:*.mpeg=01;35:*.m2v=01;35:*.mkv=01;35:*.webm=01;35:*.webp=01;35:*.ogm=01;35:*.mp4=01;35:*.m4v=01;35:*.mp4v=01;35:*.vob=01;35:*.qt=01;35:*.nuv=01;35:*.wmv=01;35:*.asf=01;35:*.rm=01;35:*.rmvb=01;35:*.flc=01;35:*.avi=01;35:*.fli=01;35:*.flv=01;35:*.gl=01;35:*.dl=01;35:*.xcf=01;35:*.xwd=01;35:*.yuv=01;35:*.cgm=01;35:*.emf=01;35:*.ogv=01;35:*.ogx=01;35:*.aac=00;36:*.au=00;36:*.flac=00;36:*.m4a=00;36:*.mid=00;36:*.midi=00;36:*.mka=00;36:*.mp3=00;36:*.mpc=00;36:*.ogg=00;36:*.ra=00;36:*.wav=00;36:*.oga=00;36:*.opus=00;36:*.spx=00;36:*.xspf=00;36:'), ('SSH_AGENT_LAUNCHER', 'gnome-keyring'), ('SSH_AUTH_SOCK', '/run/user/1000/keyring/ssh'), ('ROS_DOMAIN_ID', '2'), ('AMENT_PREFIX_PATH', '/opt/ros/humble'), ('SHELL', '/bin/bash'), ('LC_NAME', 'it_IT.UTF-8'), ('TERMINATOR_UUID', 'urn:uuid:029eaee9-0711-4cf2-bfd1-7b9bd46242d4'), ('QT_ACCESSIBILITY', '1'), ('GDMSESSION', 'ubuntu'), ('LESSCLOSE', '/usr/bin/lesspipe %s %s'), ('LC_MEASUREMENT', 'it_IT.UTF-8'), ('GPG_AGENT_INFO', '/run/user/1000/gnupg/S.gpg-agent:0:1'), ('LC_IDENTIFICATION', 'it_IT.UTF-8'), ('QT_IM_MODULE', 'ibus'), ('PWD', '/home/marco/marco/uni/magistrale/IDS_project/build/compressed_depth_image_transport'), ('LC_ALL', 'en_US.UTF-8'), ('XDG_CONFIG_DIRS', '/etc/xdg/xdg-ubuntu:/etc/xdg'), ('XDG_DATA_DIRS', '/usr/share/ubuntu:/usr/share/gnome:/usr/local/share/:/usr/share/:/var/lib/snapd/desktop'), ('PYTHONPATH', '/opt/ros/humble/lib/python3.10/site-packages:/opt/ros/humble/local/lib/python3.10/dist-packages'), ('LC_NUMERIC', 'it_IT.UTF-8'), ('LC_PAPER', 'it_IT.UTF-8'), ('COLCON', '1'), ('VTE_VERSION', '6800'), ('CMAKE_PREFIX_PATH', '/opt/ros/humble')]), 'shell': False}
[1.657444] (compressed_image_transport) StdoutLine: {'line': b'-- Build files have been written to: /home/marco/marco/uni/magistrale/IDS_project/build/compressed_image_transport\n'}
[1.657783] (theora_image_transport) StdoutLine: {'line': b'--   Found theoraenc, version 1.1.1\n'}
[1.670761] (plots) StdoutLine: {'line': b"reading manifest file '../../../build/plots/plots.egg-info/SOURCES.txt'\n"}
[1.674540] (compressed_image_transport) CommandEnded: {'returncode': 0}
[1.679231] (compressed_image_transport) JobProgress: {'identifier': 'compressed_image_transport', 'progress': 'build'}
[1.679288] (compressed_image_transport) Command: {'cmd': ['/usr/bin/cmake', '--build', '/home/marco/marco/uni/magistrale/IDS_project/build/compressed_image_transport', '--', '-j8', '-l8'], 'cwd': '/home/marco/marco/uni/magistrale/IDS_project/build/compressed_image_transport', 'env': OrderedDict([('LESSOPEN', '| /usr/bin/lesspipe %s'), ('USER', 'marco'), ('LC_TIME', 'it_IT.UTF-8'), ('XDG_SESSION_TYPE', 'x11'), ('SHLVL', '1'), ('LD_LIBRARY_PATH', '/opt/ros/humble/opt/rviz_ogre_vendor/lib:/opt/ros/humble/lib/x86_64-linux-gnu:/opt/ros/humble/lib'), ('HOME', '/home/marco'), ('OLDPWD', '/home/marco/marco/uni/magistrale/IDS_project/ros2_ws'), ('DESKTOP_SESSION', 'ubuntu'), ('ROS_PYTHON_VERSION', '3'), ('GNOME_SHELL_SESSION_MODE', 'ubuntu'), ('GTK_MODULES', 'gail:atk-bridge'), ('LC_MONETARY', 'it_IT.UTF-8'), ('MANAGERPID', '1948'), ('SYSTEMD_EXEC_PID', '2438'), ('DBUS_SESSION_BUS_ADDRESS', 'unix:path=/run/user/1000/bus'), ('COLORTERM', 'truecolor'), ('TERMINATOR_DBUS_NAME', 'net.tenshu.Terminator23558193cd9818af7fe4d2c2f5bd9d00f'), ('GIO_LAUNCHED_DESKTOP_FILE_PID', '5065'), ('ROS_DISTRO', 'humble'), ('GTK_IM_MODULE', 'ibus'), ('LOGNAME', 'marco'), ('JOURNAL_STREAM', '8:12126'), ('_', '/usr/bin/colcon'), ('ROS_VERSION', '2'), ('XDG_SESSION_CLASS', 'user'), ('USERNAME', 'marco'), ('TERM', 'xterm-256color'), ('GNOME_DESKTOP_SESSION_ID', 'this-is-deprecated'), ('ROS_LOCALHOST_ONLY', '0'), ('WINDOWPATH', '2'), ('PATH', '/opt/ros/humble/bin:/home/marco/.local/bin:/usr/local/sbin:/usr/local/bin:/usr/sbin:/usr/bin:/sbin:/bin:/usr/games:/usr/local/games:/snap/bin:/snap/bin'), ('SESSION_MANAGER', 'local/marco-ub22:@/tmp/.ICE-unix/2241,unix/marco-ub22:/tmp/.ICE-unix/2241'), ('INVOCATION_ID', '13ce98eb6ffe48af991f103afcdbba0c'), ('XDG_MENU_PREFIX', 'gnome-'), ('LC_ADDRESS', 'it_IT.UTF-8'), ('XDG_RUNTIME_DIR', '/run/user/1000'), ('DISPLAY', ':1'), ('TERMINATOR_DBUS_PATH', '/net/tenshu/Terminator2'), ('LANG', 'en_US.UTF-8'), ('XDG_CURRENT_DESKTOP', 'ubuntu:GNOME'), ('IBUS_DISABLE_SNOOPER', '1'), ('LC_TELEPHONE', 'it_IT.UTF-8'), ('XMODIFIERS', '@im=ibus'), ('XDG_SESSION_DESKTOP', 'ubuntu'), ('XAUTHORITY', '/run/user/1000/gdm/Xauthority'), ('LS_COLORS', 'rs=0:di=01;34:ln=01;36:mh=00:pi=40;33:so=01;35:do=01;35:bd=40;33;01:cd=40;33;01:or=40;31;01:mi=00:su=37;41:sg=30;43:ca=30;41:tw=30;42:ow=34;42:st=37;44:ex=01;32:*.tar=01;31:*.tgz=01;31:*.arc=01;31:*.arj=01;31:*.taz=01;31:*.lha=01;31:*.lz4=01;31:*.lzh=01;31:*.lzma=01;31:*.tlz=01;31:*.txz=01;31:*.tzo=01;31:*.t7z=01;31:*.zip=01;31:*.z=01;31:*.dz=01;31:*.gz=01;31:*.lrz=01;31:*.lz=01;31:*.lzo=01;31:*.xz=01;31:*.zst=01;31:*.tzst=01;31:*.bz2=01;31:*.bz=01;31:*.tbz=01;31:*.tbz2=01;31:*.tz=01;31:*.deb=01;31:*.rpm=01;31:*.jar=01;31:*.war=01;31:*.ear=01;31:*.sar=01;31:*.rar=01;31:*.alz=01;31:*.ace=01;31:*.zoo=01;31:*.cpio=01;31:*.7z=01;31:*.rz=01;31:*.cab=01;31:*.wim=01;31:*.swm=01;31:*.dwm=01;31:*.esd=01;31:*.jpg=01;35:*.jpeg=01;35:*.mjpg=01;35:*.mjpeg=01;35:*.gif=01;35:*.bmp=01;35:*.pbm=01;35:*.pgm=01;35:*.ppm=01;35:*.tga=01;35:*.xbm=01;35:*.xpm=01;35:*.tif=01;35:*.tiff=01;35:*.png=01;35:*.svg=01;35:*.svgz=01;35:*.mng=01;35:*.pcx=01;35:*.mov=01;35:*.mpg=01;35:*.mpeg=01;35:*.m2v=01;35:*.mkv=01;35:*.webm=01;35:*.webp=01;35:*.ogm=01;35:*.mp4=01;35:*.m4v=01;35:*.mp4v=01;35:*.vob=01;35:*.qt=01;35:*.nuv=01;35:*.wmv=01;35:*.asf=01;35:*.rm=01;35:*.rmvb=01;35:*.flc=01;35:*.avi=01;35:*.fli=01;35:*.flv=01;35:*.gl=01;35:*.dl=01;35:*.xcf=01;35:*.xwd=01;35:*.yuv=01;35:*.cgm=01;35:*.emf=01;35:*.ogv=01;35:*.ogx=01;35:*.aac=00;36:*.au=00;36:*.flac=00;36:*.m4a=00;36:*.mid=00;36:*.midi=00;36:*.mka=00;36:*.mp3=00;36:*.mpc=00;36:*.ogg=00;36:*.ra=00;36:*.wav=00;36:*.oga=00;36:*.opus=00;36:*.spx=00;36:*.xspf=00;36:'), ('SSH_AGENT_LAUNCHER', 'gnome-keyring'), ('SSH_AUTH_SOCK', '/run/user/1000/keyring/ssh'), ('ROS_DOMAIN_ID', '2'), ('AMENT_PREFIX_PATH', '/opt/ros/humble'), ('SHELL', '/bin/bash'), ('LC_NAME', 'it_IT.UTF-8'), ('TERMINATOR_UUID', 'urn:uuid:029eaee9-0711-4cf2-bfd1-7b9bd46242d4'), ('QT_ACCESSIBILITY', '1'), ('GDMSESSION', 'ubuntu'), ('LESSCLOSE', '/usr/bin/lesspipe %s %s'), ('LC_MEASUREMENT', 'it_IT.UTF-8'), ('GPG_AGENT_INFO', '/run/user/1000/gnupg/S.gpg-agent:0:1'), ('LC_IDENTIFICATION', 'it_IT.UTF-8'), ('QT_IM_MODULE', 'ibus'), ('PWD', '/home/marco/marco/uni/magistrale/IDS_project/build/compressed_image_transport'), ('LC_ALL', 'en_US.UTF-8'), ('XDG_CONFIG_DIRS', '/etc/xdg/xdg-ubuntu:/etc/xdg'), ('XDG_DATA_DIRS', '/usr/share/ubuntu:/usr/share/gnome:/usr/local/share/:/usr/share/:/var/lib/snapd/desktop'), ('PYTHONPATH', '/opt/ros/humble/lib/python3.10/site-packages:/opt/ros/humble/local/lib/python3.10/dist-packages'), ('LC_NUMERIC', 'it_IT.UTF-8'), ('LC_PAPER', 'it_IT.UTF-8'), ('COLCON', '1'), ('VTE_VERSION', '6800'), ('CMAKE_PREFIX_PATH', '/opt/ros/humble')]), 'shell': False}
[1.679794] (plots) StdoutLine: {'line': b"writing manifest file '../../../build/plots/plots.egg-info/SOURCES.txt'\n"}
[1.679903] (plots) StdoutLine: {'line': b'running build\n'}
[1.679978] (plots) StdoutLine: {'line': b'running build_py\n'}
[1.680051] (plots) StdoutLine: {'line': b'creating /home/marco/marco/uni/magistrale/IDS_project/build/plots/build/lib/plots\n'}
[1.680124] (plots) StdoutLine: {'line': b'copying plots/EKF_plot_node.py -> /home/marco/marco/uni/magistrale/IDS_project/build/plots/build/lib/plots\n'}
[1.680217] (plots) StdoutLine: {'line': b'copying plots/__init__.py -> /home/marco/marco/uni/magistrale/IDS_project/build/plots/build/lib/plots\n'}
[1.680293] (plots) StdoutLine: {'line': b'running install\n'}
[1.680363] (limo_control) StdoutLine: {'line': b'running egg_info\n'}
[1.680475] (limo_description) StdoutLine: {'line': b'running egg_info\n'}
[1.682625] (plots) StdoutLine: {'line': b'running install_lib\n'}
[1.682921] (localization) StdoutLine: {'line': b"reading manifest file '../../../build/localization/localization.egg-info/SOURCES.txt'\n"}
[1.683033] (localization) StdoutLine: {'line': b"writing manifest file '../../../build/localization/localization.egg-info/SOURCES.txt'\n"}
[1.683110] (localization) StdoutLine: {'line': b'running build\n'}
[1.683187] (localization) StdoutLine: {'line': b'running build_py\n'}
[1.683260] (localization) StdoutLine: {'line': b'creating /home/marco/marco/uni/magistrale/IDS_project/build/localization/build/lib/localization\n'}
[1.688191] (localization) StdoutLine: {'line': b'copying localization/EKF_node.py -> /home/marco/marco/uni/magistrale/IDS_project/build/localization/build/lib/localization\n'}
[1.688390] (localization) StdoutLine: {'line': b'copying localization/meas_model.py -> /home/marco/marco/uni/magistrale/IDS_project/build/localization/build/lib/localization\n'}
[1.688481] (localization) StdoutLine: {'line': b'copying localization/agent_type.py -> /home/marco/marco/uni/magistrale/IDS_project/build/localization/build/lib/localization\n'}
[1.688558] (localization) StdoutLine: {'line': b'copying localization/localization_system.py -> /home/marco/marco/uni/magistrale/IDS_project/build/localization/build/lib/localization\n'}
[1.688636] (localization) StdoutLine: {'line': b'copying localization/__init__.py -> /home/marco/marco/uni/magistrale/IDS_project/build/localization/build/lib/localization\n'}
[1.688709] (localization) StdoutLine: {'line': b'running install\n'}
[1.690571] (localization) StdoutLine: {'line': b'running install_lib\n'}
[1.696960] (theora_image_transport) StdoutLine: {'line': b"-- Checking for module 'theoradec'\n"}
[1.697410] (limo_description) StdoutLine: {'line': b'creating ../../../build/limo_description/limo_description.egg-info\n'}
[1.697959] (limo_description) StdoutLine: {'line': b'writing ../../../build/limo_description/limo_description.egg-info/PKG-INFO\n'}
[1.698474] (limo_description) StdoutLine: {'line': b'writing dependency_links to ../../../build/limo_description/limo_description.egg-info/dependency_links.txt\n'}
[1.698918] (limo_description) StdoutLine: {'line': b'writing requirements to ../../../build/limo_description/limo_description.egg-info/requires.txt\n'}
[1.700414] (limo_description) StdoutLine: {'line': b'writing top-level names to ../../../build/limo_description/limo_description.egg-info/top_level.txt\n'}
[1.700515] (limo_description) StdoutLine: {'line': b"writing manifest file '../../../build/limo_description/limo_description.egg-info/SOURCES.txt'\n"}
[1.700666] (limo_control) StdoutLine: {'line': b'creating ../../../build/limo_control/limo_control.egg-info\n'}
[1.700866] (limo_control) StdoutLine: {'line': b'writing ../../../build/limo_control/limo_control.egg-info/PKG-INFO\n'}
[1.701758] (limo_control) StdoutLine: {'line': b'writing dependency_links to ../../../build/limo_control/limo_control.egg-info/dependency_links.txt\n'}
[1.702464] (limo_control) StdoutLine: {'line': b'writing entry points to ../../../build/limo_control/limo_control.egg-info/entry_points.txt\n'}
[1.703169] (limo_control) StdoutLine: {'line': b'writing requirements to ../../../build/limo_control/limo_control.egg-info/requires.txt\n'}
[1.705233] (limo_control) StdoutLine: {'line': b'writing top-level names to ../../../build/limo_control/limo_control.egg-info/top_level.txt\n'}
[1.705387] (limo_control) StdoutLine: {'line': b"writing manifest file '../../../build/limo_control/limo_control.egg-info/SOURCES.txt'\n"}
[1.707979] (plots) StdoutLine: {'line': b'creating /home/marco/marco/uni/magistrale/IDS_project/install/plots/lib/python3.10/site-packages/plots\n'}
[1.708467] (plots) StdoutLine: {'line': b'copying /home/marco/marco/uni/magistrale/IDS_project/build/plots/build/lib/plots/EKF_plot_node.py -> /home/marco/marco/uni/magistrale/IDS_project/install/plots/lib/python3.10/site-packages/plots\n'}
[1.708788] (plots) StdoutLine: {'line': b'copying /home/marco/marco/uni/magistrale/IDS_project/build/plots/build/lib/plots/__init__.py -> /home/marco/marco/uni/magistrale/IDS_project/install/plots/lib/python3.10/site-packages/plots\n'}
[1.709558] (plots) StdoutLine: {'line': b'byte-compiling /home/marco/marco/uni/magistrale/IDS_project/install/plots/lib/python3.10/site-packages/plots/EKF_plot_node.py to EKF_plot_node.cpython-310.pyc\n'}
[1.709658] (-) TimerEvent: {}
[1.713408] (plots) StdoutLine: {'line': b'byte-compiling /home/marco/marco/uni/magistrale/IDS_project/install/plots/lib/python3.10/site-packages/plots/__init__.py to __init__.cpython-310.pyc\n'}
[1.713982] (plots) StdoutLine: {'line': b'running install_data\n'}
[1.714527] (plots) StdoutLine: {'line': b'creating /home/marco/marco/uni/magistrale/IDS_project/install/plots/share/ament_index/resource_index/packages\n'}
[1.714953] (plots) StdoutLine: {'line': b'copying resource/plots -> /home/marco/marco/uni/magistrale/IDS_project/install/plots/share/ament_index/resource_index/packages\n'}
[1.715439] (plots) StdoutLine: {'line': b'copying package.xml -> /home/marco/marco/uni/magistrale/IDS_project/install/plots/share/plots\n'}
[1.715785] (plots) StdoutLine: {'line': b'running install_egg_info\n'}
[1.717267] (theora_image_transport) StdoutLine: {'line': b'--   Found theoradec, version 1.1.1\n'}
[1.718252] (localization) StdoutLine: {'line': b'creating /home/marco/marco/uni/magistrale/IDS_project/install/localization/lib/python3.10/site-packages/localization\n'}
[1.718407] (localization) StdoutLine: {'line': b'copying /home/marco/marco/uni/magistrale/IDS_project/build/localization/build/lib/localization/EKF_node.py -> /home/marco/marco/uni/magistrale/IDS_project/install/localization/lib/python3.10/site-packages/localization\n'}
[1.718567] (localization) StdoutLine: {'line': b'copying /home/marco/marco/uni/magistrale/IDS_project/build/localization/build/lib/localization/meas_model.py -> /home/marco/marco/uni/magistrale/IDS_project/install/localization/lib/python3.10/site-packages/localization\n'}
[1.718713] (localization) StdoutLine: {'line': b'copying /home/marco/marco/uni/magistrale/IDS_project/build/localization/build/lib/localization/agent_type.py -> /home/marco/marco/uni/magistrale/IDS_project/install/localization/lib/python3.10/site-packages/localization\n'}
[1.718836] (localization) StdoutLine: {'line': b'copying /home/marco/marco/uni/magistrale/IDS_project/build/localization/build/lib/localization/localization_system.py -> /home/marco/marco/uni/magistrale/IDS_project/install/localization/lib/python3.10/site-packages/localization\n'}
[1.719218] (localization) StdoutLine: {'line': b'copying /home/marco/marco/uni/magistrale/IDS_project/build/localization/build/lib/localization/__init__.py -> /home/marco/marco/uni/magistrale/IDS_project/install/localization/lib/python3.10/site-packages/localization\n'}
[1.719656] (localization) StdoutLine: {'line': b'byte-compiling /home/marco/marco/uni/magistrale/IDS_project/install/localization/lib/python3.10/site-packages/localization/EKF_node.py to EKF_node.cpython-310.pyc\n'}
[1.723023] (localization) StdoutLine: {'line': b'byte-compiling /home/marco/marco/uni/magistrale/IDS_project/install/localization/lib/python3.10/site-packages/localization/meas_model.py to meas_model.cpython-310.pyc\n'}
[1.725100] (localization) StdoutLine: {'line': b'byte-compiling /home/marco/marco/uni/magistrale/IDS_project/install/localization/lib/python3.10/site-packages/localization/agent_type.py to agent_type.cpython-310.pyc\n'}
[1.726084] (project_interfaces) StdoutLine: {'line': b'-- Found ament_lint_auto: 0.12.15 (/opt/ros/humble/share/ament_lint_auto/cmake)\n'}
[1.726587] (localization) StdoutLine: {'line': b'byte-compiling /home/marco/marco/uni/magistrale/IDS_project/install/localization/lib/python3.10/site-packages/localization/localization_system.py to localization_system.cpython-310.pyc\n'}
[1.728591] (localization) StdoutLine: {'line': b'byte-compiling /home/marco/marco/uni/magistrale/IDS_project/install/localization/lib/python3.10/site-packages/localization/__init__.py to __init__.cpython-310.pyc\n'}
[1.734941] (localization) StdoutLine: {'line': b'running install_data\n'}
[1.735151] (localization) StdoutLine: {'line': b'creating /home/marco/marco/uni/magistrale/IDS_project/install/localization/share/ament_index/resource_index/packages\n'}
[1.735244] (localization) StdoutLine: {'line': b'copying resource/localization -> /home/marco/marco/uni/magistrale/IDS_project/install/localization/share/ament_index/resource_index/packages\n'}
[1.735319] (localization) StdoutLine: {'line': b'copying package.xml -> /home/marco/marco/uni/magistrale/IDS_project/install/localization/share/localization\n'}
[1.735392] (localization) StdoutLine: {'line': b'running install_egg_info\n'}
[1.745920] (plots) StdoutLine: {'line': b'Copying ../../../build/plots/plots.egg-info to /home/marco/marco/uni/magistrale/IDS_project/install/plots/lib/python3.10/site-packages/plots-0.0.0-py3.10.egg-info\n'}
[1.747184] (plots) StdoutLine: {'line': b'running install_scripts\n'}
[1.757070] (limo_control) StdoutLine: {'line': b"reading manifest file '../../../build/limo_control/limo_control.egg-info/SOURCES.txt'\n"}
[1.759238] (limo_description) StdoutLine: {'line': b"reading manifest file '../../../build/limo_description/limo_description.egg-info/SOURCES.txt'\n"}
[1.760938] (limo_control) StdoutLine: {'line': b"writing manifest file '../../../build/limo_control/limo_control.egg-info/SOURCES.txt'\n"}
[1.761189] (limo_control) StdoutLine: {'line': b'running build\n'}
[1.761273] (limo_control) StdoutLine: {'line': b'running build_py\n'}
[1.761341] (limo_description) StdoutLine: {'line': b"writing manifest file '../../../build/limo_description/limo_description.egg-info/SOURCES.txt'\n"}
[1.761624] (limo_description) StdoutLine: {'line': b'running build\n'}
[1.761692] (limo_description) StdoutLine: {'line': b'running build_py\n'}
[1.761876] (limo_description) StdoutLine: {'line': b'creating /home/marco/marco/uni/magistrale/IDS_project/build/limo_description/build/lib/limo_description\n'}
[1.761963] (limo_description) StdoutLine: {'line': b'copying limo_description/conf_limo.py -> /home/marco/marco/uni/magistrale/IDS_project/build/limo_description/build/lib/limo_description\n'}
[1.762030] (limo_description) StdoutLine: {'line': b'copying limo_description/__init__.py -> /home/marco/marco/uni/magistrale/IDS_project/build/limo_description/build/lib/limo_description\n'}
[1.762236] (limo_description) StdoutLine: {'line': b'running install\n'}
[1.762755] (localization) StdoutLine: {'line': b'Copying ../../../build/localization/localization.egg-info to /home/marco/marco/uni/magistrale/IDS_project/install/localization/lib/python3.10/site-packages/localization-0.0.0-py3.10.egg-info\n'}
[1.766284] (limo_control) StdoutLine: {'line': b'creating /home/marco/marco/uni/magistrale/IDS_project/build/limo_control/build/lib/limo_control\n'}
[1.766700] (localization) StdoutLine: {'line': b'running install_scripts\n'}
[1.770194] (limo_control) StdoutLine: {'line': b'copying limo_control/MPC_class.py -> /home/marco/marco/uni/magistrale/IDS_project/build/limo_control/build/lib/limo_control\n'}
[1.770323] (limo_control) StdoutLine: {'line': b'copying limo_control/MPC_node.py -> /home/marco/marco/uni/magistrale/IDS_project/build/limo_control/build/lib/limo_control\n'}
[1.770393] (limo_control) StdoutLine: {'line': b'copying limo_control/measurement_router.py -> /home/marco/marco/uni/magistrale/IDS_project/build/limo_control/build/lib/limo_control\n'}
[1.770461] (limo_control) StdoutLine: {'line': b'copying limo_control/__init__.py -> /home/marco/marco/uni/magistrale/IDS_project/build/limo_control/build/lib/limo_control\n'}
[1.770525] (limo_control) StdoutLine: {'line': b'running install\n'}
[1.770591] (limo_description) StdoutLine: {'line': b'running install_lib\n'}
[1.783703] (limo_control) StdoutLine: {'line': b'running install_lib\n'}
[1.789130] (limo_description) StdoutLine: {'line': b'creating /home/marco/marco/uni/magistrale/IDS_project/install/limo_description/lib/python3.10/site-packages/limo_description\n'}
[1.791877] (limo_description) StdoutLine: {'line': b'copying /home/marco/marco/uni/magistrale/IDS_project/build/limo_description/build/lib/limo_description/conf_limo.py -> /home/marco/marco/uni/magistrale/IDS_project/install/limo_description/lib/python3.10/site-packages/limo_description\n'}
[1.791980] (limo_description) StdoutLine: {'line': b'copying /home/marco/marco/uni/magistrale/IDS_project/build/limo_description/build/lib/limo_description/__init__.py -> /home/marco/marco/uni/magistrale/IDS_project/install/limo_description/lib/python3.10/site-packages/limo_description\n'}
[1.792049] (limo_description) StdoutLine: {'line': b'byte-compiling /home/marco/marco/uni/magistrale/IDS_project/install/limo_description/lib/python3.10/site-packages/limo_description/conf_limo.py to conf_limo.cpython-310.pyc\n'}
[1.792116] (limo_description) StdoutLine: {'line': b'byte-compiling /home/marco/marco/uni/magistrale/IDS_project/install/limo_description/lib/python3.10/site-packages/limo_description/__init__.py to __init__.cpython-310.pyc\n'}
[1.792189] (limo_description) StdoutLine: {'line': b'running install_data\n'}
[1.792254] (limo_description) StdoutLine: {'line': b'creating /home/marco/marco/uni/magistrale/IDS_project/install/limo_description/share/ament_index/resource_index/packages\n'}
[1.792320] (limo_description) StdoutLine: {'line': b'copying resource/limo_description -> /home/marco/marco/uni/magistrale/IDS_project/install/limo_description/share/ament_index/resource_index/packages\n'}
[1.792389] (limo_description) StdoutLine: {'line': b'copying package.xml -> /home/marco/marco/uni/magistrale/IDS_project/install/limo_description/share/limo_description\n'}
[1.792454] (limo_description) StdoutLine: {'line': b'running install_egg_info\n'}
[1.811507] (-) TimerEvent: {}
[1.812235] (limo_description) StdoutLine: {'line': b'Copying ../../../build/limo_description/limo_description.egg-info to /home/marco/marco/uni/magistrale/IDS_project/install/limo_description/lib/python3.10/site-packages/limo_description-0.0.0-py3.10.egg-info\n'}
[1.814218] (limo_description) StdoutLine: {'line': b'running install_scripts\n'}
[1.834622] (limo_control) StdoutLine: {'line': b'creating /home/marco/marco/uni/magistrale/IDS_project/install/limo_control/lib/python3.10/site-packages/limo_control\n'}
[1.836201] (limo_control) StdoutLine: {'line': b'copying /home/marco/marco/uni/magistrale/IDS_project/build/limo_control/build/lib/limo_control/MPC_class.py -> /home/marco/marco/uni/magistrale/IDS_project/install/limo_control/lib/python3.10/site-packages/limo_control\n'}
[1.841555] (limo_control) StdoutLine: {'line': b'copying /home/marco/marco/uni/magistrale/IDS_project/build/limo_control/build/lib/limo_control/MPC_node.py -> /home/marco/marco/uni/magistrale/IDS_project/install/limo_control/lib/python3.10/site-packages/limo_control\n'}
[1.841649] (limo_control) StdoutLine: {'line': b'copying /home/marco/marco/uni/magistrale/IDS_project/build/limo_control/build/lib/limo_control/measurement_router.py -> /home/marco/marco/uni/magistrale/IDS_project/install/limo_control/lib/python3.10/site-packages/limo_control\n'}
[1.842388] (limo_control) StdoutLine: {'line': b'copying /home/marco/marco/uni/magistrale/IDS_project/build/limo_control/build/lib/limo_control/__init__.py -> /home/marco/marco/uni/magistrale/IDS_project/install/limo_control/lib/python3.10/site-packages/limo_control\n'}
[1.842585] (limo_control) StdoutLine: {'line': b'byte-compiling /home/marco/marco/uni/magistrale/IDS_project/install/limo_control/lib/python3.10/site-packages/limo_control/MPC_class.py to MPC_class.cpython-310.pyc\n'}
[1.847588] (limo_control) StdoutLine: {'line': b'byte-compiling /home/marco/marco/uni/magistrale/IDS_project/install/limo_control/lib/python3.10/site-packages/limo_control/MPC_node.py to MPC_node.cpython-310.pyc\n'}
[1.853012] (limo_control) StdoutLine: {'line': b'byte-compiling /home/marco/marco/uni/magistrale/IDS_project/install/limo_control/lib/python3.10/site-packages/limo_control/measurement_router.py to measurement_router.cpython-310.pyc\n'}
[1.860911] (limo_control) StdoutLine: {'line': b'byte-compiling /home/marco/marco/uni/magistrale/IDS_project/install/limo_control/lib/python3.10/site-packages/limo_control/__init__.py to __init__.cpython-310.pyc\n'}
[1.861260] (limo_control) StdoutLine: {'line': b'running install_data\n'}
[1.861927] (limo_control) StdoutLine: {'line': b'creating /home/marco/marco/uni/magistrale/IDS_project/install/limo_control/share/ament_index/resource_index/packages\n'}
[1.862036] (limo_control) StdoutLine: {'line': b'copying resource/limo_control -> /home/marco/marco/uni/magistrale/IDS_project/install/limo_control/share/ament_index/resource_index/packages\n'}
[1.862490] (limo_control) StdoutLine: {'line': b'copying package.xml -> /home/marco/marco/uni/magistrale/IDS_project/install/limo_control/share/limo_control\n'}
[1.862596] (limo_control) StdoutLine: {'line': b'creating /home/marco/marco/uni/magistrale/IDS_project/install/limo_control/share/limo_control/param\n'}
[1.862669] (limo_control) StdoutLine: {'line': b'copying param/limo_params.yaml -> /home/marco/marco/uni/magistrale/IDS_project/install/limo_control/share/limo_control/param\n'}
[1.862769] (limo_control) StdoutLine: {'line': b'running install_egg_info\n'}
[1.911600] (-) TimerEvent: {}
[1.923387] (project_interfaces) StdoutLine: {'line': b'-- Found rosidl_default_generators: 1.2.1 (/opt/ros/humble/share/rosidl_default_generators/cmake)\n'}
[1.933259] (project_interfaces) StdoutLine: {'line': b'-- Using all available rosidl_typesupport_c: rosidl_typesupport_fastrtps_c;rosidl_typesupport_introspection_c\n'}
[1.951788] (project_interfaces) StdoutLine: {'line': b'-- Found rosidl_adapter: 3.1.8 (/opt/ros/humble/share/rosidl_adapter/cmake)\n'}
[1.955186] (limo_control) StdoutLine: {'line': b'Copying ../../../build/limo_control/limo_control.egg-info to /home/marco/marco/uni/magistrale/IDS_project/install/limo_control/lib/python3.10/site-packages/limo_control-0.0.0-py3.10.egg-info\n'}
[1.955410] (limo_control) StdoutLine: {'line': b'running install_scripts\n'}
[2.003259] (plots) StdoutLine: {'line': b'Installing EKF_plot_node script to /home/marco/marco/uni/magistrale/IDS_project/install/plots/lib/plots\n'}
[2.003457] (plots) StdoutLine: {'line': b"writing list of installed files to '/home/marco/marco/uni/magistrale/IDS_project/build/plots/install.log'\n"}
[2.011698] (-) TimerEvent: {}
[2.020434] (localization) StdoutLine: {'line': b'Installing EKF_node script to /home/marco/marco/uni/magistrale/IDS_project/install/localization/lib/localization\n'}
[2.020871] (localization) StdoutLine: {'line': b"writing list of installed files to '/home/marco/marco/uni/magistrale/IDS_project/build/localization/install.log'\n"}
[2.026966] (project_interfaces) StdoutLine: {'line': b'-- Using all available rosidl_typesupport_cpp: rosidl_typesupport_fastrtps_cpp;rosidl_typesupport_introspection_cpp\n'}
[2.048922] (compressed_depth_image_transport) StdoutLine: {'line': b'[ 20%] \x1b[32mBuilding CXX object CMakeFiles/compressed_depth_image_transport.dir/src/compressed_depth_publisher.cpp.o\x1b[0m\n'}
[2.049885] (compressed_depth_image_transport) StdoutLine: {'line': b'[ 40%] \x1b[32mBuilding CXX object CMakeFiles/compressed_depth_image_transport.dir/src/codec.cpp.o\x1b[0m\n'}
[2.049958] (compressed_depth_image_transport) StdoutLine: {'line': b'[ 60%] \x1b[32mBuilding CXX object CMakeFiles/compressed_depth_image_transport.dir/src/compressed_depth_subscriber.cpp.o\x1b[0m\n'}
[2.050021] (compressed_depth_image_transport) StdoutLine: {'line': b'[ 80%] \x1b[32mBuilding CXX object CMakeFiles/compressed_depth_image_transport.dir/src/manifest.cpp.o\x1b[0m\n'}
[2.053192] (plots) CommandEnded: {'returncode': 0}
[2.080721] (plots) JobEnded: {'identifier': 'plots', 'rc': 0}
[2.081834] (limo_description) StdoutLine: {'line': b"writing list of installed files to '/home/marco/marco/uni/magistrale/IDS_project/build/limo_description/install.log'\n"}
[2.085786] (simulation) JobStarted: {'identifier': 'simulation'}
[2.105027] (compressed_image_transport) StdoutLine: {'line': b'[ 50%] \x1b[32mBuilding CXX object CMakeFiles/compressed_image_transport.dir/src/manifest.cpp.o\x1b[0m\n'}
[2.105510] (compressed_image_transport) StdoutLine: {'line': b'[ 50%] \x1b[32mBuilding CXX object CMakeFiles/compressed_image_transport.dir/src/compressed_subscriber.cpp.o\x1b[0m\n'}
[2.105591] (compressed_image_transport) StdoutLine: {'line': b'[ 75%] \x1b[32mBuilding CXX object CMakeFiles/compressed_image_transport.dir/src/compressed_publisher.cpp.o\x1b[0m\n'}
[2.114225] (-) TimerEvent: {}
[2.214735] (-) TimerEvent: {}
[2.315366] (-) TimerEvent: {}
[2.352039] (limo_control) StdoutLine: {'line': b'Installing EKF_node script to /home/marco/marco/uni/magistrale/IDS_project/install/limo_control/lib/limo_control\n'}
[2.352513] (limo_control) StdoutLine: {'line': b'Installing MPC_node script to /home/marco/marco/uni/magistrale/IDS_project/install/limo_control/lib/limo_control\n'}
[2.360472] (limo_control) StdoutLine: {'line': b'Installing measurement_router script to /home/marco/marco/uni/magistrale/IDS_project/install/limo_control/lib/limo_control\n'}
[2.360863] (limo_control) StdoutLine: {'line': b"writing list of installed files to '/home/marco/marco/uni/magistrale/IDS_project/build/limo_control/install.log'\n"}
[2.421224] (-) TimerEvent: {}
[2.435156] (project_interfaces) StdoutLine: {'line': b'-- Found ament_cmake_ros: 0.10.0 (/opt/ros/humble/share/ament_cmake_ros/cmake)\n'}
[2.463655] (localization) CommandEnded: {'returncode': 0}
[2.472889] (localization) JobEnded: {'identifier': 'localization', 'rc': 0}
[2.474486] (vision) JobStarted: {'identifier': 'vision'}
[2.492549] (limo_control) CommandEnded: {'returncode': 0}
[2.496357] (theora_image_transport) StdoutLine: {'line': b'-- Found ament_cmake_cppcheck: 0.12.15 (/opt/ros/humble/share/ament_cmake_cppcheck/cmake)\n'}
[2.499784] (limo_control) JobEnded: {'identifier': 'limo_control', 'rc': 0}
[2.500309] (theora_image_transport) StdoutLine: {'line': b'-- Found ament_cmake_cpplint: 0.12.15 (/opt/ros/humble/share/ament_cmake_cpplint/cmake)\n'}
[2.501352] (limo_description) CommandEnded: {'returncode': 0}
[2.502461] (theora_image_transport) StdoutLine: {'line': b'-- Found ament_cmake_uncrustify: 0.12.15 (/opt/ros/humble/share/ament_cmake_uncrustify/cmake)\n'}
[2.507896] (theora_image_transport) StdoutLine: {'line': b'-- Found ament_cmake_ros: 0.10.0 (/opt/ros/humble/share/ament_cmake_ros/cmake)\n'}
[2.518252] (limo_description) JobEnded: {'identifier': 'limo_description', 'rc': 0}
[2.521310] (-) TimerEvent: {}
[2.621593] (-) TimerEvent: {}
[2.722007] (-) TimerEvent: {}
[2.824206] (-) TimerEvent: {}
[2.924551] (-) TimerEvent: {}
[3.025034] (-) TimerEvent: {}
[3.129413] (-) TimerEvent: {}
[3.178450] (project_interfaces) StdoutLine: {'line': b'-- Using all available rosidl_typesupport_c: rosidl_typesupport_fastrtps_c;rosidl_typesupport_introspection_c\n'}
[3.229519] (-) TimerEvent: {}
[3.334487] (-) TimerEvent: {}
[3.435029] (-) TimerEvent: {}
[3.535496] (-) TimerEvent: {}
[3.539211] (theora_image_transport) StdoutLine: {'line': b'-- Using all available rosidl_typesupport_c: rosidl_typesupport_fastrtps_c;rosidl_typesupport_introspection_c\n'}
[3.637010] (-) TimerEvent: {}
[3.673881] (project_interfaces) StdoutLine: {'line': b'-- Using all available rosidl_typesupport_cpp: rosidl_typesupport_fastrtps_cpp;rosidl_typesupport_introspection_cpp\n'}
[3.706902] (project_interfaces) StdoutLine: {'line': b'-- Found PythonInterp: /usr/bin/python3 (found suitable version "3.10.12", minimum required is "3.6") \n'}
[3.716475] (project_interfaces) StdoutLine: {'line': b'-- Found python_cmake_module: 0.10.0 (/opt/ros/humble/share/python_cmake_module/cmake)\n'}
[3.729206] (theora_image_transport) StdoutLine: {'line': b'-- Using all available rosidl_typesupport_cpp: rosidl_typesupport_fastrtps_cpp;rosidl_typesupport_introspection_cpp\n'}
[3.739245] (-) TimerEvent: {}
[3.784594] (project_interfaces) StdoutLine: {'line': b'-- Found PythonLibs: /usr/lib/x86_64-linux-gnu/libpython3.10.so (found suitable version "3.10.12", minimum required is "3.5") \n'}
[3.785205] (project_interfaces) StdoutLine: {'line': b'-- Using PYTHON_EXECUTABLE: /usr/bin/python3\n'}
[3.787260] (project_interfaces) StdoutLine: {'line': b'-- Using PYTHON_INCLUDE_DIRS: /usr/include/python3.10\n'}
[3.787460] (project_interfaces) StdoutLine: {'line': b'-- Using PYTHON_LIBRARIES: /usr/lib/x86_64-linux-gnu/libpython3.10.so\n'}
[3.789632] (theora_image_transport) StdoutLine: {'line': b'-- Found PythonInterp: /usr/bin/python3 (found suitable version "3.10.12", minimum required is "3.6") \n'}
[3.797093] (theora_image_transport) StdoutLine: {'line': b'-- Found python_cmake_module: 0.10.0 (/opt/ros/humble/share/python_cmake_module/cmake)\n'}
[3.821931] (project_interfaces) StdoutLine: {'line': b'-- Found PythonExtra: .so  \n'}
[3.839352] (-) TimerEvent: {}
[3.863121] (theora_image_transport) StdoutLine: {'line': b'-- Found PythonLibs: /usr/lib/x86_64-linux-gnu/libpython3.10.so (found suitable version "3.10.12", minimum required is "3.5") \n'}
[3.863341] (theora_image_transport) StdoutLine: {'line': b'-- Using PYTHON_EXECUTABLE: /usr/bin/python3\n'}
[3.863420] (theora_image_transport) StdoutLine: {'line': b'-- Using PYTHON_INCLUDE_DIRS: /usr/include/python3.10\n'}
[3.863479] (theora_image_transport) StdoutLine: {'line': b'-- Using PYTHON_LIBRARIES: /usr/lib/x86_64-linux-gnu/libpython3.10.so\n'}
[3.896334] (simulation) Command: {'cmd': ['/usr/bin/python3', '-W', 'ignore:setup.py install is deprecated', '-W', 'ignore:easy_install command is deprecated', 'setup.py', 'egg_info', '--egg-base', '../../../build/simulation', 'build', '--build-base', '/home/marco/marco/uni/magistrale/IDS_project/build/simulation/build', 'install', '--record', '/home/marco/marco/uni/magistrale/IDS_project/build/simulation/install.log', '--single-version-externally-managed', 'install_data'], 'cwd': '/home/marco/marco/uni/magistrale/IDS_project/ros2_ws/src/simulation', 'env': {'LESSOPEN': '| /usr/bin/lesspipe %s', 'USER': 'marco', 'LC_TIME': 'it_IT.UTF-8', 'XDG_SESSION_TYPE': 'x11', 'SHLVL': '1', 'LD_LIBRARY_PATH': '/opt/ros/humble/opt/rviz_ogre_vendor/lib:/opt/ros/humble/lib/x86_64-linux-gnu:/opt/ros/humble/lib', 'HOME': '/home/marco', 'OLDPWD': '/home/marco/marco/uni/magistrale/IDS_project/ros2_ws', 'DESKTOP_SESSION': 'ubuntu', 'ROS_PYTHON_VERSION': '3', 'GNOME_SHELL_SESSION_MODE': 'ubuntu', 'GTK_MODULES': 'gail:atk-bridge', 'LC_MONETARY': 'it_IT.UTF-8', 'MANAGERPID': '1948', 'SYSTEMD_EXEC_PID': '2438', 'DBUS_SESSION_BUS_ADDRESS': 'unix:path=/run/user/1000/bus', 'COLORTERM': 'truecolor', 'TERMINATOR_DBUS_NAME': 'net.tenshu.Terminator23558193cd9818af7fe4d2c2f5bd9d00f', 'GIO_LAUNCHED_DESKTOP_FILE_PID': '5065', 'ROS_DISTRO': 'humble', 'GTK_IM_MODULE': 'ibus', 'LOGNAME': 'marco', 'JOURNAL_STREAM': '8:12126', '_': '/usr/bin/colcon', 'ROS_VERSION': '2', 'XDG_SESSION_CLASS': 'user', 'USERNAME': 'marco', 'TERM': 'xterm-256color', 'GNOME_DESKTOP_SESSION_ID': 'this-is-deprecated', 'ROS_LOCALHOST_ONLY': '0', 'WINDOWPATH': '2', 'PATH': '/opt/ros/humble/bin:/home/marco/.local/bin:/usr/local/sbin:/usr/local/bin:/usr/sbin:/usr/bin:/sbin:/bin:/usr/games:/usr/local/games:/snap/bin:/snap/bin', 'SESSION_MANAGER': 'local/marco-ub22:@/tmp/.ICE-unix/2241,unix/marco-ub22:/tmp/.ICE-unix/2241', 'INVOCATION_ID': '13ce98eb6ffe48af991f103afcdbba0c', 'XDG_MENU_PREFIX': 'gnome-', 'LC_ADDRESS': 'it_IT.UTF-8', 'XDG_RUNTIME_DIR': '/run/user/1000', 'DISPLAY': ':1', 'TERMINATOR_DBUS_PATH': '/net/tenshu/Terminator2', 'LANG': 'en_US.UTF-8', 'XDG_CURRENT_DESKTOP': 'ubuntu:GNOME', 'IBUS_DISABLE_SNOOPER': '1', 'LC_TELEPHONE': 'it_IT.UTF-8', 'XMODIFIERS': '@im=ibus', 'XDG_SESSION_DESKTOP': 'ubuntu', 'XAUTHORITY': '/run/user/1000/gdm/Xauthority', 'LS_COLORS': 'rs=0:di=01;34:ln=01;36:mh=00:pi=40;33:so=01;35:do=01;35:bd=40;33;01:cd=40;33;01:or=40;31;01:mi=00:su=37;41:sg=30;43:ca=30;41:tw=30;42:ow=34;42:st=37;44:ex=01;32:*.tar=01;31:*.tgz=01;31:*.arc=01;31:*.arj=01;31:*.taz=01;31:*.lha=01;31:*.lz4=01;31:*.lzh=01;31:*.lzma=01;31:*.tlz=01;31:*.txz=01;31:*.tzo=01;31:*.t7z=01;31:*.zip=01;31:*.z=01;31:*.dz=01;31:*.gz=01;31:*.lrz=01;31:*.lz=01;31:*.lzo=01;31:*.xz=01;31:*.zst=01;31:*.tzst=01;31:*.bz2=01;31:*.bz=01;31:*.tbz=01;31:*.tbz2=01;31:*.tz=01;31:*.deb=01;31:*.rpm=01;31:*.jar=01;31:*.war=01;31:*.ear=01;31:*.sar=01;31:*.rar=01;31:*.alz=01;31:*.ace=01;31:*.zoo=01;31:*.cpio=01;31:*.7z=01;31:*.rz=01;31:*.cab=01;31:*.wim=01;31:*.swm=01;31:*.dwm=01;31:*.esd=01;31:*.jpg=01;35:*.jpeg=01;35:*.mjpg=01;35:*.mjpeg=01;35:*.gif=01;35:*.bmp=01;35:*.pbm=01;35:*.pgm=01;35:*.ppm=01;35:*.tga=01;35:*.xbm=01;35:*.xpm=01;35:*.tif=01;35:*.tiff=01;35:*.png=01;35:*.svg=01;35:*.svgz=01;35:*.mng=01;35:*.pcx=01;35:*.mov=01;35:*.mpg=01;35:*.mpeg=01;35:*.m2v=01;35:*.mkv=01;35:*.webm=01;35:*.webp=01;35:*.ogm=01;35:*.mp4=01;35:*.m4v=01;35:*.mp4v=01;35:*.vob=01;35:*.qt=01;35:*.nuv=01;35:*.wmv=01;35:*.asf=01;35:*.rm=01;35:*.rmvb=01;35:*.flc=01;35:*.avi=01;35:*.fli=01;35:*.flv=01;35:*.gl=01;35:*.dl=01;35:*.xcf=01;35:*.xwd=01;35:*.yuv=01;35:*.cgm=01;35:*.emf=01;35:*.ogv=01;35:*.ogx=01;35:*.aac=00;36:*.au=00;36:*.flac=00;36:*.m4a=00;36:*.mid=00;36:*.midi=00;36:*.mka=00;36:*.mp3=00;36:*.mpc=00;36:*.ogg=00;36:*.ra=00;36:*.wav=00;36:*.oga=00;36:*.opus=00;36:*.spx=00;36:*.xspf=00;36:', 'SSH_AGENT_LAUNCHER': 'gnome-keyring', 'SSH_AUTH_SOCK': '/run/user/1000/keyring/ssh', 'ROS_DOMAIN_ID': '2', 'AMENT_PREFIX_PATH': '/opt/ros/humble', 'SHELL': '/bin/bash', 'LC_NAME': 'it_IT.UTF-8', 'TERMINATOR_UUID': 'urn:uuid:029eaee9-0711-4cf2-bfd1-7b9bd46242d4', 'QT_ACCESSIBILITY': '1', 'GDMSESSION': 'ubuntu', 'LESSCLOSE': '/usr/bin/lesspipe %s %s', 'LC_MEASUREMENT': 'it_IT.UTF-8', 'GPG_AGENT_INFO': '/run/user/1000/gnupg/S.gpg-agent:0:1', 'LC_IDENTIFICATION': 'it_IT.UTF-8', 'QT_IM_MODULE': 'ibus', 'PWD': '/home/marco/marco/uni/magistrale/IDS_project/build/simulation', 'LC_ALL': 'en_US.UTF-8', 'XDG_CONFIG_DIRS': '/etc/xdg/xdg-ubuntu:/etc/xdg', 'XDG_DATA_DIRS': '/usr/share/ubuntu:/usr/share/gnome:/usr/local/share/:/usr/share/:/var/lib/snapd/desktop', 'PYTHONPATH': '/home/marco/marco/uni/magistrale/IDS_project/build/simulation/prefix_override:/usr/lib/python3/dist-packages/colcon_core/task/python/colcon_distutils_commands:/home/marco/marco/uni/magistrale/IDS_project/install/simulation/lib/python3.10/site-packages:/opt/ros/humble/lib/python3.10/site-packages:/opt/ros/humble/local/lib/python3.10/dist-packages', 'LC_NUMERIC': 'it_IT.UTF-8', 'LC_PAPER': 'it_IT.UTF-8', 'COLCON': '1', 'VTE_VERSION': '6800'}, 'shell': False}
[3.940957] (-) TimerEvent: {}
[3.946208] (theora_image_transport) StdoutLine: {'line': b'-- Found PythonExtra: .so  \n'}
[4.041054] (-) TimerEvent: {}
[4.067621] (project_interfaces) StdoutLine: {'line': b"-- Added test 'lint_cmake' to check CMake code style\n"}
[4.074107] (project_interfaces) StdoutLine: {'line': b"-- Added test 'xmllint' to check XML markup files\n"}
[4.090273] (project_interfaces) StdoutLine: {'line': b'-- Configuring done\n'}
[4.100248] (theora_image_transport) StdoutLine: {'line': b'-- Found ament_cmake_flake8: 0.12.15 (/opt/ros/humble/share/ament_cmake_flake8/cmake)\n'}
[4.104249] (theora_image_transport) StdoutLine: {'line': b'-- Found ament_cmake_pep257: 0.12.15 (/opt/ros/humble/share/ament_cmake_pep257/cmake)\n'}
[4.141164] (-) TimerEvent: {}
[4.207880] (project_interfaces) StdoutLine: {'line': b'-- Generating done\n'}
[4.226594] (project_interfaces) StdoutLine: {'line': b'-- Build files have been written to: /home/marco/marco/uni/magistrale/IDS_project/build/project_interfaces\n'}
[4.235570] (vision) Command: {'cmd': ['/usr/bin/python3', '-W', 'ignore:setup.py install is deprecated', '-W', 'ignore:easy_install command is deprecated', 'setup.py', 'egg_info', '--egg-base', '../../../build/vision', 'build', '--build-base', '/home/marco/marco/uni/magistrale/IDS_project/build/vision/build', 'install', '--record', '/home/marco/marco/uni/magistrale/IDS_project/build/vision/install.log', '--single-version-externally-managed', 'install_data'], 'cwd': '/home/marco/marco/uni/magistrale/IDS_project/ros2_ws/src/vision', 'env': {'LESSOPEN': '| /usr/bin/lesspipe %s', 'USER': 'marco', 'LC_TIME': 'it_IT.UTF-8', 'XDG_SESSION_TYPE': 'x11', 'SHLVL': '1', 'LD_LIBRARY_PATH': '/opt/ros/humble/opt/rviz_ogre_vendor/lib:/opt/ros/humble/lib/x86_64-linux-gnu:/opt/ros/humble/lib', 'HOME': '/home/marco', 'OLDPWD': '/home/marco/marco/uni/magistrale/IDS_project/ros2_ws', 'DESKTOP_SESSION': 'ubuntu', 'ROS_PYTHON_VERSION': '3', 'GNOME_SHELL_SESSION_MODE': 'ubuntu', 'GTK_MODULES': 'gail:atk-bridge', 'LC_MONETARY': 'it_IT.UTF-8', 'MANAGERPID': '1948', 'SYSTEMD_EXEC_PID': '2438', 'DBUS_SESSION_BUS_ADDRESS': 'unix:path=/run/user/1000/bus', 'COLORTERM': 'truecolor', 'TERMINATOR_DBUS_NAME': 'net.tenshu.Terminator23558193cd9818af7fe4d2c2f5bd9d00f', 'GIO_LAUNCHED_DESKTOP_FILE_PID': '5065', 'ROS_DISTRO': 'humble', 'GTK_IM_MODULE': 'ibus', 'LOGNAME': 'marco', 'JOURNAL_STREAM': '8:12126', '_': '/usr/bin/colcon', 'ROS_VERSION': '2', 'XDG_SESSION_CLASS': 'user', 'USERNAME': 'marco', 'TERM': 'xterm-256color', 'GNOME_DESKTOP_SESSION_ID': 'this-is-deprecated', 'ROS_LOCALHOST_ONLY': '0', 'WINDOWPATH': '2', 'PATH': '/opt/ros/humble/bin:/home/marco/.local/bin:/usr/local/sbin:/usr/local/bin:/usr/sbin:/usr/bin:/sbin:/bin:/usr/games:/usr/local/games:/snap/bin:/snap/bin', 'SESSION_MANAGER': 'local/marco-ub22:@/tmp/.ICE-unix/2241,unix/marco-ub22:/tmp/.ICE-unix/2241', 'INVOCATION_ID': '13ce98eb6ffe48af991f103afcdbba0c', 'XDG_MENU_PREFIX': 'gnome-', 'LC_ADDRESS': 'it_IT.UTF-8', 'XDG_RUNTIME_DIR': '/run/user/1000', 'DISPLAY': ':1', 'TERMINATOR_DBUS_PATH': '/net/tenshu/Terminator2', 'LANG': 'en_US.UTF-8', 'XDG_CURRENT_DESKTOP': 'ubuntu:GNOME', 'IBUS_DISABLE_SNOOPER': '1', 'LC_TELEPHONE': 'it_IT.UTF-8', 'XMODIFIERS': '@im=ibus', 'XDG_SESSION_DESKTOP': 'ubuntu', 'XAUTHORITY': '/run/user/1000/gdm/Xauthority', 'LS_COLORS': 'rs=0:di=01;34:ln=01;36:mh=00:pi=40;33:so=01;35:do=01;35:bd=40;33;01:cd=40;33;01:or=40;31;01:mi=00:su=37;41:sg=30;43:ca=30;41:tw=30;42:ow=34;42:st=37;44:ex=01;32:*.tar=01;31:*.tgz=01;31:*.arc=01;31:*.arj=01;31:*.taz=01;31:*.lha=01;31:*.lz4=01;31:*.lzh=01;31:*.lzma=01;31:*.tlz=01;31:*.txz=01;31:*.tzo=01;31:*.t7z=01;31:*.zip=01;31:*.z=01;31:*.dz=01;31:*.gz=01;31:*.lrz=01;31:*.lz=01;31:*.lzo=01;31:*.xz=01;31:*.zst=01;31:*.tzst=01;31:*.bz2=01;31:*.bz=01;31:*.tbz=01;31:*.tbz2=01;31:*.tz=01;31:*.deb=01;31:*.rpm=01;31:*.jar=01;31:*.war=01;31:*.ear=01;31:*.sar=01;31:*.rar=01;31:*.alz=01;31:*.ace=01;31:*.zoo=01;31:*.cpio=01;31:*.7z=01;31:*.rz=01;31:*.cab=01;31:*.wim=01;31:*.swm=01;31:*.dwm=01;31:*.esd=01;31:*.jpg=01;35:*.jpeg=01;35:*.mjpg=01;35:*.mjpeg=01;35:*.gif=01;35:*.bmp=01;35:*.pbm=01;35:*.pgm=01;35:*.ppm=01;35:*.tga=01;35:*.xbm=01;35:*.xpm=01;35:*.tif=01;35:*.tiff=01;35:*.png=01;35:*.svg=01;35:*.svgz=01;35:*.mng=01;35:*.pcx=01;35:*.mov=01;35:*.mpg=01;35:*.mpeg=01;35:*.m2v=01;35:*.mkv=01;35:*.webm=01;35:*.webp=01;35:*.ogm=01;35:*.mp4=01;35:*.m4v=01;35:*.mp4v=01;35:*.vob=01;35:*.qt=01;35:*.nuv=01;35:*.wmv=01;35:*.asf=01;35:*.rm=01;35:*.rmvb=01;35:*.flc=01;35:*.avi=01;35:*.fli=01;35:*.flv=01;35:*.gl=01;35:*.dl=01;35:*.xcf=01;35:*.xwd=01;35:*.yuv=01;35:*.cgm=01;35:*.emf=01;35:*.ogv=01;35:*.ogx=01;35:*.aac=00;36:*.au=00;36:*.flac=00;36:*.m4a=00;36:*.mid=00;36:*.midi=00;36:*.mka=00;36:*.mp3=00;36:*.mpc=00;36:*.ogg=00;36:*.ra=00;36:*.wav=00;36:*.oga=00;36:*.opus=00;36:*.spx=00;36:*.xspf=00;36:', 'SSH_AGENT_LAUNCHER': 'gnome-keyring', 'SSH_AUTH_SOCK': '/run/user/1000/keyring/ssh', 'ROS_DOMAIN_ID': '2', 'AMENT_PREFIX_PATH': '/opt/ros/humble', 'SHELL': '/bin/bash', 'LC_NAME': 'it_IT.UTF-8', 'TERMINATOR_UUID': 'urn:uuid:029eaee9-0711-4cf2-bfd1-7b9bd46242d4', 'QT_ACCESSIBILITY': '1', 'GDMSESSION': 'ubuntu', 'LESSCLOSE': '/usr/bin/lesspipe %s %s', 'LC_MEASUREMENT': 'it_IT.UTF-8', 'GPG_AGENT_INFO': '/run/user/1000/gnupg/S.gpg-agent:0:1', 'LC_IDENTIFICATION': 'it_IT.UTF-8', 'QT_IM_MODULE': 'ibus', 'PWD': '/home/marco/marco/uni/magistrale/IDS_project/build/vision', 'LC_ALL': 'en_US.UTF-8', 'XDG_CONFIG_DIRS': '/etc/xdg/xdg-ubuntu:/etc/xdg', 'XDG_DATA_DIRS': '/usr/share/ubuntu:/usr/share/gnome:/usr/local/share/:/usr/share/:/var/lib/snapd/desktop', 'PYTHONPATH': '/home/marco/marco/uni/magistrale/IDS_project/build/vision/prefix_override:/usr/lib/python3/dist-packages/colcon_core/task/python/colcon_distutils_commands:/home/marco/marco/uni/magistrale/IDS_project/install/vision/lib/python3.10/site-packages:/opt/ros/humble/lib/python3.10/site-packages:/opt/ros/humble/local/lib/python3.10/dist-packages', 'LC_NUMERIC': 'it_IT.UTF-8', 'LC_PAPER': 'it_IT.UTF-8', 'COLCON': '1', 'VTE_VERSION': '6800'}, 'shell': False}
[4.247197] (project_interfaces) CommandEnded: {'returncode': 0}
[4.247727] (-) TimerEvent: {}
[4.247899] (project_interfaces) JobProgress: {'identifier': 'project_interfaces', 'progress': 'build'}
[4.247929] (project_interfaces) Command: {'cmd': ['/usr/bin/cmake', '--build', '/home/marco/marco/uni/magistrale/IDS_project/build/project_interfaces', '--', '-j8', '-l8'], 'cwd': '/home/marco/marco/uni/magistrale/IDS_project/build/project_interfaces', 'env': OrderedDict([('LESSOPEN', '| /usr/bin/lesspipe %s'), ('USER', 'marco'), ('LC_TIME', 'it_IT.UTF-8'), ('XDG_SESSION_TYPE', 'x11'), ('SHLVL', '1'), ('LD_LIBRARY_PATH', '/opt/ros/humble/opt/rviz_ogre_vendor/lib:/opt/ros/humble/lib/x86_64-linux-gnu:/opt/ros/humble/lib'), ('HOME', '/home/marco'), ('OLDPWD', '/home/marco/marco/uni/magistrale/IDS_project/ros2_ws'), ('DESKTOP_SESSION', 'ubuntu'), ('ROS_PYTHON_VERSION', '3'), ('GNOME_SHELL_SESSION_MODE', 'ubuntu'), ('GTK_MODULES', 'gail:atk-bridge'), ('LC_MONETARY', 'it_IT.UTF-8'), ('MANAGERPID', '1948'), ('SYSTEMD_EXEC_PID', '2438'), ('DBUS_SESSION_BUS_ADDRESS', 'unix:path=/run/user/1000/bus'), ('COLORTERM', 'truecolor'), ('TERMINATOR_DBUS_NAME', 'net.tenshu.Terminator23558193cd9818af7fe4d2c2f5bd9d00f'), ('GIO_LAUNCHED_DESKTOP_FILE_PID', '5065'), ('ROS_DISTRO', 'humble'), ('GTK_IM_MODULE', 'ibus'), ('LOGNAME', 'marco'), ('JOURNAL_STREAM', '8:12126'), ('_', '/usr/bin/colcon'), ('ROS_VERSION', '2'), ('XDG_SESSION_CLASS', 'user'), ('USERNAME', 'marco'), ('TERM', 'xterm-256color'), ('GNOME_DESKTOP_SESSION_ID', 'this-is-deprecated'), ('ROS_LOCALHOST_ONLY', '0'), ('WINDOWPATH', '2'), ('PATH', '/opt/ros/humble/bin:/home/marco/.local/bin:/usr/local/sbin:/usr/local/bin:/usr/sbin:/usr/bin:/sbin:/bin:/usr/games:/usr/local/games:/snap/bin:/snap/bin'), ('SESSION_MANAGER', 'local/marco-ub22:@/tmp/.ICE-unix/2241,unix/marco-ub22:/tmp/.ICE-unix/2241'), ('INVOCATION_ID', '13ce98eb6ffe48af991f103afcdbba0c'), ('XDG_MENU_PREFIX', 'gnome-'), ('LC_ADDRESS', 'it_IT.UTF-8'), ('XDG_RUNTIME_DIR', '/run/user/1000'), ('DISPLAY', ':1'), ('TERMINATOR_DBUS_PATH', '/net/tenshu/Terminator2'), ('LANG', 'en_US.UTF-8'), ('XDG_CURRENT_DESKTOP', 'ubuntu:GNOME'), ('IBUS_DISABLE_SNOOPER', '1'), ('LC_TELEPHONE', 'it_IT.UTF-8'), ('XMODIFIERS', '@im=ibus'), ('XDG_SESSION_DESKTOP', 'ubuntu'), ('XAUTHORITY', '/run/user/1000/gdm/Xauthority'), ('LS_COLORS', 'rs=0:di=01;34:ln=01;36:mh=00:pi=40;33:so=01;35:do=01;35:bd=40;33;01:cd=40;33;01:or=40;31;01:mi=00:su=37;41:sg=30;43:ca=30;41:tw=30;42:ow=34;42:st=37;44:ex=01;32:*.tar=01;31:*.tgz=01;31:*.arc=01;31:*.arj=01;31:*.taz=01;31:*.lha=01;31:*.lz4=01;31:*.lzh=01;31:*.lzma=01;31:*.tlz=01;31:*.txz=01;31:*.tzo=01;31:*.t7z=01;31:*.zip=01;31:*.z=01;31:*.dz=01;31:*.gz=01;31:*.lrz=01;31:*.lz=01;31:*.lzo=01;31:*.xz=01;31:*.zst=01;31:*.tzst=01;31:*.bz2=01;31:*.bz=01;31:*.tbz=01;31:*.tbz2=01;31:*.tz=01;31:*.deb=01;31:*.rpm=01;31:*.jar=01;31:*.war=01;31:*.ear=01;31:*.sar=01;31:*.rar=01;31:*.alz=01;31:*.ace=01;31:*.zoo=01;31:*.cpio=01;31:*.7z=01;31:*.rz=01;31:*.cab=01;31:*.wim=01;31:*.swm=01;31:*.dwm=01;31:*.esd=01;31:*.jpg=01;35:*.jpeg=01;35:*.mjpg=01;35:*.mjpeg=01;35:*.gif=01;35:*.bmp=01;35:*.pbm=01;35:*.pgm=01;35:*.ppm=01;35:*.tga=01;35:*.xbm=01;35:*.xpm=01;35:*.tif=01;35:*.tiff=01;35:*.png=01;35:*.svg=01;35:*.svgz=01;35:*.mng=01;35:*.pcx=01;35:*.mov=01;35:*.mpg=01;35:*.mpeg=01;35:*.m2v=01;35:*.mkv=01;35:*.webm=01;35:*.webp=01;35:*.ogm=01;35:*.mp4=01;35:*.m4v=01;35:*.mp4v=01;35:*.vob=01;35:*.qt=01;35:*.nuv=01;35:*.wmv=01;35:*.asf=01;35:*.rm=01;35:*.rmvb=01;35:*.flc=01;35:*.avi=01;35:*.fli=01;35:*.flv=01;35:*.gl=01;35:*.dl=01;35:*.xcf=01;35:*.xwd=01;35:*.yuv=01;35:*.cgm=01;35:*.emf=01;35:*.ogv=01;35:*.ogx=01;35:*.aac=00;36:*.au=00;36:*.flac=00;36:*.m4a=00;36:*.mid=00;36:*.midi=00;36:*.mka=00;36:*.mp3=00;36:*.mpc=00;36:*.ogg=00;36:*.ra=00;36:*.wav=00;36:*.oga=00;36:*.opus=00;36:*.spx=00;36:*.xspf=00;36:'), ('SSH_AGENT_LAUNCHER', 'gnome-keyring'), ('SSH_AUTH_SOCK', '/run/user/1000/keyring/ssh'), ('ROS_DOMAIN_ID', '2'), ('AMENT_PREFIX_PATH', '/opt/ros/humble'), ('SHELL', '/bin/bash'), ('LC_NAME', 'it_IT.UTF-8'), ('TERMINATOR_UUID', 'urn:uuid:029eaee9-0711-4cf2-bfd1-7b9bd46242d4'), ('QT_ACCESSIBILITY', '1'), ('GDMSESSION', 'ubuntu'), ('LESSCLOSE', '/usr/bin/lesspipe %s %s'), ('LC_MEASUREMENT', 'it_IT.UTF-8'), ('GPG_AGENT_INFO', '/run/user/1000/gnupg/S.gpg-agent:0:1'), ('LC_IDENTIFICATION', 'it_IT.UTF-8'), ('QT_IM_MODULE', 'ibus'), ('PWD', '/home/marco/marco/uni/magistrale/IDS_project/build/project_interfaces'), ('LC_ALL', 'en_US.UTF-8'), ('XDG_CONFIG_DIRS', '/etc/xdg/xdg-ubuntu:/etc/xdg'), ('XDG_DATA_DIRS', '/usr/share/ubuntu:/usr/share/gnome:/usr/local/share/:/usr/share/:/var/lib/snapd/desktop'), ('PYTHONPATH', '/opt/ros/humble/lib/python3.10/site-packages:/opt/ros/humble/local/lib/python3.10/dist-packages'), ('LC_NUMERIC', 'it_IT.UTF-8'), ('LC_PAPER', 'it_IT.UTF-8'), ('COLCON', '1'), ('VTE_VERSION', '6800'), ('CMAKE_PREFIX_PATH', '/opt/ros/humble')]), 'shell': False}
[4.250262] (simulation) StdoutLine: {'line': b'running egg_info\n'}
[4.267371] (simulation) StdoutLine: {'line': b'creating ../../../build/simulation/simulation.egg-info\n'}
[4.267733] (simulation) StdoutLine: {'line': b'writing ../../../build/simulation/simulation.egg-info/PKG-INFO\n'}
[4.268590] (simulation) StdoutLine: {'line': b'writing dependency_links to ../../../build/simulation/simulation.egg-info/dependency_links.txt\n'}
[4.271297] (simulation) StdoutLine: {'line': b'writing entry points to ../../../build/simulation/simulation.egg-info/entry_points.txt\n'}
[4.271465] (simulation) StdoutLine: {'line': b'writing requirements to ../../../build/simulation/simulation.egg-info/requires.txt\n'}
[4.271546] (simulation) StdoutLine: {'line': b'writing top-level names to ../../../build/simulation/simulation.egg-info/top_level.txt\n'}
[4.271609] (simulation) StdoutLine: {'line': b"writing manifest file '../../../build/simulation/simulation.egg-info/SOURCES.txt'\n"}
[4.331993] (theora_image_transport) StdoutLine: {'line': b'-- Configuring done\n'}
[4.332255] (simulation) StdoutLine: {'line': b"reading manifest file '../../../build/simulation/simulation.egg-info/SOURCES.txt'\n"}
[4.334182] (simulation) StdoutLine: {'line': b"writing manifest file '../../../build/simulation/simulation.egg-info/SOURCES.txt'\n"}
[4.334340] (simulation) StdoutLine: {'line': b'running build\n'}
[4.334415] (simulation) StdoutLine: {'line': b'running build_py\n'}
[4.334477] (simulation) StdoutLine: {'line': b'creating /home/marco/marco/uni/magistrale/IDS_project/build/simulation/build/lib/simulation\n'}
[4.334539] (simulation) StdoutLine: {'line': b'copying simulation/sim_vision_node.py -> /home/marco/marco/uni/magistrale/IDS_project/build/simulation/build/lib/simulation\n'}
[4.334602] (simulation) StdoutLine: {'line': b'copying simulation/sim_odometry_node.py -> /home/marco/marco/uni/magistrale/IDS_project/build/simulation/build/lib/simulation\n'}
[4.334671] (simulation) StdoutLine: {'line': b'copying simulation/sim_camera_node.py -> /home/marco/marco/uni/magistrale/IDS_project/build/simulation/build/lib/simulation\n'}
[4.334777] (simulation) StdoutLine: {'line': b'copying simulation/sim_EKF_node.py -> /home/marco/marco/uni/magistrale/IDS_project/build/simulation/build/lib/simulation\n'}
[4.334843] (simulation) StdoutLine: {'line': b'copying simulation/__init__.py -> /home/marco/marco/uni/magistrale/IDS_project/build/simulation/build/lib/simulation\n'}
[4.335896] (simulation) StdoutLine: {'line': b'running install\n'}
[4.342388] (project_interfaces) StdoutLine: {'line': b'[  1%] \x1b[34m\x1b[1mGenerating C code for ROS interfaces\x1b[0m\n'}
[4.349220] (-) TimerEvent: {}
[4.349614] (simulation) StdoutLine: {'line': b'running install_lib\n'}
[4.387563] (project_interfaces) StdoutLine: {'line': b'[  2%] \x1b[34m\x1b[1mGenerating Rust code for ROS interfaces\x1b[0m\n'}
[4.399229] (project_interfaces) StdoutLine: {'line': b'[  4%] \x1b[34m\x1b[1mGenerating C++ code for ROS interfaces\x1b[0m\n'}
[4.403398] (simulation) StdoutLine: {'line': b'creating /home/marco/marco/uni/magistrale/IDS_project/install/simulation/lib/python3.10/site-packages/simulation\n'}
[4.403685] (simulation) StdoutLine: {'line': b'copying /home/marco/marco/uni/magistrale/IDS_project/build/simulation/build/lib/simulation/sim_vision_node.py -> /home/marco/marco/uni/magistrale/IDS_project/install/simulation/lib/python3.10/site-packages/simulation\n'}
[4.403772] (simulation) StdoutLine: {'line': b'copying /home/marco/marco/uni/magistrale/IDS_project/build/simulation/build/lib/simulation/sim_odometry_node.py -> /home/marco/marco/uni/magistrale/IDS_project/install/simulation/lib/python3.10/site-packages/simulation\n'}
[4.403865] (simulation) StdoutLine: {'line': b'copying /home/marco/marco/uni/magistrale/IDS_project/build/simulation/build/lib/simulation/sim_camera_node.py -> /home/marco/marco/uni/magistrale/IDS_project/install/simulation/lib/python3.10/site-packages/simulation\n'}
[4.403934] (simulation) StdoutLine: {'line': b'copying /home/marco/marco/uni/magistrale/IDS_project/build/simulation/build/lib/simulation/sim_EKF_node.py -> /home/marco/marco/uni/magistrale/IDS_project/install/simulation/lib/python3.10/site-packages/simulation\n'}
[4.404139] (simulation) StdoutLine: {'line': b'copying /home/marco/marco/uni/magistrale/IDS_project/build/simulation/build/lib/simulation/__init__.py -> /home/marco/marco/uni/magistrale/IDS_project/install/simulation/lib/python3.10/site-packages/simulation\n'}
[4.421421] (simulation) StdoutLine: {'line': b'byte-compiling /home/marco/marco/uni/magistrale/IDS_project/install/simulation/lib/python3.10/site-packages/simulation/sim_vision_node.py to sim_vision_node.cpython-310.pyc\n'}
[4.421629] (simulation) StdoutLine: {'line': b'byte-compiling /home/marco/marco/uni/magistrale/IDS_project/install/simulation/lib/python3.10/site-packages/simulation/sim_odometry_node.py to sim_odometry_node.cpython-310.pyc\n'}
[4.421823] (simulation) StdoutLine: {'line': b'byte-compiling /home/marco/marco/uni/magistrale/IDS_project/install/simulation/lib/python3.10/site-packages/simulation/sim_camera_node.py to sim_camera_node.cpython-310.pyc\n'}
[4.422259] (simulation) StdoutLine: {'line': b'byte-compiling /home/marco/marco/uni/magistrale/IDS_project/install/simulation/lib/python3.10/site-packages/simulation/sim_EKF_node.py to sim_EKF_node.cpython-310.pyc\n'}
[4.422689] (simulation) StdoutLine: {'line': b'byte-compiling /home/marco/marco/uni/magistrale/IDS_project/install/simulation/lib/python3.10/site-packages/simulation/__init__.py to __init__.cpython-310.pyc\n'}
[4.422914] (simulation) StdoutLine: {'line': b'running install_data\n'}
[4.423154] (simulation) StdoutLine: {'line': b'creating /home/marco/marco/uni/magistrale/IDS_project/install/simulation/share/ament_index/resource_index/packages\n'}
[4.436211] (simulation) StdoutLine: {'line': b'copying resource/simulation -> /home/marco/marco/uni/magistrale/IDS_project/install/simulation/share/ament_index/resource_index/packages\n'}
[4.436457] (simulation) StdoutLine: {'line': b'copying package.xml -> /home/marco/marco/uni/magistrale/IDS_project/install/simulation/share/simulation\n'}
[4.436521] (simulation) StdoutLine: {'line': b'running install_egg_info\n'}
[4.438301] (project_interfaces) StdoutLine: {'line': b'[  4%] Built target ament_cmake_python_copy_project_interfaces\n'}
[4.449323] (-) TimerEvent: {}
[4.467112] (theora_image_transport) StdoutLine: {'line': b'-- Generating done\n'}
[4.530499] (theora_image_transport) StdoutLine: {'line': b'-- Build files have been written to: /home/marco/marco/uni/magistrale/IDS_project/build/theora_image_transport\n'}
[4.531265] (simulation) StdoutLine: {'line': b'Copying ../../../build/simulation/simulation.egg-info to /home/marco/marco/uni/magistrale/IDS_project/install/simulation/lib/python3.10/site-packages/simulation-0.0.0-py3.10.egg-info\n'}
[4.531476] (simulation) StdoutLine: {'line': b'running install_scripts\n'}
[4.549426] (-) TimerEvent: {}
[4.610881] (theora_image_transport) CommandEnded: {'returncode': 0}
[4.611589] (theora_image_transport) JobProgress: {'identifier': 'theora_image_transport', 'progress': 'build'}
[4.611633] (theora_image_transport) Command: {'cmd': ['/usr/bin/cmake', '--build', '/home/marco/marco/uni/magistrale/IDS_project/build/theora_image_transport', '--', '-j8', '-l8'], 'cwd': '/home/marco/marco/uni/magistrale/IDS_project/build/theora_image_transport', 'env': OrderedDict([('LESSOPEN', '| /usr/bin/lesspipe %s'), ('USER', 'marco'), ('LC_TIME', 'it_IT.UTF-8'), ('XDG_SESSION_TYPE', 'x11'), ('SHLVL', '1'), ('LD_LIBRARY_PATH', '/opt/ros/humble/opt/rviz_ogre_vendor/lib:/opt/ros/humble/lib/x86_64-linux-gnu:/opt/ros/humble/lib'), ('HOME', '/home/marco'), ('OLDPWD', '/home/marco/marco/uni/magistrale/IDS_project/ros2_ws'), ('DESKTOP_SESSION', 'ubuntu'), ('ROS_PYTHON_VERSION', '3'), ('GNOME_SHELL_SESSION_MODE', 'ubuntu'), ('GTK_MODULES', 'gail:atk-bridge'), ('LC_MONETARY', 'it_IT.UTF-8'), ('MANAGERPID', '1948'), ('SYSTEMD_EXEC_PID', '2438'), ('DBUS_SESSION_BUS_ADDRESS', 'unix:path=/run/user/1000/bus'), ('COLORTERM', 'truecolor'), ('TERMINATOR_DBUS_NAME', 'net.tenshu.Terminator23558193cd9818af7fe4d2c2f5bd9d00f'), ('GIO_LAUNCHED_DESKTOP_FILE_PID', '5065'), ('ROS_DISTRO', 'humble'), ('GTK_IM_MODULE', 'ibus'), ('LOGNAME', 'marco'), ('JOURNAL_STREAM', '8:12126'), ('_', '/usr/bin/colcon'), ('ROS_VERSION', '2'), ('XDG_SESSION_CLASS', 'user'), ('USERNAME', 'marco'), ('TERM', 'xterm-256color'), ('GNOME_DESKTOP_SESSION_ID', 'this-is-deprecated'), ('ROS_LOCALHOST_ONLY', '0'), ('WINDOWPATH', '2'), ('PATH', '/opt/ros/humble/bin:/home/marco/.local/bin:/usr/local/sbin:/usr/local/bin:/usr/sbin:/usr/bin:/sbin:/bin:/usr/games:/usr/local/games:/snap/bin:/snap/bin'), ('SESSION_MANAGER', 'local/marco-ub22:@/tmp/.ICE-unix/2241,unix/marco-ub22:/tmp/.ICE-unix/2241'), ('INVOCATION_ID', '13ce98eb6ffe48af991f103afcdbba0c'), ('XDG_MENU_PREFIX', 'gnome-'), ('LC_ADDRESS', 'it_IT.UTF-8'), ('XDG_RUNTIME_DIR', '/run/user/1000'), ('DISPLAY', ':1'), ('TERMINATOR_DBUS_PATH', '/net/tenshu/Terminator2'), ('LANG', 'en_US.UTF-8'), ('XDG_CURRENT_DESKTOP', 'ubuntu:GNOME'), ('IBUS_DISABLE_SNOOPER', '1'), ('LC_TELEPHONE', 'it_IT.UTF-8'), ('XMODIFIERS', '@im=ibus'), ('XDG_SESSION_DESKTOP', 'ubuntu'), ('XAUTHORITY', '/run/user/1000/gdm/Xauthority'), ('LS_COLORS', 'rs=0:di=01;34:ln=01;36:mh=00:pi=40;33:so=01;35:do=01;35:bd=40;33;01:cd=40;33;01:or=40;31;01:mi=00:su=37;41:sg=30;43:ca=30;41:tw=30;42:ow=34;42:st=37;44:ex=01;32:*.tar=01;31:*.tgz=01;31:*.arc=01;31:*.arj=01;31:*.taz=01;31:*.lha=01;31:*.lz4=01;31:*.lzh=01;31:*.lzma=01;31:*.tlz=01;31:*.txz=01;31:*.tzo=01;31:*.t7z=01;31:*.zip=01;31:*.z=01;31:*.dz=01;31:*.gz=01;31:*.lrz=01;31:*.lz=01;31:*.lzo=01;31:*.xz=01;31:*.zst=01;31:*.tzst=01;31:*.bz2=01;31:*.bz=01;31:*.tbz=01;31:*.tbz2=01;31:*.tz=01;31:*.deb=01;31:*.rpm=01;31:*.jar=01;31:*.war=01;31:*.ear=01;31:*.sar=01;31:*.rar=01;31:*.alz=01;31:*.ace=01;31:*.zoo=01;31:*.cpio=01;31:*.7z=01;31:*.rz=01;31:*.cab=01;31:*.wim=01;31:*.swm=01;31:*.dwm=01;31:*.esd=01;31:*.jpg=01;35:*.jpeg=01;35:*.mjpg=01;35:*.mjpeg=01;35:*.gif=01;35:*.bmp=01;35:*.pbm=01;35:*.pgm=01;35:*.ppm=01;35:*.tga=01;35:*.xbm=01;35:*.xpm=01;35:*.tif=01;35:*.tiff=01;35:*.png=01;35:*.svg=01;35:*.svgz=01;35:*.mng=01;35:*.pcx=01;35:*.mov=01;35:*.mpg=01;35:*.mpeg=01;35:*.m2v=01;35:*.mkv=01;35:*.webm=01;35:*.webp=01;35:*.ogm=01;35:*.mp4=01;35:*.m4v=01;35:*.mp4v=01;35:*.vob=01;35:*.qt=01;35:*.nuv=01;35:*.wmv=01;35:*.asf=01;35:*.rm=01;35:*.rmvb=01;35:*.flc=01;35:*.avi=01;35:*.fli=01;35:*.flv=01;35:*.gl=01;35:*.dl=01;35:*.xcf=01;35:*.xwd=01;35:*.yuv=01;35:*.cgm=01;35:*.emf=01;35:*.ogv=01;35:*.ogx=01;35:*.aac=00;36:*.au=00;36:*.flac=00;36:*.m4a=00;36:*.mid=00;36:*.midi=00;36:*.mka=00;36:*.mp3=00;36:*.mpc=00;36:*.ogg=00;36:*.ra=00;36:*.wav=00;36:*.oga=00;36:*.opus=00;36:*.spx=00;36:*.xspf=00;36:'), ('SSH_AGENT_LAUNCHER', 'gnome-keyring'), ('SSH_AUTH_SOCK', '/run/user/1000/keyring/ssh'), ('ROS_DOMAIN_ID', '2'), ('AMENT_PREFIX_PATH', '/opt/ros/humble'), ('SHELL', '/bin/bash'), ('LC_NAME', 'it_IT.UTF-8'), ('TERMINATOR_UUID', 'urn:uuid:029eaee9-0711-4cf2-bfd1-7b9bd46242d4'), ('QT_ACCESSIBILITY', '1'), ('GDMSESSION', 'ubuntu'), ('LESSCLOSE', '/usr/bin/lesspipe %s %s'), ('LC_MEASUREMENT', 'it_IT.UTF-8'), ('GPG_AGENT_INFO', '/run/user/1000/gnupg/S.gpg-agent:0:1'), ('LC_IDENTIFICATION', 'it_IT.UTF-8'), ('QT_IM_MODULE', 'ibus'), ('PWD', '/home/marco/marco/uni/magistrale/IDS_project/build/theora_image_transport'), ('LC_ALL', 'en_US.UTF-8'), ('XDG_CONFIG_DIRS', '/etc/xdg/xdg-ubuntu:/etc/xdg'), ('XDG_DATA_DIRS', '/usr/share/ubuntu:/usr/share/gnome:/usr/local/share/:/usr/share/:/var/lib/snapd/desktop'), ('PYTHONPATH', '/opt/ros/humble/lib/python3.10/site-packages:/opt/ros/humble/local/lib/python3.10/dist-packages'), ('LC_NUMERIC', 'it_IT.UTF-8'), ('LC_PAPER', 'it_IT.UTF-8'), ('COLCON', '1'), ('VTE_VERSION', '6800'), ('CMAKE_PREFIX_PATH', '/opt/ros/humble')]), 'shell': False}
[4.649561] (-) TimerEvent: {}
[4.653813] (vision) StdoutLine: {'line': b'running egg_info\n'}
[4.674726] (vision) StdoutLine: {'line': b'creating ../../../build/vision/vision.egg-info\n'}
[4.675606] (vision) StdoutLine: {'line': b'writing ../../../build/vision/vision.egg-info/PKG-INFO\n'}
[4.675723] (vision) StdoutLine: {'line': b'writing dependency_links to ../../../build/vision/vision.egg-info/dependency_links.txt\n'}
[4.675844] (vision) StdoutLine: {'line': b'writing entry points to ../../../build/vision/vision.egg-info/entry_points.txt\n'}
[4.676064] (vision) StdoutLine: {'line': b'writing requirements to ../../../build/vision/vision.egg-info/requires.txt\n'}
[4.676189] (vision) StdoutLine: {'line': b'writing top-level names to ../../../build/vision/vision.egg-info/top_level.txt\n'}
[4.676305] (vision) StdoutLine: {'line': b"writing manifest file '../../../build/vision/vision.egg-info/SOURCES.txt'\n"}
[4.722751] (vision) StdoutLine: {'line': b"reading manifest file '../../../build/vision/vision.egg-info/SOURCES.txt'\n"}
[4.725731] (vision) StdoutLine: {'line': b"writing manifest file '../../../build/vision/vision.egg-info/SOURCES.txt'\n"}
[4.726718] (vision) StdoutLine: {'line': b'running build\n'}
[4.726919] (vision) StdoutLine: {'line': b'running build_py\n'}
[4.726985] (vision) StdoutLine: {'line': b'creating /home/marco/marco/uni/magistrale/IDS_project/build/vision/build/lib/vision\n'}
[4.727044] (vision) StdoutLine: {'line': b'copying vision/Vision_class.py -> /home/marco/marco/uni/magistrale/IDS_project/build/vision/build/lib/vision\n'}
[4.727101] (vision) StdoutLine: {'line': b'copying vision/vision_node.py -> /home/marco/marco/uni/magistrale/IDS_project/build/vision/build/lib/vision\n'}
[4.727162] (vision) StdoutLine: {'line': b'copying vision/__init__.py -> /home/marco/marco/uni/magistrale/IDS_project/build/vision/build/lib/vision\n'}
[4.727217] (vision) StdoutLine: {'line': b'running install\n'}
[4.738153] (vision) StdoutLine: {'line': b'running install_lib\n'}
[4.751048] (-) TimerEvent: {}
[4.751456] (vision) StdoutLine: {'line': b'creating /home/marco/marco/uni/magistrale/IDS_project/install/vision/lib/python3.10/site-packages/vision\n'}
[4.751633] (vision) StdoutLine: {'line': b'copying /home/marco/marco/uni/magistrale/IDS_project/build/vision/build/lib/vision/Vision_class.py -> /home/marco/marco/uni/magistrale/IDS_project/install/vision/lib/python3.10/site-packages/vision\n'}
[4.751710] (vision) StdoutLine: {'line': b'copying /home/marco/marco/uni/magistrale/IDS_project/build/vision/build/lib/vision/vision_node.py -> /home/marco/marco/uni/magistrale/IDS_project/install/vision/lib/python3.10/site-packages/vision\n'}
[4.751917] (vision) StdoutLine: {'line': b'copying /home/marco/marco/uni/magistrale/IDS_project/build/vision/build/lib/vision/__init__.py -> /home/marco/marco/uni/magistrale/IDS_project/install/vision/lib/python3.10/site-packages/vision\n'}
[4.752081] (vision) StdoutLine: {'line': b'byte-compiling /home/marco/marco/uni/magistrale/IDS_project/install/vision/lib/python3.10/site-packages/vision/Vision_class.py to Vision_class.cpython-310.pyc\n'}
[4.756800] (vision) StdoutLine: {'line': b'byte-compiling /home/marco/marco/uni/magistrale/IDS_project/install/vision/lib/python3.10/site-packages/vision/vision_node.py to vision_node.cpython-310.pyc\n'}
[4.757791] (vision) StdoutLine: {'line': b'byte-compiling /home/marco/marco/uni/magistrale/IDS_project/install/vision/lib/python3.10/site-packages/vision/__init__.py to __init__.cpython-310.pyc\n'}
[4.757959] (vision) StdoutLine: {'line': b'running install_data\n'}
[4.758025] (vision) StdoutLine: {'line': b'creating /home/marco/marco/uni/magistrale/IDS_project/install/vision/share/ament_index/resource_index/packages\n'}
[4.765596] (vision) StdoutLine: {'line': b'copying resource/vision -> /home/marco/marco/uni/magistrale/IDS_project/install/vision/share/ament_index/resource_index/packages\n'}
[4.765822] (vision) StdoutLine: {'line': b'copying package.xml -> /home/marco/marco/uni/magistrale/IDS_project/install/vision/share/vision\n'}
[4.765905] (vision) StdoutLine: {'line': b'running install_egg_info\n'}
[4.769205] (theora_image_transport) StdoutLine: {'line': b'[  2%] \x1b[34m\x1b[1mGenerating C code for ROS interfaces\x1b[0m\n'}
[4.779651] (vision) StdoutLine: {'line': b'Copying ../../../build/vision/vision.egg-info to /home/marco/marco/uni/magistrale/IDS_project/install/vision/lib/python3.10/site-packages/vision-0.0.0-py3.10.egg-info\n'}
[4.780733] (vision) StdoutLine: {'line': b'running install_scripts\n'}
[4.800275] (theora_image_transport) StdoutLine: {'line': b'[  5%] \x1b[34m\x1b[1mGenerating Rust code for ROS interfaces\x1b[0m\n'}
[4.804641] (simulation) StdoutLine: {'line': b'Installing sim_EKF_node script to /home/marco/marco/uni/magistrale/IDS_project/install/simulation/lib/simulation\n'}
[4.806424] (simulation) StdoutLine: {'line': b'Installing sim_camera_node script to /home/marco/marco/uni/magistrale/IDS_project/install/simulation/lib/simulation\n'}
[4.809659] (simulation) StdoutLine: {'line': b'Installing sim_odometry_node script to /home/marco/marco/uni/magistrale/IDS_project/install/simulation/lib/simulation\n'}
[4.812281] (simulation) StdoutLine: {'line': b'Installing sim_vision_node script to /home/marco/marco/uni/magistrale/IDS_project/install/simulation/lib/simulation\n'}
[4.812492] (simulation) StdoutLine: {'line': b"writing list of installed files to '/home/marco/marco/uni/magistrale/IDS_project/build/simulation/install.log'\n"}
[4.822998] (theora_image_transport) StdoutLine: {'line': b'[  7%] \x1b[34m\x1b[1mGenerating C++ code for ROS interfaces\x1b[0m\n'}
[4.848262] (project_interfaces) StdoutLine: {'line': b'running egg_info\n'}
[4.853200] (-) TimerEvent: {}
[4.860124] (theora_image_transport) StdoutLine: {'line': b'[  7%] Built target ament_cmake_python_copy_theora_image_transport\n'}
[4.866810] (project_interfaces) StdoutLine: {'line': b'creating project_interfaces.egg-info\n'}
[4.867059] (project_interfaces) StdoutLine: {'line': b'writing project_interfaces.egg-info/PKG-INFO\n'}
[4.867420] (project_interfaces) StdoutLine: {'line': b'writing dependency_links to project_interfaces.egg-info/dependency_links.txt\n'}
[4.872272] (project_interfaces) StdoutLine: {'line': b'writing top-level names to project_interfaces.egg-info/top_level.txt\n'}
[4.872497] (project_interfaces) StdoutLine: {'line': b"writing manifest file 'project_interfaces.egg-info/SOURCES.txt'\n"}
[4.911751] (simulation) CommandEnded: {'returncode': 0}
[4.922447] (vision) StdoutLine: {'line': b'Installing vision_node script to /home/marco/marco/uni/magistrale/IDS_project/install/vision/lib/vision\n'}
[4.922650] (vision) StdoutLine: {'line': b"writing list of installed files to '/home/marco/marco/uni/magistrale/IDS_project/build/vision/install.log'\n"}
[4.932567] (project_interfaces) StdoutLine: {'line': b"reading manifest file 'project_interfaces.egg-info/SOURCES.txt'\n"}
[4.932802] (project_interfaces) StdoutLine: {'line': b"writing manifest file 'project_interfaces.egg-info/SOURCES.txt'\n"}
[4.932917] (simulation) JobEnded: {'identifier': 'simulation', 'rc': 0}
[4.954047] (-) TimerEvent: {}
[4.977751] (vision) CommandEnded: {'returncode': 0}
[4.997470] (project_interfaces) StdoutLine: {'line': b'[  4%] Built target ament_cmake_python_build_project_interfaces_egg\n'}
[5.001280] (vision) JobEnded: {'identifier': 'vision', 'rc': 0}
[5.054085] (-) TimerEvent: {}
[5.154500] (-) TimerEvent: {}
[5.258502] (-) TimerEvent: {}
[5.285233] (theora_image_transport) StdoutLine: {'line': b'running egg_info\n'}
[5.300168] (theora_image_transport) StdoutLine: {'line': b'creating theora_image_transport.egg-info\n'}
[5.300430] (theora_image_transport) StdoutLine: {'line': b'writing theora_image_transport.egg-info/PKG-INFO\n'}
[5.300898] (theora_image_transport) StdoutLine: {'line': b'writing dependency_links to theora_image_transport.egg-info/dependency_links.txt\n'}
[5.301224] (theora_image_transport) StdoutLine: {'line': b'writing top-level names to theora_image_transport.egg-info/top_level.txt\n'}
[5.301372] (theora_image_transport) StdoutLine: {'line': b"writing manifest file 'theora_image_transport.egg-info/SOURCES.txt'\n"}
[5.345230] (project_interfaces) StdoutLine: {'line': b'[  4%] Built target project_interfaces__rs\n'}
[5.358557] (-) TimerEvent: {}
[5.360405] (theora_image_transport) StdoutLine: {'line': b"reading manifest file 'theora_image_transport.egg-info/SOURCES.txt'\n"}
[5.362176] (theora_image_transport) StdoutLine: {'line': b"writing manifest file 'theora_image_transport.egg-info/SOURCES.txt'\n"}
[5.400893] (theora_image_transport) StdoutLine: {'line': b'[  7%] Built target ament_cmake_python_build_theora_image_transport_egg\n'}
[5.458662] (-) TimerEvent: {}
[5.482438] (theora_image_transport) StdoutLine: {'line': b'[  7%] Built target theora_image_transport__cpp\n'}
[5.515135] (theora_image_transport) StdoutLine: {'line': b'[ 10%] \x1b[34m\x1b[1mGenerating C++ introspection for ROS interfaces\x1b[0m\n'}
[5.517495] (theora_image_transport) StdoutLine: {'line': b'[ 13%] \x1b[34m\x1b[1mGenerating C++ type support for eProsima Fast-RTPS\x1b[0m\n'}
[5.524309] (theora_image_transport) StdoutLine: {'line': b'[ 15%] \x1b[34m\x1b[1mGenerating C++ type support dispatch for ROS interfaces\x1b[0m\n'}
[5.558760] (-) TimerEvent: {}
[5.659092] (-) TimerEvent: {}
[5.669199] (theora_image_transport) StdoutLine: {'line': b'[ 15%] Built target theora_image_transport__rs\n'}
[5.759207] (-) TimerEvent: {}
[5.859822] (-) TimerEvent: {}
[5.964220] (-) TimerEvent: {}
[5.979269] (theora_image_transport) StdoutLine: {'line': b'[ 18%] \x1b[32mBuilding C object CMakeFiles/theora_image_transport__rosidl_generator_c.dir/rosidl_generator_c/theora_image_transport/msg/detail/packet__functions.c.o\x1b[0m\n'}
[6.008920] (project_interfaces) StdoutLine: {'line': b'[  4%] Built target project_interfaces__cpp\n'}
[6.032358] (project_interfaces) StdoutLine: {'line': b'[  5%] \x1b[34m\x1b[1mGenerating C++ type support for eProsima Fast-RTPS\x1b[0m\n'}
[6.033825] (project_interfaces) StdoutLine: {'line': b'[  6%] \x1b[34m\x1b[1mGenerating C++ introspection for ROS interfaces\x1b[0m\n'}
[6.047959] (project_interfaces) StdoutLine: {'line': b'[  8%] \x1b[34m\x1b[1mGenerating C++ type support dispatch for ROS interfaces\x1b[0m\n'}
[6.065205] (-) TimerEvent: {}
[6.084976] (project_interfaces) StdoutLine: {'line': b'[  9%] \x1b[32mBuilding C object CMakeFiles/project_interfaces__rosidl_generator_c.dir/rosidl_generator_c/project_interfaces/msg/detail/measurement__functions.c.o\x1b[0m\n'}
[6.098114] (project_interfaces) StdoutLine: {'line': b'[ 11%] \x1b[32mBuilding C object CMakeFiles/project_interfaces__rosidl_generator_c.dir/rosidl_generator_c/project_interfaces/msg/detail/update__functions.c.o\x1b[0m\n'}
[6.115360] (project_interfaces) StdoutLine: {'line': b'[ 12%] \x1b[32mBuilding C object CMakeFiles/project_interfaces__rosidl_generator_c.dir/rosidl_generator_c/project_interfaces/msg/detail/landmark__functions.c.o\x1b[0m\n'}
[6.118220] (project_interfaces) StdoutLine: {'line': b'[ 13%] \x1b[32mBuilding C object CMakeFiles/project_interfaces__rosidl_generator_c.dir/rosidl_generator_c/project_interfaces/msg/detail/mp_cprediction__functions.c.o\x1b[0m\n'}
[6.118496] (theora_image_transport) StdoutLine: {'line': b'[ 21%] \x1b[32m\x1b[1mLinking C shared library libtheora_image_transport__rosidl_generator_c.so\x1b[0m\n'}
[6.119584] (project_interfaces) StdoutLine: {'line': b'[ 15%] \x1b[32mBuilding C object CMakeFiles/project_interfaces__rosidl_generator_c.dir/rosidl_generator_c/project_interfaces/msg/detail/state__functions.c.o\x1b[0m\n'}
[6.165363] (-) TimerEvent: {}
[6.228254] (theora_image_transport) StdoutLine: {'line': b'[ 21%] Built target theora_image_transport__rosidl_generator_c\n'}
[6.228552] (project_interfaces) StdoutLine: {'line': b'[ 16%] \x1b[32mBuilding C object CMakeFiles/project_interfaces__rosidl_generator_c.dir/rosidl_generator_c/project_interfaces/msg/detail/desired__functions.c.o\x1b[0m\n'}
[6.246551] (theora_image_transport) StdoutLine: {'line': b'[ 23%] \x1b[32mBuilding CXX object CMakeFiles/theora_image_transport__rosidl_typesupport_introspection_cpp.dir/rosidl_typesupport_introspection_cpp/theora_image_transport/msg/detail/packet__type_support.cpp.o\x1b[0m\n'}
[6.266294] (-) TimerEvent: {}
[6.279453] (theora_image_transport) StdoutLine: {'line': b'[ 26%] \x1b[34m\x1b[1mGenerating C type support for eProsima Fast-RTPS\x1b[0m\n'}
[6.280805] (theora_image_transport) StdoutLine: {'line': b'[ 28%] \x1b[34m\x1b[1mGenerating C type support dispatch for ROS interfaces\x1b[0m\n'}
[6.295581] (theora_image_transport) StdoutLine: {'line': b'[ 31%] \x1b[34m\x1b[1mGenerating C introspection for ROS interfaces\x1b[0m\n'}
[6.296188] (theora_image_transport) StdoutLine: {'line': b'[ 34%] \x1b[32mBuilding CXX object CMakeFiles/theora_image_transport__rosidl_typesupport_fastrtps_cpp.dir/rosidl_typesupport_fastrtps_cpp/theora_image_transport/msg/detail/dds_fastrtps/packet__type_support.cpp.o\x1b[0m\n'}
[6.366387] (-) TimerEvent: {}
[6.447231] (project_interfaces) StdoutLine: {'line': b'[ 18%] \x1b[32m\x1b[1mLinking C shared library libproject_interfaces__rosidl_generator_c.so\x1b[0m\n'}
[6.466521] (-) TimerEvent: {}
[6.542008] (project_interfaces) StdoutLine: {'line': b'[ 18%] Built target project_interfaces__rosidl_generator_c\n'}
[6.565701] (project_interfaces) StdoutLine: {'line': b'[ 19%] \x1b[34m\x1b[1mGenerating C type support for eProsima Fast-RTPS\x1b[0m\n'}
[6.566589] (-) TimerEvent: {}
[6.574839] (project_interfaces) StdoutLine: {'line': b'[ 20%] \x1b[34m\x1b[1mGenerating C introspection for ROS interfaces\x1b[0m\n'}
[6.583921] (project_interfaces) StdoutLine: {'line': b'[ 22%] \x1b[34m\x1b[1mGenerating C type support dispatch for ROS interfaces\x1b[0m\n'}
[6.667433] (-) TimerEvent: {}
[6.767903] (-) TimerEvent: {}
[6.872661] (-) TimerEvent: {}
[6.888340] (project_interfaces) StdoutLine: {'line': b'[ 23%] \x1b[32mBuilding CXX object CMakeFiles/project_interfaces__rosidl_typesupport_introspection_cpp.dir/rosidl_typesupport_introspection_cpp/project_interfaces/msg/detail/landmark__type_support.cpp.o\x1b[0m\n'}
[6.889156] (project_interfaces) StdoutLine: {'line': b'[ 25%] \x1b[32mBuilding CXX object CMakeFiles/project_interfaces__rosidl_typesupport_introspection_cpp.dir/rosidl_typesupport_introspection_cpp/project_interfaces/msg/detail/measurement__type_support.cpp.o\x1b[0m\n'}
[6.910204] (project_interfaces) StdoutLine: {'line': b'[ 26%] \x1b[32mBuilding CXX object CMakeFiles/project_interfaces__rosidl_typesupport_introspection_cpp.dir/rosidl_typesupport_introspection_cpp/project_interfaces/msg/detail/update__type_support.cpp.o\x1b[0m\n'}
[6.929954] (theora_image_transport) StdoutLine: {'line': b'[ 36%] \x1b[32mBuilding CXX object CMakeFiles/theora_image_transport__rosidl_typesupport_fastrtps_c.dir/rosidl_typesupport_fastrtps_c/theora_image_transport/msg/detail/packet__type_support_c.cpp.o\x1b[0m\n'}
[6.956212] (theora_image_transport) StdoutLine: {'line': b'[ 39%] \x1b[32mBuilding CXX object CMakeFiles/theora_image_transport__rosidl_typesupport_cpp.dir/rosidl_typesupport_cpp/theora_image_transport/msg/packet__type_support.cpp.o\x1b[0m\n'}
[6.974210] (-) TimerEvent: {}
[7.015040] (theora_image_transport) StdoutLine: {'line': b'[ 42%] \x1b[32m\x1b[1mLinking CXX shared library libtheora_image_transport__rosidl_typesupport_introspection_cpp.so\x1b[0m\n'}
[7.078566] (-) TimerEvent: {}
[7.079842] (theora_image_transport) StdoutLine: {'line': b'[ 44%] \x1b[32mBuilding CXX object CMakeFiles/theora_image_transport__rosidl_typesupport_c.dir/rosidl_typesupport_c/theora_image_transport/msg/packet__type_support.cpp.o\x1b[0m\n'}
[7.178663] (-) TimerEvent: {}
[7.210544] (theora_image_transport) StdoutLine: {'line': b'[ 47%] \x1b[32m\x1b[1mLinking CXX shared library libtheora_image_transport__rosidl_typesupport_c.so\x1b[0m\n'}
[7.281209] (-) TimerEvent: {}
[7.307357] (theora_image_transport) StdoutLine: {'line': b'[ 47%] Built target theora_image_transport__rosidl_typesupport_introspection_cpp\n'}
[7.346087] (theora_image_transport) StdoutLine: {'line': b'[ 47%] Built target theora_image_transport__rosidl_typesupport_c\n'}
[7.381325] (-) TimerEvent: {}
[7.481752] (-) TimerEvent: {}
[7.517579] (project_interfaces) StdoutLine: {'line': b'[ 27%] \x1b[32mBuilding C object CMakeFiles/project_interfaces__rosidl_typesupport_introspection_c.dir/rosidl_typesupport_introspection_c/project_interfaces/msg/detail/measurement__type_support.c.o\x1b[0m\n'}
[7.560006] (project_interfaces) StdoutLine: {'line': b'[ 29%] \x1b[32mBuilding C object CMakeFiles/project_interfaces__rosidl_typesupport_introspection_c.dir/rosidl_typesupport_introspection_c/project_interfaces/msg/detail/landmark__type_support.c.o\x1b[0m\n'}
[7.581892] (-) TimerEvent: {}
[7.608502] (project_interfaces) StdoutLine: {'line': b'[ 30%] \x1b[32mBuilding C object CMakeFiles/project_interfaces__rosidl_typesupport_introspection_c.dir/rosidl_typesupport_introspection_c/project_interfaces/msg/detail/update__type_support.c.o\x1b[0m\n'}
[7.671550] (project_interfaces) StdoutLine: {'line': b'[ 31%] \x1b[32mBuilding CXX object CMakeFiles/project_interfaces__rosidl_typesupport_introspection_cpp.dir/rosidl_typesupport_introspection_cpp/project_interfaces/msg/detail/state__type_support.cpp.o\x1b[0m\n'}
[7.673739] (project_interfaces) StdoutLine: {'line': b'[ 33%] \x1b[32mBuilding C object CMakeFiles/project_interfaces__rosidl_typesupport_introspection_c.dir/rosidl_typesupport_introspection_c/project_interfaces/msg/detail/state__type_support.c.o\x1b[0m\n'}
[7.681998] (-) TimerEvent: {}
[7.732951] (project_interfaces) StdoutLine: {'line': b'[ 34%] \x1b[32mBuilding C object CMakeFiles/project_interfaces__rosidl_typesupport_introspection_c.dir/rosidl_typesupport_introspection_c/project_interfaces/msg/detail/mp_cprediction__type_support.c.o\x1b[0m\n'}
[7.785371] (-) TimerEvent: {}
[7.785871] (project_interfaces) StdoutLine: {'line': b'[ 36%] \x1b[32mBuilding C object CMakeFiles/project_interfaces__rosidl_typesupport_introspection_c.dir/rosidl_typesupport_introspection_c/project_interfaces/msg/detail/desired__type_support.c.o\x1b[0m\n'}
[7.835171] (project_interfaces) StdoutLine: {'line': b'[ 37%] \x1b[32mBuilding CXX object CMakeFiles/project_interfaces__rosidl_typesupport_fastrtps_c.dir/rosidl_typesupport_fastrtps_c/project_interfaces/msg/detail/measurement__type_support_c.cpp.o\x1b[0m\n'}
[7.837704] (project_interfaces) StdoutLine: {'line': b'[ 38%] \x1b[32m\x1b[1mLinking C shared library libproject_interfaces__rosidl_typesupport_introspection_c.so\x1b[0m\n'}
[7.885508] (-) TimerEvent: {}
[7.915208] (project_interfaces) StdoutLine: {'line': b'[ 38%] Built target project_interfaces__rosidl_typesupport_introspection_c\n'}
[7.970101] (project_interfaces) StdoutLine: {'line': b'[ 40%] \x1b[32mBuilding CXX object CMakeFiles/project_interfaces__rosidl_typesupport_introspection_cpp.dir/rosidl_typesupport_introspection_cpp/project_interfaces/msg/detail/mp_cprediction__type_support.cpp.o\x1b[0m\n'}
[7.985626] (-) TimerEvent: {}
[8.025328] (project_interfaces) StdoutLine: {'line': b'[ 41%] \x1b[32mBuilding CXX object CMakeFiles/project_interfaces__rosidl_typesupport_c.dir/rosidl_typesupport_c/project_interfaces/msg/measurement__type_support.cpp.o\x1b[0m\n'}
[8.091218] (-) TimerEvent: {}
[8.092320] (project_interfaces) StdoutLine: {'line': b'[ 43%] \x1b[32mBuilding CXX object CMakeFiles/project_interfaces__rosidl_typesupport_cpp.dir/rosidl_typesupport_cpp/project_interfaces/msg/measurement__type_support.cpp.o\x1b[0m\n'}
[8.099901] (theora_image_transport) StdoutLine: {'line': b'[ 50%] \x1b[32m\x1b[1mLinking CXX shared library libtheora_image_transport__rosidl_typesupport_cpp.so\x1b[0m\n'}
[8.128304] (project_interfaces) StdoutLine: {'line': b'[ 44%] \x1b[32mBuilding CXX object CMakeFiles/project_interfaces__rosidl_typesupport_c.dir/rosidl_typesupport_c/project_interfaces/msg/landmark__type_support.cpp.o\x1b[0m\n'}
[8.148407] (theora_image_transport) StdoutLine: {'line': b'[ 52%] \x1b[32mBuilding C object CMakeFiles/theora_image_transport__rosidl_typesupport_introspection_c.dir/rosidl_typesupport_introspection_c/theora_image_transport/msg/detail/packet__type_support.c.o\x1b[0m\n'}
[8.152507] (theora_image_transport) StdoutLine: {'line': b'[ 55%] \x1b[32m\x1b[1mLinking CXX shared library libtheora_image_transport__rosidl_typesupport_fastrtps_cpp.so\x1b[0m\n'}
[8.193228] (-) TimerEvent: {}
[8.199218] (theora_image_transport) StdoutLine: {'line': b'[ 55%] Built target theora_image_transport__rosidl_typesupport_cpp\n'}
[8.223762] (theora_image_transport) StdoutLine: {'line': b'[ 57%] \x1b[32m\x1b[1mLinking C shared library libtheora_image_transport__rosidl_typesupport_introspection_c.so\x1b[0m\n'}
[8.255550] (theora_image_transport) StdoutLine: {'line': b'[ 60%] \x1b[32mBuilding CXX object CMakeFiles/ogg_saver.dir/src/ogg_saver.cpp.o\x1b[0m\n'}
[8.279370] (theora_image_transport) StdoutLine: {'line': b'[ 63%] \x1b[32m\x1b[1mLinking CXX shared library libtheora_image_transport__rosidl_typesupport_fastrtps_c.so\x1b[0m\n'}
[8.293589] (-) TimerEvent: {}
[8.311438] (project_interfaces) StdoutLine: {'line': b'[ 45%] \x1b[32mBuilding CXX object CMakeFiles/project_interfaces__rosidl_typesupport_c.dir/rosidl_typesupport_c/project_interfaces/msg/update__type_support.cpp.o\x1b[0m\n'}
[8.313553] (theora_image_transport) StdoutLine: {'line': b'[ 63%] Built target theora_image_transport__rosidl_typesupport_introspection_c\n'}
[8.319265] (theora_image_transport) StdoutLine: {'line': b'[ 63%] Built target theora_image_transport__rosidl_typesupport_fastrtps_cpp\n'}
[8.321226] (theora_image_transport) StdoutLine: {'line': b'[ 65%] \x1b[32mBuilding CXX object CMakeFiles/theora_image_transport_component.dir/src/theora_publisher.cpp.o\x1b[0m\n'}
[8.337210] (theora_image_transport) StdoutLine: {'line': b'[ 68%] \x1b[32mBuilding CXX object CMakeFiles/theora_image_transport_component.dir/src/theora_subscriber.cpp.o\x1b[0m\n'}
[8.351938] (theora_image_transport) StdoutLine: {'line': b'[ 71%] \x1b[32mBuilding CXX object CMakeFiles/theora_image_transport_component.dir/src/manifest.cpp.o\x1b[0m\n'}
[8.396225] (project_interfaces) StdoutLine: {'line': b'[ 47%] \x1b[32mBuilding CXX object CMakeFiles/project_interfaces__rosidl_typesupport_c.dir/rosidl_typesupport_c/project_interfaces/msg/state__type_support.cpp.o\x1b[0m\n'}
[8.396465] (-) TimerEvent: {}
[8.496774] (-) TimerEvent: {}
[8.510129] (project_interfaces) StdoutLine: {'line': b'[ 48%] \x1b[32mBuilding CXX object CMakeFiles/project_interfaces__rosidl_typesupport_c.dir/rosidl_typesupport_c/project_interfaces/msg/mp_cprediction__type_support.cpp.o\x1b[0m\n'}
[8.524798] (project_interfaces) StdoutLine: {'line': b'[ 50%] \x1b[32mBuilding CXX object CMakeFiles/project_interfaces__rosidl_typesupport_fastrtps_c.dir/rosidl_typesupport_fastrtps_c/project_interfaces/msg/detail/landmark__type_support_c.cpp.o\x1b[0m\n'}
[8.544504] (project_interfaces) StdoutLine: {'line': b'[ 51%] \x1b[32mBuilding CXX object CMakeFiles/project_interfaces__rosidl_typesupport_introspection_cpp.dir/rosidl_typesupport_introspection_cpp/project_interfaces/msg/detail/desired__type_support.cpp.o\x1b[0m\n'}
[8.598284] (-) TimerEvent: {}
[8.606285] (project_interfaces) StdoutLine: {'line': b'[ 52%] \x1b[32mBuilding CXX object CMakeFiles/project_interfaces__rosidl_typesupport_c.dir/rosidl_typesupport_c/project_interfaces/msg/desired__type_support.cpp.o\x1b[0m\n'}
[8.635873] (project_interfaces) StdoutLine: {'line': b'[ 54%] \x1b[32mBuilding CXX object CMakeFiles/project_interfaces__rosidl_typesupport_fastrtps_c.dir/rosidl_typesupport_fastrtps_c/project_interfaces/msg/detail/update__type_support_c.cpp.o\x1b[0m\n'}
[8.685281] (project_interfaces) StdoutLine: {'line': b'[ 55%] \x1b[32m\x1b[1mLinking CXX shared library libproject_interfaces__rosidl_typesupport_c.so\x1b[0m\n'}
[8.687603] (theora_image_transport) StdoutLine: {'line': b'[ 71%] Built target theora_image_transport__rosidl_typesupport_fastrtps_c\n'}
[8.698402] (-) TimerEvent: {}
[8.756688] (theora_image_transport) StdoutLine: {'line': b'[ 71%] Built target theora_image_transport\n'}
[8.798527] (-) TimerEvent: {}
[8.802311] (project_interfaces) StdoutLine: {'line': b'[ 55%] Built target project_interfaces__rosidl_typesupport_c\n'}
[8.817868] (theora_image_transport) StdoutLine: {'line': b'[ 73%] \x1b[34m\x1b[1mGenerating Python code for ROS interfaces\x1b[0m\n'}
[8.836752] (project_interfaces) StdoutLine: {'line': b'[ 56%] \x1b[32mBuilding CXX object CMakeFiles/project_interfaces__rosidl_typesupport_cpp.dir/rosidl_typesupport_cpp/project_interfaces/msg/landmark__type_support.cpp.o\x1b[0m\n'}
[8.850800] (project_interfaces) StdoutLine: {'line': b'[ 58%] \x1b[32mBuilding CXX object CMakeFiles/project_interfaces__rosidl_typesupport_cpp.dir/rosidl_typesupport_cpp/project_interfaces/msg/update__type_support.cpp.o\x1b[0m\n'}
[8.898629] (-) TimerEvent: {}
[8.902295] (project_interfaces) StdoutLine: {'line': b'[ 59%] \x1b[32mBuilding CXX object CMakeFiles/project_interfaces__rosidl_typesupport_fastrtps_cpp.dir/rosidl_typesupport_fastrtps_cpp/project_interfaces/msg/detail/dds_fastrtps/measurement__type_support.cpp.o\x1b[0m\n'}
[8.998738] (-) TimerEvent: {}
[9.103222] (-) TimerEvent: {}
[9.203602] (-) TimerEvent: {}
[9.240441] (project_interfaces) StdoutLine: {'line': b'[ 61%] \x1b[32mBuilding CXX object CMakeFiles/project_interfaces__rosidl_typesupport_fastrtps_c.dir/rosidl_typesupport_fastrtps_c/project_interfaces/msg/detail/state__type_support_c.cpp.o\x1b[0m\n'}
[9.303835] (-) TimerEvent: {}
[9.411326] (-) TimerEvent: {}
[9.483702] (project_interfaces) StdoutLine: {'line': b'[ 62%] \x1b[32mBuilding CXX object CMakeFiles/project_interfaces__rosidl_typesupport_cpp.dir/rosidl_typesupport_cpp/project_interfaces/msg/state__type_support.cpp.o\x1b[0m\n'}
[9.511424] (-) TimerEvent: {}
[9.573820] (project_interfaces) StdoutLine: {'line': b'[ 63%] \x1b[32mBuilding CXX object CMakeFiles/project_interfaces__rosidl_typesupport_cpp.dir/rosidl_typesupport_cpp/project_interfaces/msg/mp_cprediction__type_support.cpp.o\x1b[0m\n'}
[9.589290] (project_interfaces) StdoutLine: {'line': b'[ 65%] \x1b[32m\x1b[1mLinking CXX shared library libproject_interfaces__rosidl_typesupport_introspection_cpp.so\x1b[0m\n'}
[9.611531] (-) TimerEvent: {}
[9.625385] (project_interfaces) StdoutLine: {'line': b'[ 66%] \x1b[32mBuilding CXX object CMakeFiles/project_interfaces__rosidl_typesupport_fastrtps_cpp.dir/rosidl_typesupport_fastrtps_cpp/project_interfaces/msg/detail/dds_fastrtps/landmark__type_support.cpp.o\x1b[0m\n'}
[9.713229] (-) TimerEvent: {}
[9.773301] (project_interfaces) StdoutLine: {'line': b'[ 68%] \x1b[32mBuilding CXX object CMakeFiles/project_interfaces__rosidl_typesupport_cpp.dir/rosidl_typesupport_cpp/project_interfaces/msg/desired__type_support.cpp.o\x1b[0m\n'}
[9.799277] (project_interfaces) StdoutLine: {'line': b'[ 69%] \x1b[32mBuilding CXX object CMakeFiles/project_interfaces__rosidl_typesupport_fastrtps_cpp.dir/rosidl_typesupport_fastrtps_cpp/project_interfaces/msg/detail/dds_fastrtps/update__type_support.cpp.o\x1b[0m\n'}
[9.818230] (-) TimerEvent: {}
[9.918603] (-) TimerEvent: {}
[9.939282] (project_interfaces) StdoutLine: {'line': b'[ 69%] Built target project_interfaces__rosidl_typesupport_introspection_cpp\n'}
[9.971447] (project_interfaces) StdoutLine: {'line': b'[ 70%] \x1b[32mBuilding CXX object CMakeFiles/project_interfaces__rosidl_typesupport_fastrtps_cpp.dir/rosidl_typesupport_fastrtps_cpp/project_interfaces/msg/detail/dds_fastrtps/state__type_support.cpp.o\x1b[0m\n'}
[10.018712] (-) TimerEvent: {}
[10.119093] (-) TimerEvent: {}
[10.159974] (project_interfaces) StdoutLine: {'line': b'[ 72%] \x1b[32mBuilding CXX object CMakeFiles/project_interfaces__rosidl_typesupport_fastrtps_cpp.dir/rosidl_typesupport_fastrtps_cpp/project_interfaces/msg/detail/dds_fastrtps/mp_cprediction__type_support.cpp.o\x1b[0m\n'}
[10.222029] (-) TimerEvent: {}
[10.227119] (project_interfaces) StdoutLine: {'line': b'[ 73%] \x1b[32mBuilding CXX object CMakeFiles/project_interfaces__rosidl_typesupport_fastrtps_c.dir/rosidl_typesupport_fastrtps_c/project_interfaces/msg/detail/mp_cprediction__type_support_c.cpp.o\x1b[0m\n'}
[10.294843] (theora_image_transport) StdoutLine: {'line': b'[ 73%] Built target theora_image_transport__py\n'}
[10.322140] (-) TimerEvent: {}
[10.344588] (theora_image_transport) StdoutLine: {'line': b'[ 76%] \x1b[32mBuilding C object CMakeFiles/theora_image_transport__rosidl_generator_py.dir/rosidl_generator_py/theora_image_transport/msg/_packet_s.c.o\x1b[0m\n'}
[10.422234] (-) TimerEvent: {}
[10.451995] (project_interfaces) StdoutLine: {'line': b'[ 75%] \x1b[32mBuilding CXX object CMakeFiles/project_interfaces__rosidl_typesupport_fastrtps_cpp.dir/rosidl_typesupport_fastrtps_cpp/project_interfaces/msg/detail/dds_fastrtps/desired__type_support.cpp.o\x1b[0m\n'}
[10.522350] (-) TimerEvent: {}
[10.622747] (-) TimerEvent: {}
[10.723447] (-) TimerEvent: {}
[10.795615] (theora_image_transport) StdoutLine: {'line': b'[ 78%] \x1b[32m\x1b[1mLinking C shared library rosidl_generator_py/theora_image_transport/libtheora_image_transport__rosidl_generator_py.so\x1b[0m\n'}
[10.826233] (-) TimerEvent: {}
[10.847828] (project_interfaces) StdoutLine: {'line': b'[ 76%] \x1b[32mBuilding CXX object CMakeFiles/project_interfaces__rosidl_typesupport_fastrtps_c.dir/rosidl_typesupport_fastrtps_c/project_interfaces/msg/detail/desired__type_support_c.cpp.o\x1b[0m\n'}
[10.884387] (theora_image_transport) StdoutLine: {'line': b'[ 78%] Built target theora_image_transport__rosidl_generator_py\n'}
[10.926343] (-) TimerEvent: {}
[10.935110] (theora_image_transport) StdoutLine: {'line': b'[ 81%] \x1b[32mBuilding C object CMakeFiles/theora_image_transport__rosidl_typesupport_introspection_c__pyext.dir/rosidl_generator_py/theora_image_transport/_theora_image_transport_s.ep.rosidl_typesupport_introspection_c.c.o\x1b[0m\n'}
[10.939522] (theora_image_transport) StdoutLine: {'line': b'[ 84%] \x1b[32mBuilding C object CMakeFiles/theora_image_transport__rosidl_typesupport_fastrtps_c__pyext.dir/rosidl_generator_py/theora_image_transport/_theora_image_transport_s.ep.rosidl_typesupport_fastrtps_c.c.o\x1b[0m\n'}
[10.965292] (theora_image_transport) StdoutLine: {'line': b'[ 86%] \x1b[32mBuilding C object CMakeFiles/theora_image_transport__rosidl_typesupport_c__pyext.dir/rosidl_generator_py/theora_image_transport/_theora_image_transport_s.ep.rosidl_typesupport_c.c.o\x1b[0m\n'}
[11.026464] (-) TimerEvent: {}
[11.111208] (theora_image_transport) StdoutLine: {'line': b'[ 89%] \x1b[32m\x1b[1mLinking C shared library rosidl_generator_py/theora_image_transport/theora_image_transport_s__rosidl_typesupport_introspection_c.cpython-310-x86_64-linux-gnu.so\x1b[0m\n'}
[11.126584] (-) TimerEvent: {}
[11.212372] (theora_image_transport) StdoutLine: {'line': b'[ 92%] \x1b[32m\x1b[1mLinking C shared library rosidl_generator_py/theora_image_transport/theora_image_transport_s__rosidl_typesupport_fastrtps_c.cpython-310-x86_64-linux-gnu.so\x1b[0m\n'}
[11.215043] (project_interfaces) StdoutLine: {'line': b'[ 77%] \x1b[32m\x1b[1mLinking CXX shared library libproject_interfaces__rosidl_typesupport_cpp.so\x1b[0m\n'}
[11.221531] (theora_image_transport) StdoutLine: {'line': b'[ 92%] Built target theora_image_transport__rosidl_typesupport_introspection_c__pyext\n'}
[11.230277] (-) TimerEvent: {}
[11.327303] (theora_image_transport) StdoutLine: {'line': b'[ 94%] \x1b[32m\x1b[1mLinking C shared library rosidl_generator_py/theora_image_transport/theora_image_transport_s__rosidl_typesupport_c.cpython-310-x86_64-linux-gnu.so\x1b[0m\n'}
[11.330370] (-) TimerEvent: {}
[11.334158] (theora_image_transport) StdoutLine: {'line': b'[ 94%] Built target theora_image_transport__rosidl_typesupport_fastrtps_c__pyext\n'}
[11.335480] (project_interfaces) StdoutLine: {'line': b'[ 77%] Built target project_interfaces__rosidl_typesupport_cpp\n'}
[11.397993] (theora_image_transport) StdoutLine: {'line': b'[ 94%] Built target theora_image_transport__rosidl_typesupport_c__pyext\n'}
[11.433228] (-) TimerEvent: {}
[11.533651] (-) TimerEvent: {}
[11.604232] (project_interfaces) StdoutLine: {'line': b'[ 79%] \x1b[32m\x1b[1mLinking CXX shared library libproject_interfaces__rosidl_typesupport_fastrtps_c.so\x1b[0m\n'}
[11.633778] (-) TimerEvent: {}
[11.734204] (-) TimerEvent: {}
[11.834644] (-) TimerEvent: {}
[11.848227] (project_interfaces) StdoutLine: {'line': b'[ 80%] \x1b[32m\x1b[1mLinking CXX shared library libproject_interfaces__rosidl_typesupport_fastrtps_cpp.so\x1b[0m\n'}
[11.874980] (project_interfaces) StdoutLine: {'line': b'[ 80%] Built target project_interfaces__rosidl_typesupport_fastrtps_c\n'}
[11.935595] (-) TimerEvent: {}
[12.041219] (-) TimerEvent: {}
[12.078179] (project_interfaces) StdoutLine: {'line': b'[ 80%] Built target project_interfaces__rosidl_typesupport_fastrtps_cpp\n'}
[12.134306] (project_interfaces) StdoutLine: {'line': b'[ 80%] Built target project_interfaces\n'}
[12.141333] (-) TimerEvent: {}
[12.186753] (project_interfaces) StdoutLine: {'line': b'[ 81%] \x1b[34m\x1b[1mGenerating Python code for ROS interfaces\x1b[0m\n'}
[12.243253] (-) TimerEvent: {}
[12.343706] (-) TimerEvent: {}
[12.448262] (-) TimerEvent: {}
[12.552214] (-) TimerEvent: {}
[12.652609] (-) TimerEvent: {}
[12.754221] (-) TimerEvent: {}
[12.856594] (-) TimerEvent: {}
[12.956942] (-) TimerEvent: {}
[13.057302] (-) TimerEvent: {}
[13.157660] (-) TimerEvent: {}
[13.258019] (-) TimerEvent: {}
[13.359210] (-) TimerEvent: {}
[13.462213] (-) TimerEvent: {}
[13.562591] (-) TimerEvent: {}
[13.664367] (-) TimerEvent: {}
[13.754186] (project_interfaces) StdoutLine: {'line': b'[ 81%] Built target project_interfaces__py\n'}
[13.764558] (-) TimerEvent: {}
[13.812731] (project_interfaces) StdoutLine: {'line': b'[ 83%] \x1b[32mBuilding C object CMakeFiles/project_interfaces__rosidl_generator_py.dir/rosidl_generator_py/project_interfaces/msg/_measurement_s.c.o\x1b[0m\n'}
[13.815682] (project_interfaces) StdoutLine: {'line': b'[ 84%] \x1b[32mBuilding C object CMakeFiles/project_interfaces__rosidl_generator_py.dir/rosidl_generator_py/project_interfaces/msg/_landmark_s.c.o\x1b[0m\n'}
[13.820098] (project_interfaces) StdoutLine: {'line': b'[ 86%] \x1b[32mBuilding C object CMakeFiles/project_interfaces__rosidl_generator_py.dir/rosidl_generator_py/project_interfaces/msg/_update_s.c.o\x1b[0m\n'}
[13.823067] (project_interfaces) StdoutLine: {'line': b'[ 87%] \x1b[32mBuilding C object CMakeFiles/project_interfaces__rosidl_generator_py.dir/rosidl_generator_py/project_interfaces/msg/_state_s.c.o\x1b[0m\n'}
[13.831086] (project_interfaces) StdoutLine: {'line': b'[ 88%] \x1b[32mBuilding C object CMakeFiles/project_interfaces__rosidl_generator_py.dir/rosidl_generator_py/project_interfaces/msg/_mp_cprediction_s.c.o\x1b[0m\n'}
[13.835396] (project_interfaces) StdoutLine: {'line': b'[ 90%] \x1b[32mBuilding C object CMakeFiles/project_interfaces__rosidl_generator_py.dir/rosidl_generator_py/project_interfaces/msg/_desired_s.c.o\x1b[0m\n'}
[13.864660] (-) TimerEvent: {}
[13.965227] (-) TimerEvent: {}
[14.065783] (-) TimerEvent: {}
[14.170624] (-) TimerEvent: {}
[14.274348] (-) TimerEvent: {}
[14.374882] (-) TimerEvent: {}
[14.475847] (-) TimerEvent: {}
[14.522501] (project_interfaces) StdoutLine: {'line': b'[ 91%] \x1b[32m\x1b[1mLinking C shared library rosidl_generator_py/project_interfaces/libproject_interfaces__rosidl_generator_py.so\x1b[0m\n'}
[14.577085] (-) TimerEvent: {}
[14.677706] (-) TimerEvent: {}
[14.701137] (project_interfaces) StdoutLine: {'line': b'[ 91%] Built target project_interfaces__rosidl_generator_py\n'}
[14.774655] (project_interfaces) StdoutLine: {'line': b'[ 93%] \x1b[32mBuilding C object CMakeFiles/project_interfaces__rosidl_typesupport_introspection_c__pyext.dir/rosidl_generator_py/project_interfaces/_project_interfaces_s.ep.rosidl_typesupport_introspection_c.c.o\x1b[0m\n'}
[14.777787] (-) TimerEvent: {}
[14.807246] (project_interfaces) StdoutLine: {'line': b'[ 94%] \x1b[32mBuilding C object CMakeFiles/project_interfaces__rosidl_typesupport_fastrtps_c__pyext.dir/rosidl_generator_py/project_interfaces/_project_interfaces_s.ep.rosidl_typesupport_fastrtps_c.c.o\x1b[0m\n'}
[14.849078] (project_interfaces) StdoutLine: {'line': b'[ 95%] \x1b[32mBuilding C object CMakeFiles/project_interfaces__rosidl_typesupport_c__pyext.dir/rosidl_generator_py/project_interfaces/_project_interfaces_s.ep.rosidl_typesupport_c.c.o\x1b[0m\n'}
[14.877931] (-) TimerEvent: {}
[14.978406] (-) TimerEvent: {}
[15.008098] (project_interfaces) StdoutLine: {'line': b'[ 97%] \x1b[32m\x1b[1mLinking C shared library rosidl_generator_py/project_interfaces/project_interfaces_s__rosidl_typesupport_c.cpython-310-x86_64-linux-gnu.so\x1b[0m\n'}
[15.061085] (project_interfaces) StdoutLine: {'line': b'[ 97%] Built target project_interfaces__rosidl_typesupport_c__pyext\n'}
[15.081179] (-) TimerEvent: {}
[15.098529] (project_interfaces) StdoutLine: {'line': b'[ 98%] \x1b[32m\x1b[1mLinking C shared library rosidl_generator_py/project_interfaces/project_interfaces_s__rosidl_typesupport_introspection_c.cpython-310-x86_64-linux-gnu.so\x1b[0m\n'}
[15.168309] (project_interfaces) StdoutLine: {'line': b'[100%] \x1b[32m\x1b[1mLinking C shared library rosidl_generator_py/project_interfaces/project_interfaces_s__rosidl_typesupport_fastrtps_c.cpython-310-x86_64-linux-gnu.so\x1b[0m\n'}
[15.181327] (-) TimerEvent: {}
[15.201882] (project_interfaces) StdoutLine: {'line': b'[100%] Built target project_interfaces__rosidl_typesupport_introspection_c__pyext\n'}
[15.257688] (project_interfaces) StdoutLine: {'line': b'[100%] Built target project_interfaces__rosidl_typesupport_fastrtps_c__pyext\n'}
[15.281456] (-) TimerEvent: {}
[15.299310] (project_interfaces) CommandEnded: {'returncode': 0}
[15.299908] (project_interfaces) JobProgress: {'identifier': 'project_interfaces', 'progress': 'install'}
[15.319771] (project_interfaces) Command: {'cmd': ['/usr/bin/cmake', '--install', '/home/marco/marco/uni/magistrale/IDS_project/build/project_interfaces'], 'cwd': '/home/marco/marco/uni/magistrale/IDS_project/build/project_interfaces', 'env': OrderedDict([('LESSOPEN', '| /usr/bin/lesspipe %s'), ('USER', 'marco'), ('LC_TIME', 'it_IT.UTF-8'), ('XDG_SESSION_TYPE', 'x11'), ('SHLVL', '1'), ('LD_LIBRARY_PATH', '/opt/ros/humble/opt/rviz_ogre_vendor/lib:/opt/ros/humble/lib/x86_64-linux-gnu:/opt/ros/humble/lib'), ('HOME', '/home/marco'), ('OLDPWD', '/home/marco/marco/uni/magistrale/IDS_project/ros2_ws'), ('DESKTOP_SESSION', 'ubuntu'), ('ROS_PYTHON_VERSION', '3'), ('GNOME_SHELL_SESSION_MODE', 'ubuntu'), ('GTK_MODULES', 'gail:atk-bridge'), ('LC_MONETARY', 'it_IT.UTF-8'), ('MANAGERPID', '1948'), ('SYSTEMD_EXEC_PID', '2438'), ('DBUS_SESSION_BUS_ADDRESS', 'unix:path=/run/user/1000/bus'), ('COLORTERM', 'truecolor'), ('TERMINATOR_DBUS_NAME', 'net.tenshu.Terminator23558193cd9818af7fe4d2c2f5bd9d00f'), ('GIO_LAUNCHED_DESKTOP_FILE_PID', '5065'), ('ROS_DISTRO', 'humble'), ('GTK_IM_MODULE', 'ibus'), ('LOGNAME', 'marco'), ('JOURNAL_STREAM', '8:12126'), ('_', '/usr/bin/colcon'), ('ROS_VERSION', '2'), ('XDG_SESSION_CLASS', 'user'), ('USERNAME', 'marco'), ('TERM', 'xterm-256color'), ('GNOME_DESKTOP_SESSION_ID', 'this-is-deprecated'), ('ROS_LOCALHOST_ONLY', '0'), ('WINDOWPATH', '2'), ('PATH', '/opt/ros/humble/bin:/home/marco/.local/bin:/usr/local/sbin:/usr/local/bin:/usr/sbin:/usr/bin:/sbin:/bin:/usr/games:/usr/local/games:/snap/bin:/snap/bin'), ('SESSION_MANAGER', 'local/marco-ub22:@/tmp/.ICE-unix/2241,unix/marco-ub22:/tmp/.ICE-unix/2241'), ('INVOCATION_ID', '13ce98eb6ffe48af991f103afcdbba0c'), ('XDG_MENU_PREFIX', 'gnome-'), ('LC_ADDRESS', 'it_IT.UTF-8'), ('XDG_RUNTIME_DIR', '/run/user/1000'), ('DISPLAY', ':1'), ('TERMINATOR_DBUS_PATH', '/net/tenshu/Terminator2'), ('LANG', 'en_US.UTF-8'), ('XDG_CURRENT_DESKTOP', 'ubuntu:GNOME'), ('IBUS_DISABLE_SNOOPER', '1'), ('LC_TELEPHONE', 'it_IT.UTF-8'), ('XMODIFIERS', '@im=ibus'), ('XDG_SESSION_DESKTOP', 'ubuntu'), ('XAUTHORITY', '/run/user/1000/gdm/Xauthority'), ('LS_COLORS', 'rs=0:di=01;34:ln=01;36:mh=00:pi=40;33:so=01;35:do=01;35:bd=40;33;01:cd=40;33;01:or=40;31;01:mi=00:su=37;41:sg=30;43:ca=30;41:tw=30;42:ow=34;42:st=37;44:ex=01;32:*.tar=01;31:*.tgz=01;31:*.arc=01;31:*.arj=01;31:*.taz=01;31:*.lha=01;31:*.lz4=01;31:*.lzh=01;31:*.lzma=01;31:*.tlz=01;31:*.txz=01;31:*.tzo=01;31:*.t7z=01;31:*.zip=01;31:*.z=01;31:*.dz=01;31:*.gz=01;31:*.lrz=01;31:*.lz=01;31:*.lzo=01;31:*.xz=01;31:*.zst=01;31:*.tzst=01;31:*.bz2=01;31:*.bz=01;31:*.tbz=01;31:*.tbz2=01;31:*.tz=01;31:*.deb=01;31:*.rpm=01;31:*.jar=01;31:*.war=01;31:*.ear=01;31:*.sar=01;31:*.rar=01;31:*.alz=01;31:*.ace=01;31:*.zoo=01;31:*.cpio=01;31:*.7z=01;31:*.rz=01;31:*.cab=01;31:*.wim=01;31:*.swm=01;31:*.dwm=01;31:*.esd=01;31:*.jpg=01;35:*.jpeg=01;35:*.mjpg=01;35:*.mjpeg=01;35:*.gif=01;35:*.bmp=01;35:*.pbm=01;35:*.pgm=01;35:*.ppm=01;35:*.tga=01;35:*.xbm=01;35:*.xpm=01;35:*.tif=01;35:*.tiff=01;35:*.png=01;35:*.svg=01;35:*.svgz=01;35:*.mng=01;35:*.pcx=01;35:*.mov=01;35:*.mpg=01;35:*.mpeg=01;35:*.m2v=01;35:*.mkv=01;35:*.webm=01;35:*.webp=01;35:*.ogm=01;35:*.mp4=01;35:*.m4v=01;35:*.mp4v=01;35:*.vob=01;35:*.qt=01;35:*.nuv=01;35:*.wmv=01;35:*.asf=01;35:*.rm=01;35:*.rmvb=01;35:*.flc=01;35:*.avi=01;35:*.fli=01;35:*.flv=01;35:*.gl=01;35:*.dl=01;35:*.xcf=01;35:*.xwd=01;35:*.yuv=01;35:*.cgm=01;35:*.emf=01;35:*.ogv=01;35:*.ogx=01;35:*.aac=00;36:*.au=00;36:*.flac=00;36:*.m4a=00;36:*.mid=00;36:*.midi=00;36:*.mka=00;36:*.mp3=00;36:*.mpc=00;36:*.ogg=00;36:*.ra=00;36:*.wav=00;36:*.oga=00;36:*.opus=00;36:*.spx=00;36:*.xspf=00;36:'), ('SSH_AGENT_LAUNCHER', 'gnome-keyring'), ('SSH_AUTH_SOCK', '/run/user/1000/keyring/ssh'), ('ROS_DOMAIN_ID', '2'), ('AMENT_PREFIX_PATH', '/opt/ros/humble'), ('SHELL', '/bin/bash'), ('LC_NAME', 'it_IT.UTF-8'), ('TERMINATOR_UUID', 'urn:uuid:029eaee9-0711-4cf2-bfd1-7b9bd46242d4'), ('QT_ACCESSIBILITY', '1'), ('GDMSESSION', 'ubuntu'), ('LESSCLOSE', '/usr/bin/lesspipe %s %s'), ('LC_MEASUREMENT', 'it_IT.UTF-8'), ('GPG_AGENT_INFO', '/run/user/1000/gnupg/S.gpg-agent:0:1'), ('LC_IDENTIFICATION', 'it_IT.UTF-8'), ('QT_IM_MODULE', 'ibus'), ('PWD', '/home/marco/marco/uni/magistrale/IDS_project/build/project_interfaces'), ('LC_ALL', 'en_US.UTF-8'), ('XDG_CONFIG_DIRS', '/etc/xdg/xdg-ubuntu:/etc/xdg'), ('XDG_DATA_DIRS', '/usr/share/ubuntu:/usr/share/gnome:/usr/local/share/:/usr/share/:/var/lib/snapd/desktop'), ('PYTHONPATH', '/opt/ros/humble/lib/python3.10/site-packages:/opt/ros/humble/local/lib/python3.10/dist-packages'), ('LC_NUMERIC', 'it_IT.UTF-8'), ('LC_PAPER', 'it_IT.UTF-8'), ('COLCON', '1'), ('VTE_VERSION', '6800'), ('CMAKE_PREFIX_PATH', '/opt/ros/humble')]), 'shell': False}
[15.341730] (project_interfaces) StdoutLine: {'line': b'-- Install configuration: ""\n'}
[15.342024] (project_interfaces) StdoutLine: {'line': b'-- Installing: /home/marco/marco/uni/magistrale/IDS_project/install/project_interfaces/share/ament_index/resource_index/rosidl_interfaces/project_interfaces\n'}
[15.345580] (project_interfaces) StdoutLine: {'line': b'-- Installing: /home/marco/marco/uni/magistrale/IDS_project/install/project_interfaces/include/project_interfaces/project_interfaces\n'}
[15.345931] (project_interfaces) StdoutLine: {'line': b'-- Installing: /home/marco/marco/uni/magistrale/IDS_project/install/project_interfaces/include/project_interfaces/project_interfaces/msg\n'}
[15.346046] (project_interfaces) StdoutLine: {'line': b'-- Installing: /home/marco/marco/uni/magistrale/IDS_project/install/project_interfaces/include/project_interfaces/project_interfaces/msg/measurement.h\n'}
[15.346134] (project_interfaces) StdoutLine: {'line': b'-- Installing: /home/marco/marco/uni/magistrale/IDS_project/install/project_interfaces/include/project_interfaces/project_interfaces/msg/state.h\n'}
[15.346314] (project_interfaces) StdoutLine: {'line': b'-- Installing: /home/marco/marco/uni/magistrale/IDS_project/install/project_interfaces/include/project_interfaces/project_interfaces/msg/mp_cprediction.h\n'}
[15.346432] (project_interfaces) StdoutLine: {'line': b'-- Installing: /home/marco/marco/uni/magistrale/IDS_project/install/project_interfaces/include/project_interfaces/project_interfaces/msg/detail\n'}
[15.346527] (project_interfaces) StdoutLine: {'line': b'-- Installing: /home/marco/marco/uni/magistrale/IDS_project/install/project_interfaces/include/project_interfaces/project_interfaces/msg/detail/landmark__type_support.h\n'}
[15.346617] (project_interfaces) StdoutLine: {'line': b'-- Installing: /home/marco/marco/uni/magistrale/IDS_project/install/project_interfaces/include/project_interfaces/project_interfaces/msg/detail/desired__struct.h\n'}
[15.346693] (project_interfaces) StdoutLine: {'line': b'-- Installing: /home/marco/marco/uni/magistrale/IDS_project/install/project_interfaces/include/project_interfaces/project_interfaces/msg/detail/landmark__functions.h\n'}
[15.347252] (project_interfaces) StdoutLine: {'line': b'-- Installing: /home/marco/marco/uni/magistrale/IDS_project/install/project_interfaces/include/project_interfaces/project_interfaces/msg/detail/state__functions.h\n'}
[15.347401] (project_interfaces) StdoutLine: {'line': b'-- Installing: /home/marco/marco/uni/magistrale/IDS_project/install/project_interfaces/include/project_interfaces/project_interfaces/msg/detail/measurement__functions.h\n'}
[15.347502] (project_interfaces) StdoutLine: {'line': b'-- Installing: /home/marco/marco/uni/magistrale/IDS_project/install/project_interfaces/include/project_interfaces/project_interfaces/msg/detail/state__struct.h\n'}
[15.347596] (project_interfaces) StdoutLine: {'line': b'-- Installing: /home/marco/marco/uni/magistrale/IDS_project/install/project_interfaces/include/project_interfaces/project_interfaces/msg/detail/desired__functions.h\n'}
[15.347687] (project_interfaces) StdoutLine: {'line': b'-- Installing: /home/marco/marco/uni/magistrale/IDS_project/install/project_interfaces/include/project_interfaces/project_interfaces/msg/detail/desired__type_support.h\n'}
[15.349245] (project_interfaces) StdoutLine: {'line': b'-- Installing: /home/marco/marco/uni/magistrale/IDS_project/install/project_interfaces/include/project_interfaces/project_interfaces/msg/detail/landmark__functions.c\n'}
[15.349408] (project_interfaces) StdoutLine: {'line': b'-- Installing: /home/marco/marco/uni/magistrale/IDS_project/install/project_interfaces/include/project_interfaces/project_interfaces/msg/detail/mp_cprediction__functions.h\n'}
[15.349513] (project_interfaces) StdoutLine: {'line': b'-- Installing: /home/marco/marco/uni/magistrale/IDS_project/install/project_interfaces/include/project_interfaces/project_interfaces/msg/detail/measurement__functions.c\n'}
[15.349616] (project_interfaces) StdoutLine: {'line': b'-- Installing: /home/marco/marco/uni/magistrale/IDS_project/install/project_interfaces/include/project_interfaces/project_interfaces/msg/detail/measurement__type_support.h\n'}
[15.349711] (project_interfaces) StdoutLine: {'line': b'-- Installing: /home/marco/marco/uni/magistrale/IDS_project/install/project_interfaces/include/project_interfaces/project_interfaces/msg/detail/desired__functions.c\n'}
[15.349800] (project_interfaces) StdoutLine: {'line': b'-- Installing: /home/marco/marco/uni/magistrale/IDS_project/install/project_interfaces/include/project_interfaces/project_interfaces/msg/detail/mp_cprediction__functions.c\n'}
[15.349895] (project_interfaces) StdoutLine: {'line': b'-- Installing: /home/marco/marco/uni/magistrale/IDS_project/install/project_interfaces/include/project_interfaces/project_interfaces/msg/detail/update__functions.h\n'}
[15.349991] (project_interfaces) StdoutLine: {'line': b'-- Installing: /home/marco/marco/uni/magistrale/IDS_project/install/project_interfaces/include/project_interfaces/project_interfaces/msg/detail/state__type_support.h\n'}
[15.350083] (project_interfaces) StdoutLine: {'line': b'-- Installing: /home/marco/marco/uni/magistrale/IDS_project/install/project_interfaces/include/project_interfaces/project_interfaces/msg/detail/mp_cprediction__struct.h\n'}
[15.350178] (project_interfaces) StdoutLine: {'line': b'-- Installing: /home/marco/marco/uni/magistrale/IDS_project/install/project_interfaces/include/project_interfaces/project_interfaces/msg/detail/update__functions.c\n'}
[15.350278] (project_interfaces) StdoutLine: {'line': b'-- Installing: /home/marco/marco/uni/magistrale/IDS_project/install/project_interfaces/include/project_interfaces/project_interfaces/msg/detail/measurement__struct.h\n'}
[15.350371] (project_interfaces) StdoutLine: {'line': b'-- Installing: /home/marco/marco/uni/magistrale/IDS_project/install/project_interfaces/include/project_interfaces/project_interfaces/msg/detail/update__type_support.h\n'}
[15.350461] (project_interfaces) StdoutLine: {'line': b'-- Installing: /home/marco/marco/uni/magistrale/IDS_project/install/project_interfaces/include/project_interfaces/project_interfaces/msg/detail/update__struct.h\n'}
[15.350553] (project_interfaces) StdoutLine: {'line': b'-- Installing: /home/marco/marco/uni/magistrale/IDS_project/install/project_interfaces/include/project_interfaces/project_interfaces/msg/detail/landmark__struct.h\n'}
[15.351798] (project_interfaces) StdoutLine: {'line': b'-- Installing: /home/marco/marco/uni/magistrale/IDS_project/install/project_interfaces/include/project_interfaces/project_interfaces/msg/detail/state__functions.c\n'}
[15.352070] (project_interfaces) StdoutLine: {'line': b'-- Installing: /home/marco/marco/uni/magistrale/IDS_project/install/project_interfaces/include/project_interfaces/project_interfaces/msg/detail/mp_cprediction__type_support.h\n'}
[15.352178] (project_interfaces) StdoutLine: {'line': b'-- Installing: /home/marco/marco/uni/magistrale/IDS_project/install/project_interfaces/include/project_interfaces/project_interfaces/msg/desired.h\n'}
[15.352276] (project_interfaces) StdoutLine: {'line': b'-- Installing: /home/marco/marco/uni/magistrale/IDS_project/install/project_interfaces/include/project_interfaces/project_interfaces/msg/update.h\n'}
[15.352364] (project_interfaces) StdoutLine: {'line': b'-- Installing: /home/marco/marco/uni/magistrale/IDS_project/install/project_interfaces/include/project_interfaces/project_interfaces/msg/landmark.h\n'}
[15.352456] (project_interfaces) StdoutLine: {'line': b'-- Installing: /home/marco/marco/uni/magistrale/IDS_project/install/project_interfaces/include/project_interfaces/project_interfaces/msg/rosidl_generator_c__visibility_control.h\n'}
[15.352665] (project_interfaces) StdoutLine: {'line': b'-- Installing: /home/marco/marco/uni/magistrale/IDS_project/install/project_interfaces/share/project_interfaces/environment/library_path.sh\n'}
[15.352801] (project_interfaces) StdoutLine: {'line': b'-- Installing: /home/marco/marco/uni/magistrale/IDS_project/install/project_interfaces/share/project_interfaces/environment/library_path.dsv\n'}
[15.353311] (project_interfaces) StdoutLine: {'line': b'-- Installing: /home/marco/marco/uni/magistrale/IDS_project/install/project_interfaces/lib/libproject_interfaces__rosidl_generator_c.so\n'}
[15.356375] (project_interfaces) StdoutLine: {'line': b'-- Set runtime path of "/home/marco/marco/uni/magistrale/IDS_project/install/project_interfaces/lib/libproject_interfaces__rosidl_generator_c.so" to ""\n'}
[15.360457] (project_interfaces) StdoutLine: {'line': b'-- Up-to-date: /home/marco/marco/uni/magistrale/IDS_project/install/project_interfaces/include/project_interfaces/project_interfaces\n'}
[15.360662] (project_interfaces) StdoutLine: {'line': b'-- Up-to-date: /home/marco/marco/uni/magistrale/IDS_project/install/project_interfaces/include/project_interfaces/project_interfaces/msg\n'}
[15.360729] (project_interfaces) StdoutLine: {'line': b'-- Up-to-date: /home/marco/marco/uni/magistrale/IDS_project/install/project_interfaces/include/project_interfaces/project_interfaces/msg/detail\n'}
[15.360795] (project_interfaces) StdoutLine: {'line': b'-- Installing: /home/marco/marco/uni/magistrale/IDS_project/install/project_interfaces/include/project_interfaces/project_interfaces/msg/detail/measurement__rosidl_typesupport_fastrtps_c.h\n'}
[15.360859] (project_interfaces) StdoutLine: {'line': b'-- Installing: /home/marco/marco/uni/magistrale/IDS_project/install/project_interfaces/include/project_interfaces/project_interfaces/msg/detail/landmark__rosidl_typesupport_fastrtps_c.h\n'}
[15.360921] (project_interfaces) StdoutLine: {'line': b'-- Installing: /home/marco/marco/uni/magistrale/IDS_project/install/project_interfaces/include/project_interfaces/project_interfaces/msg/detail/mp_cprediction__rosidl_typesupport_fastrtps_c.h\n'}
[15.360980] (project_interfaces) StdoutLine: {'line': b'-- Installing: /home/marco/marco/uni/magistrale/IDS_project/install/project_interfaces/include/project_interfaces/project_interfaces/msg/detail/update__rosidl_typesupport_fastrtps_c.h\n'}
[15.361037] (project_interfaces) StdoutLine: {'line': b'-- Installing: /home/marco/marco/uni/magistrale/IDS_project/install/project_interfaces/include/project_interfaces/project_interfaces/msg/detail/desired__rosidl_typesupport_fastrtps_c.h\n'}
[15.361093] (project_interfaces) StdoutLine: {'line': b'-- Installing: /home/marco/marco/uni/magistrale/IDS_project/install/project_interfaces/include/project_interfaces/project_interfaces/msg/detail/state__rosidl_typesupport_fastrtps_c.h\n'}
[15.361158] (project_interfaces) StdoutLine: {'line': b'-- Installing: /home/marco/marco/uni/magistrale/IDS_project/install/project_interfaces/include/project_interfaces/project_interfaces/msg/rosidl_typesupport_fastrtps_c__visibility_control.h\n'}
[15.361223] (project_interfaces) StdoutLine: {'line': b'-- Installing: /home/marco/marco/uni/magistrale/IDS_project/install/project_interfaces/lib/libproject_interfaces__rosidl_typesupport_fastrtps_c.so\n'}
[15.361279] (project_interfaces) StdoutLine: {'line': b'-- Set runtime path of "/home/marco/marco/uni/magistrale/IDS_project/install/project_interfaces/lib/libproject_interfaces__rosidl_typesupport_fastrtps_c.so" to ""\n'}
[15.361341] (project_interfaces) StdoutLine: {'line': b'-- Up-to-date: /home/marco/marco/uni/magistrale/IDS_project/install/project_interfaces/include/project_interfaces/project_interfaces\n'}
[15.361396] (project_interfaces) StdoutLine: {'line': b'-- Up-to-date: /home/marco/marco/uni/magistrale/IDS_project/install/project_interfaces/include/project_interfaces/project_interfaces/msg\n'}
[15.361451] (project_interfaces) StdoutLine: {'line': b'-- Up-to-date: /home/marco/marco/uni/magistrale/IDS_project/install/project_interfaces/include/project_interfaces/project_interfaces/msg/detail\n'}
[15.361507] (project_interfaces) StdoutLine: {'line': b'-- Installing: /home/marco/marco/uni/magistrale/IDS_project/install/project_interfaces/include/project_interfaces/project_interfaces/msg/detail/landmark__rosidl_typesupport_introspection_c.h\n'}
[15.361566] (project_interfaces) StdoutLine: {'line': b'-- Installing: /home/marco/marco/uni/magistrale/IDS_project/install/project_interfaces/include/project_interfaces/project_interfaces/msg/detail/desired__type_support.c\n'}
[15.361623] (project_interfaces) StdoutLine: {'line': b'-- Installing: /home/marco/marco/uni/magistrale/IDS_project/install/project_interfaces/include/project_interfaces/project_interfaces/msg/detail/measurement__type_support.c\n'}
[15.361694] (project_interfaces) StdoutLine: {'line': b'-- Installing: /home/marco/marco/uni/magistrale/IDS_project/install/project_interfaces/include/project_interfaces/project_interfaces/msg/detail/landmark__type_support.c\n'}
[15.361752] (project_interfaces) StdoutLine: {'line': b'-- Installing: /home/marco/marco/uni/magistrale/IDS_project/install/project_interfaces/include/project_interfaces/project_interfaces/msg/detail/update__rosidl_typesupport_introspection_c.h\n'}
[15.361808] (project_interfaces) StdoutLine: {'line': b'-- Installing: /home/marco/marco/uni/magistrale/IDS_project/install/project_interfaces/include/project_interfaces/project_interfaces/msg/detail/state__type_support.c\n'}
[15.361876] (project_interfaces) StdoutLine: {'line': b'-- Installing: /home/marco/marco/uni/magistrale/IDS_project/install/project_interfaces/include/project_interfaces/project_interfaces/msg/detail/mp_cprediction__rosidl_typesupport_introspection_c.h\n'}
[15.361934] (project_interfaces) StdoutLine: {'line': b'-- Installing: /home/marco/marco/uni/magistrale/IDS_project/install/project_interfaces/include/project_interfaces/project_interfaces/msg/detail/mp_cprediction__type_support.c\n'}
[15.361991] (project_interfaces) StdoutLine: {'line': b'-- Installing: /home/marco/marco/uni/magistrale/IDS_project/install/project_interfaces/include/project_interfaces/project_interfaces/msg/detail/measurement__rosidl_typesupport_introspection_c.h\n'}
[15.362048] (project_interfaces) StdoutLine: {'line': b'-- Installing: /home/marco/marco/uni/magistrale/IDS_project/install/project_interfaces/include/project_interfaces/project_interfaces/msg/detail/state__rosidl_typesupport_introspection_c.h\n'}
[15.362112] (project_interfaces) StdoutLine: {'line': b'-- Installing: /home/marco/marco/uni/magistrale/IDS_project/install/project_interfaces/include/project_interfaces/project_interfaces/msg/detail/desired__rosidl_typesupport_introspection_c.h\n'}
[15.362180] (project_interfaces) StdoutLine: {'line': b'-- Installing: /home/marco/marco/uni/magistrale/IDS_project/install/project_interfaces/include/project_interfaces/project_interfaces/msg/detail/update__type_support.c\n'}
[15.362698] (project_interfaces) StdoutLine: {'line': b'-- Installing: /home/marco/marco/uni/magistrale/IDS_project/install/project_interfaces/include/project_interfaces/project_interfaces/msg/rosidl_typesupport_introspection_c__visibility_control.h\n'}
[15.362944] (project_interfaces) StdoutLine: {'line': b'-- Installing: /home/marco/marco/uni/magistrale/IDS_project/install/project_interfaces/lib/libproject_interfaces__rosidl_typesupport_introspection_c.so\n'}
[15.363317] (project_interfaces) StdoutLine: {'line': b'-- Set runtime path of "/home/marco/marco/uni/magistrale/IDS_project/install/project_interfaces/lib/libproject_interfaces__rosidl_typesupport_introspection_c.so" to ""\n'}
[15.363524] (project_interfaces) StdoutLine: {'line': b'-- Installing: /home/marco/marco/uni/magistrale/IDS_project/install/project_interfaces/lib/libproject_interfaces__rosidl_typesupport_c.so\n'}
[15.363678] (project_interfaces) StdoutLine: {'line': b'-- Set runtime path of "/home/marco/marco/uni/magistrale/IDS_project/install/project_interfaces/lib/libproject_interfaces__rosidl_typesupport_c.so" to ""\n'}
[15.363808] (project_interfaces) StdoutLine: {'line': b'-- Up-to-date: /home/marco/marco/uni/magistrale/IDS_project/install/project_interfaces/include/project_interfaces/project_interfaces\n'}
[15.363887] (project_interfaces) StdoutLine: {'line': b'-- Up-to-date: /home/marco/marco/uni/magistrale/IDS_project/install/project_interfaces/include/project_interfaces/project_interfaces/msg\n'}
[15.363987] (project_interfaces) StdoutLine: {'line': b'-- Up-to-date: /home/marco/marco/uni/magistrale/IDS_project/install/project_interfaces/include/project_interfaces/project_interfaces/msg/detail\n'}
[15.364065] (project_interfaces) StdoutLine: {'line': b'-- Installing: /home/marco/marco/uni/magistrale/IDS_project/install/project_interfaces/include/project_interfaces/project_interfaces/msg/detail/state__struct.hpp\n'}
[15.364136] (project_interfaces) StdoutLine: {'line': b'-- Installing: /home/marco/marco/uni/magistrale/IDS_project/install/project_interfaces/include/project_interfaces/project_interfaces/msg/detail/state__traits.hpp\n'}
[15.364233] (project_interfaces) StdoutLine: {'line': b'-- Installing: /home/marco/marco/uni/magistrale/IDS_project/install/project_interfaces/include/project_interfaces/project_interfaces/msg/detail/landmark__type_support.hpp\n'}
[15.364348] (project_interfaces) StdoutLine: {'line': b'-- Installing: /home/marco/marco/uni/magistrale/IDS_project/install/project_interfaces/include/project_interfaces/project_interfaces/msg/detail/desired__builder.hpp\n'}
[15.364440] (project_interfaces) StdoutLine: {'line': b'-- Installing: /home/marco/marco/uni/magistrale/IDS_project/install/project_interfaces/include/project_interfaces/project_interfaces/msg/detail/update__type_support.hpp\n'}
[15.364520] (project_interfaces) StdoutLine: {'line': b'-- Installing: /home/marco/marco/uni/magistrale/IDS_project/install/project_interfaces/include/project_interfaces/project_interfaces/msg/detail/state__builder.hpp\n'}
[15.364610] (project_interfaces) StdoutLine: {'line': b'-- Installing: /home/marco/marco/uni/magistrale/IDS_project/install/project_interfaces/include/project_interfaces/project_interfaces/msg/detail/measurement__type_support.hpp\n'}
[15.364709] (project_interfaces) StdoutLine: {'line': b'-- Installing: /home/marco/marco/uni/magistrale/IDS_project/install/project_interfaces/include/project_interfaces/project_interfaces/msg/detail/state__type_support.hpp\n'}
[15.364812] (project_interfaces) StdoutLine: {'line': b'-- Installing: /home/marco/marco/uni/magistrale/IDS_project/install/project_interfaces/include/project_interfaces/project_interfaces/msg/detail/landmark__builder.hpp\n'}
[15.364907] (project_interfaces) StdoutLine: {'line': b'-- Installing: /home/marco/marco/uni/magistrale/IDS_project/install/project_interfaces/include/project_interfaces/project_interfaces/msg/detail/mp_cprediction__builder.hpp\n'}
[15.365016] (project_interfaces) StdoutLine: {'line': b'-- Installing: /home/marco/marco/uni/magistrale/IDS_project/install/project_interfaces/include/project_interfaces/project_interfaces/msg/detail/mp_cprediction__struct.hpp\n'}
[15.365186] (project_interfaces) StdoutLine: {'line': b'-- Installing: /home/marco/marco/uni/magistrale/IDS_project/install/project_interfaces/include/project_interfaces/project_interfaces/msg/detail/desired__traits.hpp\n'}
[15.365298] (project_interfaces) StdoutLine: {'line': b'-- Installing: /home/marco/marco/uni/magistrale/IDS_project/install/project_interfaces/include/project_interfaces/project_interfaces/msg/detail/mp_cprediction__type_support.hpp\n'}
[15.368305] (project_interfaces) StdoutLine: {'line': b'-- Installing: /home/marco/marco/uni/magistrale/IDS_project/install/project_interfaces/include/project_interfaces/project_interfaces/msg/detail/desired__struct.hpp\n'}
[15.368644] (project_interfaces) StdoutLine: {'line': b'-- Installing: /home/marco/marco/uni/magistrale/IDS_project/install/project_interfaces/include/project_interfaces/project_interfaces/msg/detail/update__builder.hpp\n'}
[15.368721] (project_interfaces) StdoutLine: {'line': b'-- Installing: /home/marco/marco/uni/magistrale/IDS_project/install/project_interfaces/include/project_interfaces/project_interfaces/msg/detail/update__traits.hpp\n'}
[15.368782] (project_interfaces) StdoutLine: {'line': b'-- Installing: /home/marco/marco/uni/magistrale/IDS_project/install/project_interfaces/include/project_interfaces/project_interfaces/msg/detail/desired__type_support.hpp\n'}
[15.368870] (project_interfaces) StdoutLine: {'line': b'-- Installing: /home/marco/marco/uni/magistrale/IDS_project/install/project_interfaces/include/project_interfaces/project_interfaces/msg/detail/mp_cprediction__traits.hpp\n'}
[15.368932] (project_interfaces) StdoutLine: {'line': b'-- Installing: /home/marco/marco/uni/magistrale/IDS_project/install/project_interfaces/include/project_interfaces/project_interfaces/msg/detail/landmark__traits.hpp\n'}
[15.369027] (project_interfaces) StdoutLine: {'line': b'-- Installing: /home/marco/marco/uni/magistrale/IDS_project/install/project_interfaces/include/project_interfaces/project_interfaces/msg/detail/landmark__struct.hpp\n'}
[15.369181] (project_interfaces) StdoutLine: {'line': b'-- Installing: /home/marco/marco/uni/magistrale/IDS_project/install/project_interfaces/include/project_interfaces/project_interfaces/msg/detail/measurement__struct.hpp\n'}
[15.369345] (project_interfaces) StdoutLine: {'line': b'-- Installing: /home/marco/marco/uni/magistrale/IDS_project/install/project_interfaces/include/project_interfaces/project_interfaces/msg/detail/update__struct.hpp\n'}
[15.369430] (project_interfaces) StdoutLine: {'line': b'-- Installing: /home/marco/marco/uni/magistrale/IDS_project/install/project_interfaces/include/project_interfaces/project_interfaces/msg/detail/measurement__traits.hpp\n'}
[15.369492] (project_interfaces) StdoutLine: {'line': b'-- Installing: /home/marco/marco/uni/magistrale/IDS_project/install/project_interfaces/include/project_interfaces/project_interfaces/msg/detail/measurement__builder.hpp\n'}
[15.369580] (project_interfaces) StdoutLine: {'line': b'-- Installing: /home/marco/marco/uni/magistrale/IDS_project/install/project_interfaces/include/project_interfaces/project_interfaces/msg/update.hpp\n'}
[15.369667] (project_interfaces) StdoutLine: {'line': b'-- Installing: /home/marco/marco/uni/magistrale/IDS_project/install/project_interfaces/include/project_interfaces/project_interfaces/msg/measurement.hpp\n'}
[15.369750] (project_interfaces) StdoutLine: {'line': b'-- Installing: /home/marco/marco/uni/magistrale/IDS_project/install/project_interfaces/include/project_interfaces/project_interfaces/msg/rosidl_generator_cpp__visibility_control.hpp\n'}
[15.369863] (project_interfaces) StdoutLine: {'line': b'-- Installing: /home/marco/marco/uni/magistrale/IDS_project/install/project_interfaces/include/project_interfaces/project_interfaces/msg/mp_cprediction.hpp\n'}
[15.369965] (project_interfaces) StdoutLine: {'line': b'-- Installing: /home/marco/marco/uni/magistrale/IDS_project/install/project_interfaces/include/project_interfaces/project_interfaces/msg/state.hpp\n'}
[15.370058] (project_interfaces) StdoutLine: {'line': b'-- Installing: /home/marco/marco/uni/magistrale/IDS_project/install/project_interfaces/include/project_interfaces/project_interfaces/msg/desired.hpp\n'}
[15.370178] (project_interfaces) StdoutLine: {'line': b'-- Installing: /home/marco/marco/uni/magistrale/IDS_project/install/project_interfaces/include/project_interfaces/project_interfaces/msg/landmark.hpp\n'}
[15.370526] (project_interfaces) StdoutLine: {'line': b'-- Up-to-date: /home/marco/marco/uni/magistrale/IDS_project/install/project_interfaces/include/project_interfaces/project_interfaces\n'}
[15.370659] (project_interfaces) StdoutLine: {'line': b'-- Up-to-date: /home/marco/marco/uni/magistrale/IDS_project/install/project_interfaces/include/project_interfaces/project_interfaces/msg\n'}
[15.370736] (project_interfaces) StdoutLine: {'line': b'-- Up-to-date: /home/marco/marco/uni/magistrale/IDS_project/install/project_interfaces/include/project_interfaces/project_interfaces/msg/detail\n'}
[15.370805] (project_interfaces) StdoutLine: {'line': b'-- Installing: /home/marco/marco/uni/magistrale/IDS_project/install/project_interfaces/include/project_interfaces/project_interfaces/msg/detail/landmark__rosidl_typesupport_fastrtps_cpp.hpp\n'}
[15.370898] (project_interfaces) StdoutLine: {'line': b'-- Installing: /home/marco/marco/uni/magistrale/IDS_project/install/project_interfaces/include/project_interfaces/project_interfaces/msg/detail/mp_cprediction__rosidl_typesupport_fastrtps_cpp.hpp\n'}
[15.370976] (project_interfaces) StdoutLine: {'line': b'-- Installing: /home/marco/marco/uni/magistrale/IDS_project/install/project_interfaces/include/project_interfaces/project_interfaces/msg/detail/state__rosidl_typesupport_fastrtps_cpp.hpp\n'}
[15.371130] (project_interfaces) StdoutLine: {'line': b'-- Installing: /home/marco/marco/uni/magistrale/IDS_project/install/project_interfaces/include/project_interfaces/project_interfaces/msg/detail/desired__rosidl_typesupport_fastrtps_cpp.hpp\n'}
[15.371336] (project_interfaces) StdoutLine: {'line': b'-- Installing: /home/marco/marco/uni/magistrale/IDS_project/install/project_interfaces/include/project_interfaces/project_interfaces/msg/detail/update__rosidl_typesupport_fastrtps_cpp.hpp\n'}
[15.371417] (project_interfaces) StdoutLine: {'line': b'-- Installing: /home/marco/marco/uni/magistrale/IDS_project/install/project_interfaces/include/project_interfaces/project_interfaces/msg/detail/dds_fastrtps\n'}
[15.374292] (project_interfaces) StdoutLine: {'line': b'-- Installing: /home/marco/marco/uni/magistrale/IDS_project/install/project_interfaces/include/project_interfaces/project_interfaces/msg/detail/measurement__rosidl_typesupport_fastrtps_cpp.hpp\n'}
[15.374743] (project_interfaces) StdoutLine: {'line': b'-- Installing: /home/marco/marco/uni/magistrale/IDS_project/install/project_interfaces/include/project_interfaces/project_interfaces/msg/rosidl_typesupport_fastrtps_cpp__visibility_control.h\n'}
[15.375424] (project_interfaces) StdoutLine: {'line': b'-- Installing: /home/marco/marco/uni/magistrale/IDS_project/install/project_interfaces/lib/libproject_interfaces__rosidl_typesupport_fastrtps_cpp.so\n'}
[15.376212] (project_interfaces) StdoutLine: {'line': b'-- Set runtime path of "/home/marco/marco/uni/magistrale/IDS_project/install/project_interfaces/lib/libproject_interfaces__rosidl_typesupport_fastrtps_cpp.so" to ""\n'}
[15.379010] (project_interfaces) StdoutLine: {'line': b'-- Up-to-date: /home/marco/marco/uni/magistrale/IDS_project/install/project_interfaces/include/project_interfaces/project_interfaces\n'}
[15.379223] (project_interfaces) StdoutLine: {'line': b'-- Up-to-date: /home/marco/marco/uni/magistrale/IDS_project/install/project_interfaces/include/project_interfaces/project_interfaces/msg\n'}
[15.379291] (project_interfaces) StdoutLine: {'line': b'-- Up-to-date: /home/marco/marco/uni/magistrale/IDS_project/install/project_interfaces/include/project_interfaces/project_interfaces/msg/detail\n'}
[15.379403] (project_interfaces) StdoutLine: {'line': b'-- Installing: /home/marco/marco/uni/magistrale/IDS_project/install/project_interfaces/include/project_interfaces/project_interfaces/msg/detail/landmark__rosidl_typesupport_introspection_cpp.hpp\n'}
[15.379466] (project_interfaces) StdoutLine: {'line': b'-- Installing: /home/marco/marco/uni/magistrale/IDS_project/install/project_interfaces/include/project_interfaces/project_interfaces/msg/detail/desired__type_support.cpp\n'}
[15.379539] (project_interfaces) StdoutLine: {'line': b'-- Installing: /home/marco/marco/uni/magistrale/IDS_project/install/project_interfaces/include/project_interfaces/project_interfaces/msg/detail/mp_cprediction__type_support.cpp\n'}
[15.379608] (project_interfaces) StdoutLine: {'line': b'-- Installing: /home/marco/marco/uni/magistrale/IDS_project/install/project_interfaces/include/project_interfaces/project_interfaces/msg/detail/state__type_support.cpp\n'}
[15.379676] (project_interfaces) StdoutLine: {'line': b'-- Installing: /home/marco/marco/uni/magistrale/IDS_project/install/project_interfaces/include/project_interfaces/project_interfaces/msg/detail/update__rosidl_typesupport_introspection_cpp.hpp\n'}
[15.379743] (project_interfaces) StdoutLine: {'line': b'-- Installing: /home/marco/marco/uni/magistrale/IDS_project/install/project_interfaces/include/project_interfaces/project_interfaces/msg/detail/measurement__type_support.cpp\n'}
[15.379809] (project_interfaces) StdoutLine: {'line': b'-- Installing: /home/marco/marco/uni/magistrale/IDS_project/install/project_interfaces/include/project_interfaces/project_interfaces/msg/detail/update__type_support.cpp\n'}
[15.379868] (project_interfaces) StdoutLine: {'line': b'-- Installing: /home/marco/marco/uni/magistrale/IDS_project/install/project_interfaces/include/project_interfaces/project_interfaces/msg/detail/desired__rosidl_typesupport_introspection_cpp.hpp\n'}
[15.379929] (project_interfaces) StdoutLine: {'line': b'-- Installing: /home/marco/marco/uni/magistrale/IDS_project/install/project_interfaces/include/project_interfaces/project_interfaces/msg/detail/measurement__rosidl_typesupport_introspection_cpp.hpp\n'}
[15.380478] (project_interfaces) StdoutLine: {'line': b'-- Installing: /home/marco/marco/uni/magistrale/IDS_project/install/project_interfaces/include/project_interfaces/project_interfaces/msg/detail/mp_cprediction__rosidl_typesupport_introspection_cpp.hpp\n'}
[15.380545] (project_interfaces) StdoutLine: {'line': b'-- Installing: /home/marco/marco/uni/magistrale/IDS_project/install/project_interfaces/include/project_interfaces/project_interfaces/msg/detail/landmark__type_support.cpp\n'}
[15.380603] (project_interfaces) StdoutLine: {'line': b'-- Installing: /home/marco/marco/uni/magistrale/IDS_project/install/project_interfaces/include/project_interfaces/project_interfaces/msg/detail/state__rosidl_typesupport_introspection_cpp.hpp\n'}
[15.380710] (project_interfaces) StdoutLine: {'line': b'-- Installing: /home/marco/marco/uni/magistrale/IDS_project/install/project_interfaces/lib/libproject_interfaces__rosidl_typesupport_introspection_cpp.so\n'}
[15.380778] (project_interfaces) StdoutLine: {'line': b'-- Set runtime path of "/home/marco/marco/uni/magistrale/IDS_project/install/project_interfaces/lib/libproject_interfaces__rosidl_typesupport_introspection_cpp.so" to ""\n'}
[15.380840] (project_interfaces) StdoutLine: {'line': b'-- Installing: /home/marco/marco/uni/magistrale/IDS_project/install/project_interfaces/lib/libproject_interfaces__rosidl_typesupport_cpp.so\n'}
[15.380900] (project_interfaces) StdoutLine: {'line': b'-- Set runtime path of "/home/marco/marco/uni/magistrale/IDS_project/install/project_interfaces/lib/libproject_interfaces__rosidl_typesupport_cpp.so" to ""\n'}
[15.380959] (project_interfaces) StdoutLine: {'line': b'-- Installing: /home/marco/marco/uni/magistrale/IDS_project/install/project_interfaces/share/project_interfaces/environment/pythonpath.sh\n'}
[15.381018] (project_interfaces) StdoutLine: {'line': b'-- Installing: /home/marco/marco/uni/magistrale/IDS_project/install/project_interfaces/share/project_interfaces/environment/pythonpath.dsv\n'}
[15.381078] (project_interfaces) StdoutLine: {'line': b'-- Installing: /home/marco/marco/uni/magistrale/IDS_project/install/project_interfaces/local/lib/python3.10/dist-packages/project_interfaces-0.0.0-py3.10.egg-info\n'}
[15.381139] (project_interfaces) StdoutLine: {'line': b'-- Installing: /home/marco/marco/uni/magistrale/IDS_project/install/project_interfaces/local/lib/python3.10/dist-packages/project_interfaces-0.0.0-py3.10.egg-info/PKG-INFO\n'}
[15.381210] (project_interfaces) StdoutLine: {'line': b'-- Installing: /home/marco/marco/uni/magistrale/IDS_project/install/project_interfaces/local/lib/python3.10/dist-packages/project_interfaces-0.0.0-py3.10.egg-info/dependency_links.txt\n'}
[15.381270] (project_interfaces) StdoutLine: {'line': b'-- Installing: /home/marco/marco/uni/magistrale/IDS_project/install/project_interfaces/local/lib/python3.10/dist-packages/project_interfaces-0.0.0-py3.10.egg-info/top_level.txt\n'}
[15.381330] (project_interfaces) StdoutLine: {'line': b'-- Installing: /home/marco/marco/uni/magistrale/IDS_project/install/project_interfaces/local/lib/python3.10/dist-packages/project_interfaces-0.0.0-py3.10.egg-info/SOURCES.txt\n'}
[15.381384] (project_interfaces) StdoutLine: {'line': b'-- Installing: /home/marco/marco/uni/magistrale/IDS_project/install/project_interfaces/local/lib/python3.10/dist-packages/project_interfaces\n'}
[15.381436] (-) TimerEvent: {}
[15.382718] (project_interfaces) StdoutLine: {'line': b'-- Installing: /home/marco/marco/uni/magistrale/IDS_project/install/project_interfaces/local/lib/python3.10/dist-packages/project_interfaces/project_interfaces_s__rosidl_typesupport_introspection_c.cpython-310-x86_64-linux-gnu.so\n'}
[15.383304] (project_interfaces) StdoutLine: {'line': b'-- Installing: /home/marco/marco/uni/magistrale/IDS_project/install/project_interfaces/local/lib/python3.10/dist-packages/project_interfaces/_project_interfaces_s.ep.rosidl_typesupport_fastrtps_c.c\n'}
[15.383653] (project_interfaces) StdoutLine: {'line': b'-- Installing: /home/marco/marco/uni/magistrale/IDS_project/install/project_interfaces/local/lib/python3.10/dist-packages/project_interfaces/_project_interfaces_s.ep.rosidl_typesupport_c.c\n'}
[15.383878] (project_interfaces) StdoutLine: {'line': b'-- Installing: /home/marco/marco/uni/magistrale/IDS_project/install/project_interfaces/local/lib/python3.10/dist-packages/project_interfaces/msg\n'}
[15.383945] (project_interfaces) StdoutLine: {'line': b'-- Installing: /home/marco/marco/uni/magistrale/IDS_project/install/project_interfaces/local/lib/python3.10/dist-packages/project_interfaces/msg/_measurement.py\n'}
[15.384011] (project_interfaces) StdoutLine: {'line': b'-- Installing: /home/marco/marco/uni/magistrale/IDS_project/install/project_interfaces/local/lib/python3.10/dist-packages/project_interfaces/msg/_mp_cprediction.py\n'}
[15.387218] (project_interfaces) StdoutLine: {'line': b'-- Installing: /home/marco/marco/uni/magistrale/IDS_project/install/project_interfaces/local/lib/python3.10/dist-packages/project_interfaces/msg/_measurement_s.c\n'}
[15.387416] (project_interfaces) StdoutLine: {'line': b'-- Installing: /home/marco/marco/uni/magistrale/IDS_project/install/project_interfaces/local/lib/python3.10/dist-packages/project_interfaces/msg/_update.py\n'}
[15.387496] (project_interfaces) StdoutLine: {'line': b'-- Installing: /home/marco/marco/uni/magistrale/IDS_project/install/project_interfaces/local/lib/python3.10/dist-packages/project_interfaces/msg/_landmark_s.c\n'}
[15.387564] (project_interfaces) StdoutLine: {'line': b'-- Installing: /home/marco/marco/uni/magistrale/IDS_project/install/project_interfaces/local/lib/python3.10/dist-packages/project_interfaces/msg/_update_s.c\n'}
[15.387630] (project_interfaces) StdoutLine: {'line': b'-- Installing: /home/marco/marco/uni/magistrale/IDS_project/install/project_interfaces/local/lib/python3.10/dist-packages/project_interfaces/msg/_desired_s.c\n'}
[15.387694] (project_interfaces) StdoutLine: {'line': b'-- Installing: /home/marco/marco/uni/magistrale/IDS_project/install/project_interfaces/local/lib/python3.10/dist-packages/project_interfaces/msg/_state_s.c\n'}
[15.387764] (project_interfaces) StdoutLine: {'line': b'-- Installing: /home/marco/marco/uni/magistrale/IDS_project/install/project_interfaces/local/lib/python3.10/dist-packages/project_interfaces/msg/_landmark.py\n'}
[15.387840] (project_interfaces) StdoutLine: {'line': b'-- Installing: /home/marco/marco/uni/magistrale/IDS_project/install/project_interfaces/local/lib/python3.10/dist-packages/project_interfaces/msg/_desired.py\n'}
[15.387905] (project_interfaces) StdoutLine: {'line': b'-- Installing: /home/marco/marco/uni/magistrale/IDS_project/install/project_interfaces/local/lib/python3.10/dist-packages/project_interfaces/msg/_state.py\n'}
[15.387972] (project_interfaces) StdoutLine: {'line': b'-- Installing: /home/marco/marco/uni/magistrale/IDS_project/install/project_interfaces/local/lib/python3.10/dist-packages/project_interfaces/msg/_mp_cprediction_s.c\n'}
[15.388040] (project_interfaces) StdoutLine: {'line': b'-- Installing: /home/marco/marco/uni/magistrale/IDS_project/install/project_interfaces/local/lib/python3.10/dist-packages/project_interfaces/msg/__init__.py\n'}
[15.388104] (project_interfaces) StdoutLine: {'line': b'-- Installing: /home/marco/marco/uni/magistrale/IDS_project/install/project_interfaces/local/lib/python3.10/dist-packages/project_interfaces/_project_interfaces_s.ep.rosidl_typesupport_introspection_c.c\n'}
[15.388179] (project_interfaces) StdoutLine: {'line': b'-- Installing: /home/marco/marco/uni/magistrale/IDS_project/install/project_interfaces/local/lib/python3.10/dist-packages/project_interfaces/project_interfaces_s__rosidl_typesupport_fastrtps_c.cpython-310-x86_64-linux-gnu.so\n'}
[15.388253] (project_interfaces) StdoutLine: {'line': b'-- Installing: /home/marco/marco/uni/magistrale/IDS_project/install/project_interfaces/local/lib/python3.10/dist-packages/project_interfaces/project_interfaces_s__rosidl_typesupport_c.cpython-310-x86_64-linux-gnu.so\n'}
[15.388329] (project_interfaces) StdoutLine: {'line': b'-- Installing: /home/marco/marco/uni/magistrale/IDS_project/install/project_interfaces/local/lib/python3.10/dist-packages/project_interfaces/libproject_interfaces__rosidl_generator_py.so\n'}
[15.388393] (project_interfaces) StdoutLine: {'line': b'-- Installing: /home/marco/marco/uni/magistrale/IDS_project/install/project_interfaces/local/lib/python3.10/dist-packages/project_interfaces/__init__.py\n'}
[15.462275] (project_interfaces) StdoutLine: {'line': b"Listing '/home/marco/marco/uni/magistrale/IDS_project/install/project_interfaces/local/lib/python3.10/dist-packages/project_interfaces'...\n"}
[15.462618] (project_interfaces) StdoutLine: {'line': b"Compiling '/home/marco/marco/uni/magistrale/IDS_project/install/project_interfaces/local/lib/python3.10/dist-packages/project_interfaces/__init__.py'...\n"}
[15.462728] (project_interfaces) StdoutLine: {'line': b"Listing '/home/marco/marco/uni/magistrale/IDS_project/install/project_interfaces/local/lib/python3.10/dist-packages/project_interfaces/msg'...\n"}
[15.462799] (project_interfaces) StdoutLine: {'line': b"Compiling '/home/marco/marco/uni/magistrale/IDS_project/install/project_interfaces/local/lib/python3.10/dist-packages/project_interfaces/msg/__init__.py'...\n"}
[15.462868] (project_interfaces) StdoutLine: {'line': b"Compiling '/home/marco/marco/uni/magistrale/IDS_project/install/project_interfaces/local/lib/python3.10/dist-packages/project_interfaces/msg/_desired.py'...\n"}
[15.462933] (project_interfaces) StdoutLine: {'line': b"Compiling '/home/marco/marco/uni/magistrale/IDS_project/install/project_interfaces/local/lib/python3.10/dist-packages/project_interfaces/msg/_landmark.py'...\n"}
[15.462998] (project_interfaces) StdoutLine: {'line': b"Compiling '/home/marco/marco/uni/magistrale/IDS_project/install/project_interfaces/local/lib/python3.10/dist-packages/project_interfaces/msg/_measurement.py'...\n"}
[15.463065] (project_interfaces) StdoutLine: {'line': b"Compiling '/home/marco/marco/uni/magistrale/IDS_project/install/project_interfaces/local/lib/python3.10/dist-packages/project_interfaces/msg/_mp_cprediction.py'...\n"}
[15.463127] (project_interfaces) StdoutLine: {'line': b"Compiling '/home/marco/marco/uni/magistrale/IDS_project/install/project_interfaces/local/lib/python3.10/dist-packages/project_interfaces/msg/_state.py'...\n"}
[15.463206] (project_interfaces) StdoutLine: {'line': b"Compiling '/home/marco/marco/uni/magistrale/IDS_project/install/project_interfaces/local/lib/python3.10/dist-packages/project_interfaces/msg/_update.py'...\n"}
[15.466755] (project_interfaces) StdoutLine: {'line': b'-- Installing: /home/marco/marco/uni/magistrale/IDS_project/install/project_interfaces/local/lib/python3.10/dist-packages/project_interfaces/project_interfaces_s__rosidl_typesupport_fastrtps_c.cpython-310-x86_64-linux-gnu.so\n'}
[15.467654] (project_interfaces) StdoutLine: {'line': b'-- Set runtime path of "/home/marco/marco/uni/magistrale/IDS_project/install/project_interfaces/local/lib/python3.10/dist-packages/project_interfaces/project_interfaces_s__rosidl_typesupport_fastrtps_c.cpython-310-x86_64-linux-gnu.so" to ""\n'}
[15.468262] (project_interfaces) StdoutLine: {'line': b'-- Installing: /home/marco/marco/uni/magistrale/IDS_project/install/project_interfaces/local/lib/python3.10/dist-packages/project_interfaces/project_interfaces_s__rosidl_typesupport_introspection_c.cpython-310-x86_64-linux-gnu.so\n'}
[15.468913] (project_interfaces) StdoutLine: {'line': b'-- Set runtime path of "/home/marco/marco/uni/magistrale/IDS_project/install/project_interfaces/local/lib/python3.10/dist-packages/project_interfaces/project_interfaces_s__rosidl_typesupport_introspection_c.cpython-310-x86_64-linux-gnu.so" to ""\n'}
[15.469358] (project_interfaces) StdoutLine: {'line': b'-- Installing: /home/marco/marco/uni/magistrale/IDS_project/install/project_interfaces/local/lib/python3.10/dist-packages/project_interfaces/project_interfaces_s__rosidl_typesupport_c.cpython-310-x86_64-linux-gnu.so\n'}
[15.469922] (project_interfaces) StdoutLine: {'line': b'-- Set runtime path of "/home/marco/marco/uni/magistrale/IDS_project/install/project_interfaces/local/lib/python3.10/dist-packages/project_interfaces/project_interfaces_s__rosidl_typesupport_c.cpython-310-x86_64-linux-gnu.so" to ""\n'}
[15.470276] (project_interfaces) StdoutLine: {'line': b'-- Installing: /home/marco/marco/uni/magistrale/IDS_project/install/project_interfaces/lib/libproject_interfaces__rosidl_generator_py.so\n'}
[15.471339] (project_interfaces) StdoutLine: {'line': b'-- Set runtime path of "/home/marco/marco/uni/magistrale/IDS_project/install/project_interfaces/lib/libproject_interfaces__rosidl_generator_py.so" to ""\n'}
[15.471699] (project_interfaces) StdoutLine: {'line': b'-- Installing: /home/marco/marco/uni/magistrale/IDS_project/install/project_interfaces/share/ament_index/resource_index/rust_packages/project_interfaces\n'}
[15.472036] (project_interfaces) StdoutLine: {'line': b'-- Installing: /home/marco/marco/uni/magistrale/IDS_project/install/project_interfaces/share/project_interfaces/rust\n'}
[15.472378] (project_interfaces) StdoutLine: {'line': b'-- Installing: /home/marco/marco/uni/magistrale/IDS_project/install/project_interfaces/share/project_interfaces/rust/build.rs\n'}
[15.472795] (project_interfaces) StdoutLine: {'line': b'-- Installing: /home/marco/marco/uni/magistrale/IDS_project/install/project_interfaces/share/project_interfaces/rust/Cargo.toml\n'}
[15.473109] (project_interfaces) StdoutLine: {'line': b'-- Installing: /home/marco/marco/uni/magistrale/IDS_project/install/project_interfaces/share/project_interfaces/rust/src\n'}
[15.473407] (project_interfaces) StdoutLine: {'line': b'-- Installing: /home/marco/marco/uni/magistrale/IDS_project/install/project_interfaces/share/project_interfaces/rust/src/lib.rs\n'}
[15.473766] (project_interfaces) StdoutLine: {'line': b'-- Installing: /home/marco/marco/uni/magistrale/IDS_project/install/project_interfaces/share/project_interfaces/rust/src/msg\n'}
[15.474049] (project_interfaces) StdoutLine: {'line': b'-- Installing: /home/marco/marco/uni/magistrale/IDS_project/install/project_interfaces/share/project_interfaces/rust/src/msg/rmw.rs\n'}
[15.474385] (project_interfaces) StdoutLine: {'line': b'-- Installing: /home/marco/marco/uni/magistrale/IDS_project/install/project_interfaces/share/project_interfaces/rust/src/msg.rs\n'}
[15.474681] (project_interfaces) StdoutLine: {'line': b'-- Installing: /home/marco/marco/uni/magistrale/IDS_project/install/project_interfaces/share/project_interfaces/msg/Measurement.idl\n'}
[15.475005] (project_interfaces) StdoutLine: {'line': b'-- Installing: /home/marco/marco/uni/magistrale/IDS_project/install/project_interfaces/share/project_interfaces/msg/Landmark.idl\n'}
[15.475446] (project_interfaces) StdoutLine: {'line': b'-- Installing: /home/marco/marco/uni/magistrale/IDS_project/install/project_interfaces/share/project_interfaces/msg/Update.idl\n'}
[15.475762] (project_interfaces) StdoutLine: {'line': b'-- Installing: /home/marco/marco/uni/magistrale/IDS_project/install/project_interfaces/share/project_interfaces/msg/State.idl\n'}
[15.476200] (project_interfaces) StdoutLine: {'line': b'-- Installing: /home/marco/marco/uni/magistrale/IDS_project/install/project_interfaces/share/project_interfaces/msg/MPCprediction.idl\n'}
[15.476545] (project_interfaces) StdoutLine: {'line': b'-- Installing: /home/marco/marco/uni/magistrale/IDS_project/install/project_interfaces/share/project_interfaces/msg/Desired.idl\n'}
[15.476760] (project_interfaces) StdoutLine: {'line': b'-- Installing: /home/marco/marco/uni/magistrale/IDS_project/install/project_interfaces/share/project_interfaces/msg/Measurement.msg\n'}
[15.477172] (project_interfaces) StdoutLine: {'line': b'-- Installing: /home/marco/marco/uni/magistrale/IDS_project/install/project_interfaces/share/project_interfaces/msg/Landmark.msg\n'}
[15.477484] (project_interfaces) StdoutLine: {'line': b'-- Installing: /home/marco/marco/uni/magistrale/IDS_project/install/project_interfaces/share/project_interfaces/msg/Update.msg\n'}
[15.478170] (project_interfaces) StdoutLine: {'line': b'-- Installing: /home/marco/marco/uni/magistrale/IDS_project/install/project_interfaces/share/project_interfaces/msg/State.msg\n'}
[15.478376] (project_interfaces) StdoutLine: {'line': b'-- Installing: /home/marco/marco/uni/magistrale/IDS_project/install/project_interfaces/share/project_interfaces/msg/MPCprediction.msg\n'}
[15.478699] (project_interfaces) StdoutLine: {'line': b'-- Installing: /home/marco/marco/uni/magistrale/IDS_project/install/project_interfaces/share/project_interfaces/msg/Desired.msg\n'}
[15.479162] (project_interfaces) StdoutLine: {'line': b'-- Installing: /home/marco/marco/uni/magistrale/IDS_project/install/project_interfaces/share/ament_index/resource_index/package_run_dependencies/project_interfaces\n'}
[15.479619] (project_interfaces) StdoutLine: {'line': b'-- Installing: /home/marco/marco/uni/magistrale/IDS_project/install/project_interfaces/share/ament_index/resource_index/parent_prefix_path/project_interfaces\n'}
[15.480001] (project_interfaces) StdoutLine: {'line': b'-- Installing: /home/marco/marco/uni/magistrale/IDS_project/install/project_interfaces/share/project_interfaces/environment/ament_prefix_path.sh\n'}
[15.480495] (project_interfaces) StdoutLine: {'line': b'-- Installing: /home/marco/marco/uni/magistrale/IDS_project/install/project_interfaces/share/project_interfaces/environment/ament_prefix_path.dsv\n'}
[15.480797] (project_interfaces) StdoutLine: {'line': b'-- Installing: /home/marco/marco/uni/magistrale/IDS_project/install/project_interfaces/share/project_interfaces/environment/path.sh\n'}
[15.481110] (project_interfaces) StdoutLine: {'line': b'-- Installing: /home/marco/marco/uni/magistrale/IDS_project/install/project_interfaces/share/project_interfaces/environment/path.dsv\n'}
[15.481365] (project_interfaces) StdoutLine: {'line': b'-- Installing: /home/marco/marco/uni/magistrale/IDS_project/install/project_interfaces/share/project_interfaces/local_setup.bash\n'}
[15.481716] (-) TimerEvent: {}
[15.482172] (project_interfaces) StdoutLine: {'line': b'-- Installing: /home/marco/marco/uni/magistrale/IDS_project/install/project_interfaces/share/project_interfaces/local_setup.sh\n'}
[15.482486] (project_interfaces) StdoutLine: {'line': b'-- Installing: /home/marco/marco/uni/magistrale/IDS_project/install/project_interfaces/share/project_interfaces/local_setup.zsh\n'}
[15.482999] (project_interfaces) StdoutLine: {'line': b'-- Installing: /home/marco/marco/uni/magistrale/IDS_project/install/project_interfaces/share/project_interfaces/local_setup.dsv\n'}
[15.483344] (project_interfaces) StdoutLine: {'line': b'-- Installing: /home/marco/marco/uni/magistrale/IDS_project/install/project_interfaces/share/project_interfaces/package.dsv\n'}
[15.483819] (project_interfaces) StdoutLine: {'line': b'-- Installing: /home/marco/marco/uni/magistrale/IDS_project/install/project_interfaces/share/ament_index/resource_index/packages/project_interfaces\n'}
[15.484055] (project_interfaces) StdoutLine: {'line': b'-- Installing: /home/marco/marco/uni/magistrale/IDS_project/install/project_interfaces/share/project_interfaces/cmake/export_project_interfaces__rosidl_generator_cExport.cmake\n'}
[15.484445] (project_interfaces) StdoutLine: {'line': b'-- Installing: /home/marco/marco/uni/magistrale/IDS_project/install/project_interfaces/share/project_interfaces/cmake/export_project_interfaces__rosidl_generator_cExport-noconfig.cmake\n'}
[15.484856] (project_interfaces) StdoutLine: {'line': b'-- Installing: /home/marco/marco/uni/magistrale/IDS_project/install/project_interfaces/share/project_interfaces/cmake/export_project_interfaces__rosidl_typesupport_fastrtps_cExport.cmake\n'}
[15.485535] (project_interfaces) StdoutLine: {'line': b'-- Installing: /home/marco/marco/uni/magistrale/IDS_project/install/project_interfaces/share/project_interfaces/cmake/export_project_interfaces__rosidl_typesupport_fastrtps_cExport-noconfig.cmake\n'}
[15.486061] (project_interfaces) StdoutLine: {'line': b'-- Installing: /home/marco/marco/uni/magistrale/IDS_project/install/project_interfaces/share/project_interfaces/cmake/project_interfaces__rosidl_typesupport_introspection_cExport.cmake\n'}
[15.486375] (project_interfaces) StdoutLine: {'line': b'-- Installing: /home/marco/marco/uni/magistrale/IDS_project/install/project_interfaces/share/project_interfaces/cmake/project_interfaces__rosidl_typesupport_introspection_cExport-noconfig.cmake\n'}
[15.486873] (project_interfaces) StdoutLine: {'line': b'-- Installing: /home/marco/marco/uni/magistrale/IDS_project/install/project_interfaces/share/project_interfaces/cmake/project_interfaces__rosidl_typesupport_cExport.cmake\n'}
[15.487117] (project_interfaces) StdoutLine: {'line': b'-- Installing: /home/marco/marco/uni/magistrale/IDS_project/install/project_interfaces/share/project_interfaces/cmake/project_interfaces__rosidl_typesupport_cExport-noconfig.cmake\n'}
[15.487643] (project_interfaces) StdoutLine: {'line': b'-- Installing: /home/marco/marco/uni/magistrale/IDS_project/install/project_interfaces/share/project_interfaces/cmake/export_project_interfaces__rosidl_generator_cppExport.cmake\n'}
[15.488026] (project_interfaces) StdoutLine: {'line': b'-- Installing: /home/marco/marco/uni/magistrale/IDS_project/install/project_interfaces/share/project_interfaces/cmake/export_project_interfaces__rosidl_typesupport_fastrtps_cppExport.cmake\n'}
[15.488392] (project_interfaces) StdoutLine: {'line': b'-- Installing: /home/marco/marco/uni/magistrale/IDS_project/install/project_interfaces/share/project_interfaces/cmake/export_project_interfaces__rosidl_typesupport_fastrtps_cppExport-noconfig.cmake\n'}
[15.488908] (project_interfaces) StdoutLine: {'line': b'-- Installing: /home/marco/marco/uni/magistrale/IDS_project/install/project_interfaces/share/project_interfaces/cmake/project_interfaces__rosidl_typesupport_introspection_cppExport.cmake\n'}
[15.489234] (project_interfaces) StdoutLine: {'line': b'-- Installing: /home/marco/marco/uni/magistrale/IDS_project/install/project_interfaces/share/project_interfaces/cmake/project_interfaces__rosidl_typesupport_introspection_cppExport-noconfig.cmake\n'}
[15.489629] (project_interfaces) StdoutLine: {'line': b'-- Installing: /home/marco/marco/uni/magistrale/IDS_project/install/project_interfaces/share/project_interfaces/cmake/project_interfaces__rosidl_typesupport_cppExport.cmake\n'}
[15.490072] (project_interfaces) StdoutLine: {'line': b'-- Installing: /home/marco/marco/uni/magistrale/IDS_project/install/project_interfaces/share/project_interfaces/cmake/project_interfaces__rosidl_typesupport_cppExport-noconfig.cmake\n'}
[15.490456] (project_interfaces) StdoutLine: {'line': b'-- Installing: /home/marco/marco/uni/magistrale/IDS_project/install/project_interfaces/share/project_interfaces/cmake/export_project_interfaces__rosidl_generator_pyExport.cmake\n'}
[15.490850] (project_interfaces) StdoutLine: {'line': b'-- Installing: /home/marco/marco/uni/magistrale/IDS_project/install/project_interfaces/share/project_interfaces/cmake/export_project_interfaces__rosidl_generator_pyExport-noconfig.cmake\n'}
[15.491302] (project_interfaces) StdoutLine: {'line': b'-- Installing: /home/marco/marco/uni/magistrale/IDS_project/install/project_interfaces/share/project_interfaces/cmake/rosidl_cmake-extras.cmake\n'}
[15.491716] (project_interfaces) StdoutLine: {'line': b'-- Installing: /home/marco/marco/uni/magistrale/IDS_project/install/project_interfaces/share/project_interfaces/cmake/ament_cmake_export_include_directories-extras.cmake\n'}
[15.492376] (project_interfaces) StdoutLine: {'line': b'-- Installing: /home/marco/marco/uni/magistrale/IDS_project/install/project_interfaces/share/project_interfaces/cmake/ament_cmake_export_libraries-extras.cmake\n'}
[15.492822] (project_interfaces) StdoutLine: {'line': b'-- Installing: /home/marco/marco/uni/magistrale/IDS_project/install/project_interfaces/share/project_interfaces/cmake/ament_cmake_export_targets-extras.cmake\n'}
[15.493251] (project_interfaces) StdoutLine: {'line': b'-- Installing: /home/marco/marco/uni/magistrale/IDS_project/install/project_interfaces/share/project_interfaces/cmake/rosidl_cmake_export_typesupport_targets-extras.cmake\n'}
[15.493729] (project_interfaces) StdoutLine: {'line': b'-- Installing: /home/marco/marco/uni/magistrale/IDS_project/install/project_interfaces/share/project_interfaces/cmake/ament_cmake_export_dependencies-extras.cmake\n'}
[15.494057] (project_interfaces) StdoutLine: {'line': b'-- Installing: /home/marco/marco/uni/magistrale/IDS_project/install/project_interfaces/share/project_interfaces/cmake/rosidl_cmake_export_typesupport_libraries-extras.cmake\n'}
[15.494409] (project_interfaces) StdoutLine: {'line': b'-- Installing: /home/marco/marco/uni/magistrale/IDS_project/install/project_interfaces/share/project_interfaces/cmake/project_interfacesConfig.cmake\n'}
[15.494792] (project_interfaces) StdoutLine: {'line': b'-- Installing: /home/marco/marco/uni/magistrale/IDS_project/install/project_interfaces/share/project_interfaces/cmake/project_interfacesConfig-version.cmake\n'}
[15.495186] (project_interfaces) StdoutLine: {'line': b'-- Installing: /home/marco/marco/uni/magistrale/IDS_project/install/project_interfaces/share/project_interfaces/package.xml\n'}
[15.503762] (project_interfaces) CommandEnded: {'returncode': 0}
[15.554223] (project_interfaces) JobEnded: {'identifier': 'project_interfaces', 'rc': 0}
[15.582306] (-) TimerEvent: {}
[15.682717] (-) TimerEvent: {}
[15.783176] (-) TimerEvent: {}
[15.885545] (-) TimerEvent: {}
[15.985931] (-) TimerEvent: {}
[16.086336] (-) TimerEvent: {}
[16.188581] (-) TimerEvent: {}
[16.293655] (-) TimerEvent: {}
[16.394573] (-) TimerEvent: {}
[16.495284] (-) TimerEvent: {}
[16.595998] (-) TimerEvent: {}
[16.696538] (-) TimerEvent: {}
[16.797414] (-) TimerEvent: {}
[16.898028] (-) TimerEvent: {}
[16.998835] (-) TimerEvent: {}
[17.099941] (-) TimerEvent: {}
[17.201454] (-) TimerEvent: {}
[17.301788] (-) TimerEvent: {}
[17.402072] (-) TimerEvent: {}
[17.502698] (-) TimerEvent: {}
[17.604224] (-) TimerEvent: {}
[17.704590] (-) TimerEvent: {}
[17.805226] (-) TimerEvent: {}
[17.906481] (-) TimerEvent: {}
[18.008444] (-) TimerEvent: {}
[18.108808] (-) TimerEvent: {}
[18.209274] (-) TimerEvent: {}
[18.310230] (-) TimerEvent: {}
[18.410590] (-) TimerEvent: {}
[18.510946] (-) TimerEvent: {}
[18.611287] (-) TimerEvent: {}
[18.711619] (-) TimerEvent: {}
[18.812010] (-) TimerEvent: {}
[18.912369] (-) TimerEvent: {}
[19.012688] (-) TimerEvent: {}
[19.113014] (-) TimerEvent: {}
[19.213490] (-) TimerEvent: {}
[19.313853] (-) TimerEvent: {}
[19.414358] (-) TimerEvent: {}
[19.514777] (-) TimerEvent: {}
[19.615199] (-) TimerEvent: {}
[19.621970] (compressed_depth_image_transport) StdoutLine: {'line': b'[100%] \x1b[32m\x1b[1mLinking CXX shared library libcompressed_depth_image_transport.so\x1b[0m\n'}
[19.715310] (-) TimerEvent: {}
[19.815674] (-) TimerEvent: {}
[19.916255] (-) TimerEvent: {}
[20.016885] (-) TimerEvent: {}
[20.117594] (-) TimerEvent: {}
[20.201280] (compressed_image_transport) StdoutLine: {'line': b'[100%] \x1b[32m\x1b[1mLinking CXX shared library libcompressed_image_transport.so\x1b[0m\n'}
[20.217709] (-) TimerEvent: {}
[20.318040] (-) TimerEvent: {}
[20.418405] (-) TimerEvent: {}
[20.518787] (-) TimerEvent: {}
[20.619153] (-) TimerEvent: {}
[20.633660] (compressed_depth_image_transport) StdoutLine: {'line': b'[100%] Built target compressed_depth_image_transport\n'}
[20.649157] (compressed_depth_image_transport) CommandEnded: {'returncode': 0}
[20.650081] (compressed_depth_image_transport) JobProgress: {'identifier': 'compressed_depth_image_transport', 'progress': 'install'}
[20.651072] (compressed_depth_image_transport) Command: {'cmd': ['/usr/bin/cmake', '--install', '/home/marco/marco/uni/magistrale/IDS_project/build/compressed_depth_image_transport'], 'cwd': '/home/marco/marco/uni/magistrale/IDS_project/build/compressed_depth_image_transport', 'env': OrderedDict([('LESSOPEN', '| /usr/bin/lesspipe %s'), ('USER', 'marco'), ('LC_TIME', 'it_IT.UTF-8'), ('XDG_SESSION_TYPE', 'x11'), ('SHLVL', '1'), ('LD_LIBRARY_PATH', '/opt/ros/humble/opt/rviz_ogre_vendor/lib:/opt/ros/humble/lib/x86_64-linux-gnu:/opt/ros/humble/lib'), ('HOME', '/home/marco'), ('OLDPWD', '/home/marco/marco/uni/magistrale/IDS_project/ros2_ws'), ('DESKTOP_SESSION', 'ubuntu'), ('ROS_PYTHON_VERSION', '3'), ('GNOME_SHELL_SESSION_MODE', 'ubuntu'), ('GTK_MODULES', 'gail:atk-bridge'), ('LC_MONETARY', 'it_IT.UTF-8'), ('MANAGERPID', '1948'), ('SYSTEMD_EXEC_PID', '2438'), ('DBUS_SESSION_BUS_ADDRESS', 'unix:path=/run/user/1000/bus'), ('COLORTERM', 'truecolor'), ('TERMINATOR_DBUS_NAME', 'net.tenshu.Terminator23558193cd9818af7fe4d2c2f5bd9d00f'), ('GIO_LAUNCHED_DESKTOP_FILE_PID', '5065'), ('ROS_DISTRO', 'humble'), ('GTK_IM_MODULE', 'ibus'), ('LOGNAME', 'marco'), ('JOURNAL_STREAM', '8:12126'), ('_', '/usr/bin/colcon'), ('ROS_VERSION', '2'), ('XDG_SESSION_CLASS', 'user'), ('USERNAME', 'marco'), ('TERM', 'xterm-256color'), ('GNOME_DESKTOP_SESSION_ID', 'this-is-deprecated'), ('ROS_LOCALHOST_ONLY', '0'), ('WINDOWPATH', '2'), ('PATH', '/opt/ros/humble/bin:/home/marco/.local/bin:/usr/local/sbin:/usr/local/bin:/usr/sbin:/usr/bin:/sbin:/bin:/usr/games:/usr/local/games:/snap/bin:/snap/bin'), ('SESSION_MANAGER', 'local/marco-ub22:@/tmp/.ICE-unix/2241,unix/marco-ub22:/tmp/.ICE-unix/2241'), ('INVOCATION_ID', '13ce98eb6ffe48af991f103afcdbba0c'), ('XDG_MENU_PREFIX', 'gnome-'), ('LC_ADDRESS', 'it_IT.UTF-8'), ('XDG_RUNTIME_DIR', '/run/user/1000'), ('DISPLAY', ':1'), ('TERMINATOR_DBUS_PATH', '/net/tenshu/Terminator2'), ('LANG', 'en_US.UTF-8'), ('XDG_CURRENT_DESKTOP', 'ubuntu:GNOME'), ('IBUS_DISABLE_SNOOPER', '1'), ('LC_TELEPHONE', 'it_IT.UTF-8'), ('XMODIFIERS', '@im=ibus'), ('XDG_SESSION_DESKTOP', 'ubuntu'), ('XAUTHORITY', '/run/user/1000/gdm/Xauthority'), ('LS_COLORS', 'rs=0:di=01;34:ln=01;36:mh=00:pi=40;33:so=01;35:do=01;35:bd=40;33;01:cd=40;33;01:or=40;31;01:mi=00:su=37;41:sg=30;43:ca=30;41:tw=30;42:ow=34;42:st=37;44:ex=01;32:*.tar=01;31:*.tgz=01;31:*.arc=01;31:*.arj=01;31:*.taz=01;31:*.lha=01;31:*.lz4=01;31:*.lzh=01;31:*.lzma=01;31:*.tlz=01;31:*.txz=01;31:*.tzo=01;31:*.t7z=01;31:*.zip=01;31:*.z=01;31:*.dz=01;31:*.gz=01;31:*.lrz=01;31:*.lz=01;31:*.lzo=01;31:*.xz=01;31:*.zst=01;31:*.tzst=01;31:*.bz2=01;31:*.bz=01;31:*.tbz=01;31:*.tbz2=01;31:*.tz=01;31:*.deb=01;31:*.rpm=01;31:*.jar=01;31:*.war=01;31:*.ear=01;31:*.sar=01;31:*.rar=01;31:*.alz=01;31:*.ace=01;31:*.zoo=01;31:*.cpio=01;31:*.7z=01;31:*.rz=01;31:*.cab=01;31:*.wim=01;31:*.swm=01;31:*.dwm=01;31:*.esd=01;31:*.jpg=01;35:*.jpeg=01;35:*.mjpg=01;35:*.mjpeg=01;35:*.gif=01;35:*.bmp=01;35:*.pbm=01;35:*.pgm=01;35:*.ppm=01;35:*.tga=01;35:*.xbm=01;35:*.xpm=01;35:*.tif=01;35:*.tiff=01;35:*.png=01;35:*.svg=01;35:*.svgz=01;35:*.mng=01;35:*.pcx=01;35:*.mov=01;35:*.mpg=01;35:*.mpeg=01;35:*.m2v=01;35:*.mkv=01;35:*.webm=01;35:*.webp=01;35:*.ogm=01;35:*.mp4=01;35:*.m4v=01;35:*.mp4v=01;35:*.vob=01;35:*.qt=01;35:*.nuv=01;35:*.wmv=01;35:*.asf=01;35:*.rm=01;35:*.rmvb=01;35:*.flc=01;35:*.avi=01;35:*.fli=01;35:*.flv=01;35:*.gl=01;35:*.dl=01;35:*.xcf=01;35:*.xwd=01;35:*.yuv=01;35:*.cgm=01;35:*.emf=01;35:*.ogv=01;35:*.ogx=01;35:*.aac=00;36:*.au=00;36:*.flac=00;36:*.m4a=00;36:*.mid=00;36:*.midi=00;36:*.mka=00;36:*.mp3=00;36:*.mpc=00;36:*.ogg=00;36:*.ra=00;36:*.wav=00;36:*.oga=00;36:*.opus=00;36:*.spx=00;36:*.xspf=00;36:'), ('SSH_AGENT_LAUNCHER', 'gnome-keyring'), ('SSH_AUTH_SOCK', '/run/user/1000/keyring/ssh'), ('ROS_DOMAIN_ID', '2'), ('AMENT_PREFIX_PATH', '/opt/ros/humble'), ('SHELL', '/bin/bash'), ('LC_NAME', 'it_IT.UTF-8'), ('TERMINATOR_UUID', 'urn:uuid:029eaee9-0711-4cf2-bfd1-7b9bd46242d4'), ('QT_ACCESSIBILITY', '1'), ('GDMSESSION', 'ubuntu'), ('LESSCLOSE', '/usr/bin/lesspipe %s %s'), ('LC_MEASUREMENT', 'it_IT.UTF-8'), ('GPG_AGENT_INFO', '/run/user/1000/gnupg/S.gpg-agent:0:1'), ('LC_IDENTIFICATION', 'it_IT.UTF-8'), ('QT_IM_MODULE', 'ibus'), ('PWD', '/home/marco/marco/uni/magistrale/IDS_project/build/compressed_depth_image_transport'), ('LC_ALL', 'en_US.UTF-8'), ('XDG_CONFIG_DIRS', '/etc/xdg/xdg-ubuntu:/etc/xdg'), ('XDG_DATA_DIRS', '/usr/share/ubuntu:/usr/share/gnome:/usr/local/share/:/usr/share/:/var/lib/snapd/desktop'), ('PYTHONPATH', '/opt/ros/humble/lib/python3.10/site-packages:/opt/ros/humble/local/lib/python3.10/dist-packages'), ('LC_NUMERIC', 'it_IT.UTF-8'), ('LC_PAPER', 'it_IT.UTF-8'), ('COLCON', '1'), ('VTE_VERSION', '6800'), ('CMAKE_PREFIX_PATH', '/opt/ros/humble')]), 'shell': False}
[20.662563] (compressed_depth_image_transport) StdoutLine: {'line': b'-- Install configuration: ""\n'}
[20.662815] (compressed_depth_image_transport) StdoutLine: {'line': b'-- Installing: /home/marco/marco/uni/magistrale/IDS_project/install/compressed_depth_image_transport/lib/libcompressed_depth_image_transport.so\n'}
[20.668560] (compressed_depth_image_transport) StdoutLine: {'line': b'-- Set runtime path of "/home/marco/marco/uni/magistrale/IDS_project/install/compressed_depth_image_transport/lib/libcompressed_depth_image_transport.so" to ""\n'}
[20.669101] (compressed_depth_image_transport) StdoutLine: {'line': b'-- Installing: /home/marco/marco/uni/magistrale/IDS_project/install/compressed_depth_image_transport/include\n'}
[20.669297] (compressed_depth_image_transport) StdoutLine: {'line': b'-- Installing: /home/marco/marco/uni/magistrale/IDS_project/install/compressed_depth_image_transport/include/compressed_depth_image_transport\n'}
[20.669382] (compressed_depth_image_transport) StdoutLine: {'line': b'-- Installing: /home/marco/marco/uni/magistrale/IDS_project/install/compressed_depth_image_transport/include/compressed_depth_image_transport/compression_common.h\n'}
[20.669456] (compressed_depth_image_transport) StdoutLine: {'line': b'-- Installing: /home/marco/marco/uni/magistrale/IDS_project/install/compressed_depth_image_transport/include/compressed_depth_image_transport/codec.h\n'}
[20.669524] (compressed_depth_image_transport) StdoutLine: {'line': b'-- Installing: /home/marco/marco/uni/magistrale/IDS_project/install/compressed_depth_image_transport/include/compressed_depth_image_transport/compressed_depth_subscriber.h\n'}
[20.669589] (compressed_depth_image_transport) StdoutLine: {'line': b'-- Installing: /home/marco/marco/uni/magistrale/IDS_project/install/compressed_depth_image_transport/include/compressed_depth_image_transport/compressed_depth_publisher.h\n'}
[20.669643] (compressed_depth_image_transport) StdoutLine: {'line': b'-- Installing: /home/marco/marco/uni/magistrale/IDS_project/install/compressed_depth_image_transport/share/compressed_depth_image_transport/compressed_depth_plugins.xml\n'}
[20.669763] (compressed_depth_image_transport) StdoutLine: {'line': b'-- Installing: /home/marco/marco/uni/magistrale/IDS_project/install/compressed_depth_image_transport/share/ament_index/resource_index/package_run_dependencies/compressed_depth_image_transport\n'}
[20.669922] (compressed_depth_image_transport) StdoutLine: {'line': b'-- Installing: /home/marco/marco/uni/magistrale/IDS_project/install/compressed_depth_image_transport/share/ament_index/resource_index/parent_prefix_path/compressed_depth_image_transport\n'}
[20.670096] (compressed_depth_image_transport) StdoutLine: {'line': b'-- Installing: /home/marco/marco/uni/magistrale/IDS_project/install/compressed_depth_image_transport/share/compressed_depth_image_transport/environment/ament_prefix_path.sh\n'}
[20.670227] (compressed_depth_image_transport) StdoutLine: {'line': b'-- Installing: /home/marco/marco/uni/magistrale/IDS_project/install/compressed_depth_image_transport/share/compressed_depth_image_transport/environment/ament_prefix_path.dsv\n'}
[20.670351] (compressed_depth_image_transport) StdoutLine: {'line': b'-- Installing: /home/marco/marco/uni/magistrale/IDS_project/install/compressed_depth_image_transport/share/compressed_depth_image_transport/environment/path.sh\n'}
[20.670471] (compressed_depth_image_transport) StdoutLine: {'line': b'-- Installing: /home/marco/marco/uni/magistrale/IDS_project/install/compressed_depth_image_transport/share/compressed_depth_image_transport/environment/path.dsv\n'}
[20.670597] (compressed_depth_image_transport) StdoutLine: {'line': b'-- Installing: /home/marco/marco/uni/magistrale/IDS_project/install/compressed_depth_image_transport/share/compressed_depth_image_transport/local_setup.bash\n'}
[20.670722] (compressed_depth_image_transport) StdoutLine: {'line': b'-- Installing: /home/marco/marco/uni/magistrale/IDS_project/install/compressed_depth_image_transport/share/compressed_depth_image_transport/local_setup.sh\n'}
[20.670857] (compressed_depth_image_transport) StdoutLine: {'line': b'-- Installing: /home/marco/marco/uni/magistrale/IDS_project/install/compressed_depth_image_transport/share/compressed_depth_image_transport/local_setup.zsh\n'}
[20.670972] (compressed_depth_image_transport) StdoutLine: {'line': b'-- Installing: /home/marco/marco/uni/magistrale/IDS_project/install/compressed_depth_image_transport/share/compressed_depth_image_transport/local_setup.dsv\n'}
[20.671093] (compressed_depth_image_transport) StdoutLine: {'line': b'-- Installing: /home/marco/marco/uni/magistrale/IDS_project/install/compressed_depth_image_transport/share/compressed_depth_image_transport/package.dsv\n'}
[20.671273] (compressed_depth_image_transport) StdoutLine: {'line': b'-- Installing: /home/marco/marco/uni/magistrale/IDS_project/install/compressed_depth_image_transport/share/ament_index/resource_index/packages/compressed_depth_image_transport\n'}
[20.671440] (compressed_depth_image_transport) StdoutLine: {'line': b'-- Installing: /home/marco/marco/uni/magistrale/IDS_project/install/compressed_depth_image_transport/share/ament_index/resource_index/image_transport__pluginlib__plugin/compressed_depth_image_transport\n'}
[20.671612] (compressed_depth_image_transport) StdoutLine: {'line': b'-- Installing: /home/marco/marco/uni/magistrale/IDS_project/install/compressed_depth_image_transport/share/compressed_depth_image_transport/cmake/compressed_depth_image_transportConfig.cmake\n'}
[20.671716] (compressed_depth_image_transport) StdoutLine: {'line': b'-- Installing: /home/marco/marco/uni/magistrale/IDS_project/install/compressed_depth_image_transport/share/compressed_depth_image_transport/cmake/compressed_depth_image_transportConfig-version.cmake\n'}
[20.671852] (compressed_depth_image_transport) StdoutLine: {'line': b'-- Installing: /home/marco/marco/uni/magistrale/IDS_project/install/compressed_depth_image_transport/share/compressed_depth_image_transport/package.xml\n'}
[20.674747] (compressed_depth_image_transport) CommandEnded: {'returncode': 0}
[20.699340] (compressed_depth_image_transport) JobEnded: {'identifier': 'compressed_depth_image_transport', 'rc': 0}
[20.719495] (-) TimerEvent: {}
[20.820492] (-) TimerEvent: {}
[20.920811] (-) TimerEvent: {}
[21.021112] (-) TimerEvent: {}
[21.052828] (theora_image_transport) StdoutLine: {'line': b'[ 97%] \x1b[32m\x1b[1mLinking CXX executable ogg_saver\x1b[0m\n'}
[21.121473] (-) TimerEvent: {}
[21.204746] (compressed_image_transport) StdoutLine: {'line': b'[100%] Built target compressed_image_transport\n'}
[21.221511] (-) TimerEvent: {}
[21.222405] (compressed_image_transport) CommandEnded: {'returncode': 0}
[21.223109] (compressed_image_transport) JobProgress: {'identifier': 'compressed_image_transport', 'progress': 'install'}
[21.223359] (compressed_image_transport) Command: {'cmd': ['/usr/bin/cmake', '--install', '/home/marco/marco/uni/magistrale/IDS_project/build/compressed_image_transport'], 'cwd': '/home/marco/marco/uni/magistrale/IDS_project/build/compressed_image_transport', 'env': OrderedDict([('LESSOPEN', '| /usr/bin/lesspipe %s'), ('USER', 'marco'), ('LC_TIME', 'it_IT.UTF-8'), ('XDG_SESSION_TYPE', 'x11'), ('SHLVL', '1'), ('LD_LIBRARY_PATH', '/opt/ros/humble/opt/rviz_ogre_vendor/lib:/opt/ros/humble/lib/x86_64-linux-gnu:/opt/ros/humble/lib'), ('HOME', '/home/marco'), ('OLDPWD', '/home/marco/marco/uni/magistrale/IDS_project/ros2_ws'), ('DESKTOP_SESSION', 'ubuntu'), ('ROS_PYTHON_VERSION', '3'), ('GNOME_SHELL_SESSION_MODE', 'ubuntu'), ('GTK_MODULES', 'gail:atk-bridge'), ('LC_MONETARY', 'it_IT.UTF-8'), ('MANAGERPID', '1948'), ('SYSTEMD_EXEC_PID', '2438'), ('DBUS_SESSION_BUS_ADDRESS', 'unix:path=/run/user/1000/bus'), ('COLORTERM', 'truecolor'), ('TERMINATOR_DBUS_NAME', 'net.tenshu.Terminator23558193cd9818af7fe4d2c2f5bd9d00f'), ('GIO_LAUNCHED_DESKTOP_FILE_PID', '5065'), ('ROS_DISTRO', 'humble'), ('GTK_IM_MODULE', 'ibus'), ('LOGNAME', 'marco'), ('JOURNAL_STREAM', '8:12126'), ('_', '/usr/bin/colcon'), ('ROS_VERSION', '2'), ('XDG_SESSION_CLASS', 'user'), ('USERNAME', 'marco'), ('TERM', 'xterm-256color'), ('GNOME_DESKTOP_SESSION_ID', 'this-is-deprecated'), ('ROS_LOCALHOST_ONLY', '0'), ('WINDOWPATH', '2'), ('PATH', '/opt/ros/humble/bin:/home/marco/.local/bin:/usr/local/sbin:/usr/local/bin:/usr/sbin:/usr/bin:/sbin:/bin:/usr/games:/usr/local/games:/snap/bin:/snap/bin'), ('SESSION_MANAGER', 'local/marco-ub22:@/tmp/.ICE-unix/2241,unix/marco-ub22:/tmp/.ICE-unix/2241'), ('INVOCATION_ID', '13ce98eb6ffe48af991f103afcdbba0c'), ('XDG_MENU_PREFIX', 'gnome-'), ('LC_ADDRESS', 'it_IT.UTF-8'), ('XDG_RUNTIME_DIR', '/run/user/1000'), ('DISPLAY', ':1'), ('TERMINATOR_DBUS_PATH', '/net/tenshu/Terminator2'), ('LANG', 'en_US.UTF-8'), ('XDG_CURRENT_DESKTOP', 'ubuntu:GNOME'), ('IBUS_DISABLE_SNOOPER', '1'), ('LC_TELEPHONE', 'it_IT.UTF-8'), ('XMODIFIERS', '@im=ibus'), ('XDG_SESSION_DESKTOP', 'ubuntu'), ('XAUTHORITY', '/run/user/1000/gdm/Xauthority'), ('LS_COLORS', 'rs=0:di=01;34:ln=01;36:mh=00:pi=40;33:so=01;35:do=01;35:bd=40;33;01:cd=40;33;01:or=40;31;01:mi=00:su=37;41:sg=30;43:ca=30;41:tw=30;42:ow=34;42:st=37;44:ex=01;32:*.tar=01;31:*.tgz=01;31:*.arc=01;31:*.arj=01;31:*.taz=01;31:*.lha=01;31:*.lz4=01;31:*.lzh=01;31:*.lzma=01;31:*.tlz=01;31:*.txz=01;31:*.tzo=01;31:*.t7z=01;31:*.zip=01;31:*.z=01;31:*.dz=01;31:*.gz=01;31:*.lrz=01;31:*.lz=01;31:*.lzo=01;31:*.xz=01;31:*.zst=01;31:*.tzst=01;31:*.bz2=01;31:*.bz=01;31:*.tbz=01;31:*.tbz2=01;31:*.tz=01;31:*.deb=01;31:*.rpm=01;31:*.jar=01;31:*.war=01;31:*.ear=01;31:*.sar=01;31:*.rar=01;31:*.alz=01;31:*.ace=01;31:*.zoo=01;31:*.cpio=01;31:*.7z=01;31:*.rz=01;31:*.cab=01;31:*.wim=01;31:*.swm=01;31:*.dwm=01;31:*.esd=01;31:*.jpg=01;35:*.jpeg=01;35:*.mjpg=01;35:*.mjpeg=01;35:*.gif=01;35:*.bmp=01;35:*.pbm=01;35:*.pgm=01;35:*.ppm=01;35:*.tga=01;35:*.xbm=01;35:*.xpm=01;35:*.tif=01;35:*.tiff=01;35:*.png=01;35:*.svg=01;35:*.svgz=01;35:*.mng=01;35:*.pcx=01;35:*.mov=01;35:*.mpg=01;35:*.mpeg=01;35:*.m2v=01;35:*.mkv=01;35:*.webm=01;35:*.webp=01;35:*.ogm=01;35:*.mp4=01;35:*.m4v=01;35:*.mp4v=01;35:*.vob=01;35:*.qt=01;35:*.nuv=01;35:*.wmv=01;35:*.asf=01;35:*.rm=01;35:*.rmvb=01;35:*.flc=01;35:*.avi=01;35:*.fli=01;35:*.flv=01;35:*.gl=01;35:*.dl=01;35:*.xcf=01;35:*.xwd=01;35:*.yuv=01;35:*.cgm=01;35:*.emf=01;35:*.ogv=01;35:*.ogx=01;35:*.aac=00;36:*.au=00;36:*.flac=00;36:*.m4a=00;36:*.mid=00;36:*.midi=00;36:*.mka=00;36:*.mp3=00;36:*.mpc=00;36:*.ogg=00;36:*.ra=00;36:*.wav=00;36:*.oga=00;36:*.opus=00;36:*.spx=00;36:*.xspf=00;36:'), ('SSH_AGENT_LAUNCHER', 'gnome-keyring'), ('SSH_AUTH_SOCK', '/run/user/1000/keyring/ssh'), ('ROS_DOMAIN_ID', '2'), ('AMENT_PREFIX_PATH', '/opt/ros/humble'), ('SHELL', '/bin/bash'), ('LC_NAME', 'it_IT.UTF-8'), ('TERMINATOR_UUID', 'urn:uuid:029eaee9-0711-4cf2-bfd1-7b9bd46242d4'), ('QT_ACCESSIBILITY', '1'), ('GDMSESSION', 'ubuntu'), ('LESSCLOSE', '/usr/bin/lesspipe %s %s'), ('LC_MEASUREMENT', 'it_IT.UTF-8'), ('GPG_AGENT_INFO', '/run/user/1000/gnupg/S.gpg-agent:0:1'), ('LC_IDENTIFICATION', 'it_IT.UTF-8'), ('QT_IM_MODULE', 'ibus'), ('PWD', '/home/marco/marco/uni/magistrale/IDS_project/build/compressed_image_transport'), ('LC_ALL', 'en_US.UTF-8'), ('XDG_CONFIG_DIRS', '/etc/xdg/xdg-ubuntu:/etc/xdg'), ('XDG_DATA_DIRS', '/usr/share/ubuntu:/usr/share/gnome:/usr/local/share/:/usr/share/:/var/lib/snapd/desktop'), ('PYTHONPATH', '/opt/ros/humble/lib/python3.10/site-packages:/opt/ros/humble/local/lib/python3.10/dist-packages'), ('LC_NUMERIC', 'it_IT.UTF-8'), ('LC_PAPER', 'it_IT.UTF-8'), ('COLCON', '1'), ('VTE_VERSION', '6800'), ('CMAKE_PREFIX_PATH', '/opt/ros/humble')]), 'shell': False}
[21.232484] (compressed_image_transport) StdoutLine: {'line': b'-- Install configuration: ""\n'}
[21.234212] (compressed_image_transport) StdoutLine: {'line': b'-- Installing: /home/marco/marco/uni/magistrale/IDS_project/install/compressed_image_transport/lib/libcompressed_image_transport.so\n'}
[21.236299] (compressed_image_transport) StdoutLine: {'line': b'-- Set runtime path of "/home/marco/marco/uni/magistrale/IDS_project/install/compressed_image_transport/lib/libcompressed_image_transport.so" to ""\n'}
[21.236960] (compressed_image_transport) StdoutLine: {'line': b'-- Installing: /home/marco/marco/uni/magistrale/IDS_project/install/compressed_image_transport/include\n'}
[21.237094] (compressed_image_transport) StdoutLine: {'line': b'-- Installing: /home/marco/marco/uni/magistrale/IDS_project/install/compressed_image_transport/include/compressed_image_transport\n'}
[21.237244] (compressed_image_transport) StdoutLine: {'line': b'-- Installing: /home/marco/marco/uni/magistrale/IDS_project/install/compressed_image_transport/include/compressed_image_transport/compression_common.h\n'}
[21.237315] (compressed_image_transport) StdoutLine: {'line': b'-- Installing: /home/marco/marco/uni/magistrale/IDS_project/install/compressed_image_transport/include/compressed_image_transport/compressed_publisher.h\n'}
[21.237376] (compressed_image_transport) StdoutLine: {'line': b'-- Installing: /home/marco/marco/uni/magistrale/IDS_project/install/compressed_image_transport/include/compressed_image_transport/compressed_subscriber.h\n'}
[21.237432] (compressed_image_transport) StdoutLine: {'line': b'-- Installing: /home/marco/marco/uni/magistrale/IDS_project/install/compressed_image_transport/share/compressed_image_transport/compressed_plugins.xml\n'}
[21.237486] (compressed_image_transport) StdoutLine: {'line': b'-- Installing: /home/marco/marco/uni/magistrale/IDS_project/install/compressed_image_transport/share/ament_index/resource_index/package_run_dependencies/compressed_image_transport\n'}
[21.237542] (compressed_image_transport) StdoutLine: {'line': b'-- Installing: /home/marco/marco/uni/magistrale/IDS_project/install/compressed_image_transport/share/ament_index/resource_index/parent_prefix_path/compressed_image_transport\n'}
[21.237596] (compressed_image_transport) StdoutLine: {'line': b'-- Installing: /home/marco/marco/uni/magistrale/IDS_project/install/compressed_image_transport/share/compressed_image_transport/environment/ament_prefix_path.sh\n'}
[21.237871] (compressed_image_transport) StdoutLine: {'line': b'-- Installing: /home/marco/marco/uni/magistrale/IDS_project/install/compressed_image_transport/share/compressed_image_transport/environment/ament_prefix_path.dsv\n'}
[21.237959] (compressed_image_transport) StdoutLine: {'line': b'-- Installing: /home/marco/marco/uni/magistrale/IDS_project/install/compressed_image_transport/share/compressed_image_transport/environment/path.sh\n'}
[21.238016] (compressed_image_transport) StdoutLine: {'line': b'-- Installing: /home/marco/marco/uni/magistrale/IDS_project/install/compressed_image_transport/share/compressed_image_transport/environment/path.dsv\n'}
[21.238071] (compressed_image_transport) StdoutLine: {'line': b'-- Installing: /home/marco/marco/uni/magistrale/IDS_project/install/compressed_image_transport/share/compressed_image_transport/local_setup.bash\n'}
[21.238126] (compressed_image_transport) StdoutLine: {'line': b'-- Installing: /home/marco/marco/uni/magistrale/IDS_project/install/compressed_image_transport/share/compressed_image_transport/local_setup.sh\n'}
[21.238349] (compressed_image_transport) StdoutLine: {'line': b'-- Installing: /home/marco/marco/uni/magistrale/IDS_project/install/compressed_image_transport/share/compressed_image_transport/local_setup.zsh\n'}
[21.238410] (compressed_image_transport) StdoutLine: {'line': b'-- Installing: /home/marco/marco/uni/magistrale/IDS_project/install/compressed_image_transport/share/compressed_image_transport/local_setup.dsv\n'}
[21.238466] (compressed_image_transport) StdoutLine: {'line': b'-- Installing: /home/marco/marco/uni/magistrale/IDS_project/install/compressed_image_transport/share/compressed_image_transport/package.dsv\n'}
[21.238522] (compressed_image_transport) StdoutLine: {'line': b'-- Installing: /home/marco/marco/uni/magistrale/IDS_project/install/compressed_image_transport/share/ament_index/resource_index/packages/compressed_image_transport\n'}
[21.238577] (compressed_image_transport) StdoutLine: {'line': b'-- Installing: /home/marco/marco/uni/magistrale/IDS_project/install/compressed_image_transport/share/ament_index/resource_index/image_transport__pluginlib__plugin/compressed_image_transport\n'}
[21.238875] (compressed_image_transport) StdoutLine: {'line': b'-- Installing: /home/marco/marco/uni/magistrale/IDS_project/install/compressed_image_transport/share/compressed_image_transport/cmake/compressed_image_transportConfig.cmake\n'}
[21.238935] (compressed_image_transport) StdoutLine: {'line': b'-- Installing: /home/marco/marco/uni/magistrale/IDS_project/install/compressed_image_transport/share/compressed_image_transport/cmake/compressed_image_transportConfig-version.cmake\n'}
[21.238991] (compressed_image_transport) StdoutLine: {'line': b'-- Installing: /home/marco/marco/uni/magistrale/IDS_project/install/compressed_image_transport/share/compressed_image_transport/package.xml\n'}
[21.240824] (compressed_image_transport) CommandEnded: {'returncode': 0}
[21.283917] (compressed_image_transport) JobEnded: {'identifier': 'compressed_image_transport', 'rc': 0}
[21.321855] (-) TimerEvent: {}
[21.424401] (-) TimerEvent: {}
[21.523919] (theora_image_transport) StdoutLine: {'line': b'[ 97%] Built target ogg_saver\n'}
[21.524437] (-) TimerEvent: {}
[21.624689] (-) TimerEvent: {}
[21.638375] (theora_image_transport) StdoutLine: {'line': b'[100%] \x1b[32m\x1b[1mLinking CXX shared library libtheora_image_transport_component.so\x1b[0m\n'}
[21.724792] (-) TimerEvent: {}
[21.825069] (-) TimerEvent: {}
[21.925478] (-) TimerEvent: {}
[22.025736] (-) TimerEvent: {}
[22.069463] (theora_image_transport) StdoutLine: {'line': b'[100%] Built target theora_image_transport_component\n'}
[22.081653] (theora_image_transport) CommandEnded: {'returncode': 0}
[22.082229] (theora_image_transport) JobProgress: {'identifier': 'theora_image_transport', 'progress': 'install'}
[22.082544] (theora_image_transport) Command: {'cmd': ['/usr/bin/cmake', '--install', '/home/marco/marco/uni/magistrale/IDS_project/build/theora_image_transport'], 'cwd': '/home/marco/marco/uni/magistrale/IDS_project/build/theora_image_transport', 'env': OrderedDict([('LESSOPEN', '| /usr/bin/lesspipe %s'), ('USER', 'marco'), ('LC_TIME', 'it_IT.UTF-8'), ('XDG_SESSION_TYPE', 'x11'), ('SHLVL', '1'), ('LD_LIBRARY_PATH', '/opt/ros/humble/opt/rviz_ogre_vendor/lib:/opt/ros/humble/lib/x86_64-linux-gnu:/opt/ros/humble/lib'), ('HOME', '/home/marco'), ('OLDPWD', '/home/marco/marco/uni/magistrale/IDS_project/ros2_ws'), ('DESKTOP_SESSION', 'ubuntu'), ('ROS_PYTHON_VERSION', '3'), ('GNOME_SHELL_SESSION_MODE', 'ubuntu'), ('GTK_MODULES', 'gail:atk-bridge'), ('LC_MONETARY', 'it_IT.UTF-8'), ('MANAGERPID', '1948'), ('SYSTEMD_EXEC_PID', '2438'), ('DBUS_SESSION_BUS_ADDRESS', 'unix:path=/run/user/1000/bus'), ('COLORTERM', 'truecolor'), ('TERMINATOR_DBUS_NAME', 'net.tenshu.Terminator23558193cd9818af7fe4d2c2f5bd9d00f'), ('GIO_LAUNCHED_DESKTOP_FILE_PID', '5065'), ('ROS_DISTRO', 'humble'), ('GTK_IM_MODULE', 'ibus'), ('LOGNAME', 'marco'), ('JOURNAL_STREAM', '8:12126'), ('_', '/usr/bin/colcon'), ('ROS_VERSION', '2'), ('XDG_SESSION_CLASS', 'user'), ('USERNAME', 'marco'), ('TERM', 'xterm-256color'), ('GNOME_DESKTOP_SESSION_ID', 'this-is-deprecated'), ('ROS_LOCALHOST_ONLY', '0'), ('WINDOWPATH', '2'), ('PATH', '/opt/ros/humble/bin:/home/marco/.local/bin:/usr/local/sbin:/usr/local/bin:/usr/sbin:/usr/bin:/sbin:/bin:/usr/games:/usr/local/games:/snap/bin:/snap/bin'), ('SESSION_MANAGER', 'local/marco-ub22:@/tmp/.ICE-unix/2241,unix/marco-ub22:/tmp/.ICE-unix/2241'), ('INVOCATION_ID', '13ce98eb6ffe48af991f103afcdbba0c'), ('XDG_MENU_PREFIX', 'gnome-'), ('LC_ADDRESS', 'it_IT.UTF-8'), ('XDG_RUNTIME_DIR', '/run/user/1000'), ('DISPLAY', ':1'), ('TERMINATOR_DBUS_PATH', '/net/tenshu/Terminator2'), ('LANG', 'en_US.UTF-8'), ('XDG_CURRENT_DESKTOP', 'ubuntu:GNOME'), ('IBUS_DISABLE_SNOOPER', '1'), ('LC_TELEPHONE', 'it_IT.UTF-8'), ('XMODIFIERS', '@im=ibus'), ('XDG_SESSION_DESKTOP', 'ubuntu'), ('XAUTHORITY', '/run/user/1000/gdm/Xauthority'), ('LS_COLORS', 'rs=0:di=01;34:ln=01;36:mh=00:pi=40;33:so=01;35:do=01;35:bd=40;33;01:cd=40;33;01:or=40;31;01:mi=00:su=37;41:sg=30;43:ca=30;41:tw=30;42:ow=34;42:st=37;44:ex=01;32:*.tar=01;31:*.tgz=01;31:*.arc=01;31:*.arj=01;31:*.taz=01;31:*.lha=01;31:*.lz4=01;31:*.lzh=01;31:*.lzma=01;31:*.tlz=01;31:*.txz=01;31:*.tzo=01;31:*.t7z=01;31:*.zip=01;31:*.z=01;31:*.dz=01;31:*.gz=01;31:*.lrz=01;31:*.lz=01;31:*.lzo=01;31:*.xz=01;31:*.zst=01;31:*.tzst=01;31:*.bz2=01;31:*.bz=01;31:*.tbz=01;31:*.tbz2=01;31:*.tz=01;31:*.deb=01;31:*.rpm=01;31:*.jar=01;31:*.war=01;31:*.ear=01;31:*.sar=01;31:*.rar=01;31:*.alz=01;31:*.ace=01;31:*.zoo=01;31:*.cpio=01;31:*.7z=01;31:*.rz=01;31:*.cab=01;31:*.wim=01;31:*.swm=01;31:*.dwm=01;31:*.esd=01;31:*.jpg=01;35:*.jpeg=01;35:*.mjpg=01;35:*.mjpeg=01;35:*.gif=01;35:*.bmp=01;35:*.pbm=01;35:*.pgm=01;35:*.ppm=01;35:*.tga=01;35:*.xbm=01;35:*.xpm=01;35:*.tif=01;35:*.tiff=01;35:*.png=01;35:*.svg=01;35:*.svgz=01;35:*.mng=01;35:*.pcx=01;35:*.mov=01;35:*.mpg=01;35:*.mpeg=01;35:*.m2v=01;35:*.mkv=01;35:*.webm=01;35:*.webp=01;35:*.ogm=01;35:*.mp4=01;35:*.m4v=01;35:*.mp4v=01;35:*.vob=01;35:*.qt=01;35:*.nuv=01;35:*.wmv=01;35:*.asf=01;35:*.rm=01;35:*.rmvb=01;35:*.flc=01;35:*.avi=01;35:*.fli=01;35:*.flv=01;35:*.gl=01;35:*.dl=01;35:*.xcf=01;35:*.xwd=01;35:*.yuv=01;35:*.cgm=01;35:*.emf=01;35:*.ogv=01;35:*.ogx=01;35:*.aac=00;36:*.au=00;36:*.flac=00;36:*.m4a=00;36:*.mid=00;36:*.midi=00;36:*.mka=00;36:*.mp3=00;36:*.mpc=00;36:*.ogg=00;36:*.ra=00;36:*.wav=00;36:*.oga=00;36:*.opus=00;36:*.spx=00;36:*.xspf=00;36:'), ('SSH_AGENT_LAUNCHER', 'gnome-keyring'), ('SSH_AUTH_SOCK', '/run/user/1000/keyring/ssh'), ('ROS_DOMAIN_ID', '2'), ('AMENT_PREFIX_PATH', '/opt/ros/humble'), ('SHELL', '/bin/bash'), ('LC_NAME', 'it_IT.UTF-8'), ('TERMINATOR_UUID', 'urn:uuid:029eaee9-0711-4cf2-bfd1-7b9bd46242d4'), ('QT_ACCESSIBILITY', '1'), ('GDMSESSION', 'ubuntu'), ('LESSCLOSE', '/usr/bin/lesspipe %s %s'), ('LC_MEASUREMENT', 'it_IT.UTF-8'), ('GPG_AGENT_INFO', '/run/user/1000/gnupg/S.gpg-agent:0:1'), ('LC_IDENTIFICATION', 'it_IT.UTF-8'), ('QT_IM_MODULE', 'ibus'), ('PWD', '/home/marco/marco/uni/magistrale/IDS_project/build/theora_image_transport'), ('LC_ALL', 'en_US.UTF-8'), ('XDG_CONFIG_DIRS', '/etc/xdg/xdg-ubuntu:/etc/xdg'), ('XDG_DATA_DIRS', '/usr/share/ubuntu:/usr/share/gnome:/usr/local/share/:/usr/share/:/var/lib/snapd/desktop'), ('PYTHONPATH', '/opt/ros/humble/lib/python3.10/site-packages:/opt/ros/humble/local/lib/python3.10/dist-packages'), ('LC_NUMERIC', 'it_IT.UTF-8'), ('LC_PAPER', 'it_IT.UTF-8'), ('COLCON', '1'), ('VTE_VERSION', '6800'), ('CMAKE_PREFIX_PATH', '/opt/ros/humble')]), 'shell': False}
[22.088331] (theora_image_transport) StdoutLine: {'line': b'-- Install configuration: ""\n'}
[22.088480] (theora_image_transport) StdoutLine: {'line': b'-- Installing: /home/marco/marco/uni/magistrale/IDS_project/install/theora_image_transport/share/ament_index/resource_index/rosidl_interfaces/theora_image_transport\n'}
[22.088552] (theora_image_transport) StdoutLine: {'line': b'-- Installing: /home/marco/marco/uni/magistrale/IDS_project/install/theora_image_transport/include/theora_image_transport/theora_image_transport\n'}
[22.088619] (theora_image_transport) StdoutLine: {'line': b'-- Installing: /home/marco/marco/uni/magistrale/IDS_project/install/theora_image_transport/include/theora_image_transport/theora_image_transport/msg\n'}
[22.088677] (theora_image_transport) StdoutLine: {'line': b'-- Installing: /home/marco/marco/uni/magistrale/IDS_project/install/theora_image_transport/include/theora_image_transport/theora_image_transport/msg/detail\n'}
[22.088734] (theora_image_transport) StdoutLine: {'line': b'-- Installing: /home/marco/marco/uni/magistrale/IDS_project/install/theora_image_transport/include/theora_image_transport/theora_image_transport/msg/detail/packet__functions.c\n'}
[22.088790] (theora_image_transport) StdoutLine: {'line': b'-- Installing: /home/marco/marco/uni/magistrale/IDS_project/install/theora_image_transport/include/theora_image_transport/theora_image_transport/msg/detail/packet__struct.h\n'}
[22.088851] (theora_image_transport) StdoutLine: {'line': b'-- Installing: /home/marco/marco/uni/magistrale/IDS_project/install/theora_image_transport/include/theora_image_transport/theora_image_transport/msg/detail/packet__type_support.h\n'}
[22.088898] (theora_image_transport) StdoutLine: {'line': b'-- Installing: /home/marco/marco/uni/magistrale/IDS_project/install/theora_image_transport/include/theora_image_transport/theora_image_transport/msg/detail/packet__functions.h\n'}
[22.088951] (theora_image_transport) StdoutLine: {'line': b'-- Installing: /home/marco/marco/uni/magistrale/IDS_project/install/theora_image_transport/include/theora_image_transport/theora_image_transport/msg/packet.h\n'}
[22.089003] (theora_image_transport) StdoutLine: {'line': b'-- Installing: /home/marco/marco/uni/magistrale/IDS_project/install/theora_image_transport/include/theora_image_transport/theora_image_transport/msg/rosidl_generator_c__visibility_control.h\n'}
[22.089057] (theora_image_transport) StdoutLine: {'line': b'-- Installing: /home/marco/marco/uni/magistrale/IDS_project/install/theora_image_transport/share/theora_image_transport/environment/library_path.sh\n'}
[22.089114] (theora_image_transport) StdoutLine: {'line': b'-- Installing: /home/marco/marco/uni/magistrale/IDS_project/install/theora_image_transport/share/theora_image_transport/environment/library_path.dsv\n'}
[22.089219] (theora_image_transport) StdoutLine: {'line': b'-- Installing: /home/marco/marco/uni/magistrale/IDS_project/install/theora_image_transport/lib/libtheora_image_transport__rosidl_generator_c.so\n'}
[22.089403] (theora_image_transport) StdoutLine: {'line': b'-- Set runtime path of "/home/marco/marco/uni/magistrale/IDS_project/install/theora_image_transport/lib/libtheora_image_transport__rosidl_generator_c.so" to ""\n'}
[22.089458] (theora_image_transport) StdoutLine: {'line': b'-- Up-to-date: /home/marco/marco/uni/magistrale/IDS_project/install/theora_image_transport/include/theora_image_transport/theora_image_transport\n'}
[22.089512] (theora_image_transport) StdoutLine: {'line': b'-- Up-to-date: /home/marco/marco/uni/magistrale/IDS_project/install/theora_image_transport/include/theora_image_transport/theora_image_transport/msg\n'}
[22.089572] (theora_image_transport) StdoutLine: {'line': b'-- Up-to-date: /home/marco/marco/uni/magistrale/IDS_project/install/theora_image_transport/include/theora_image_transport/theora_image_transport/msg/detail\n'}
[22.089608] (theora_image_transport) StdoutLine: {'line': b'-- Installing: /home/marco/marco/uni/magistrale/IDS_project/install/theora_image_transport/include/theora_image_transport/theora_image_transport/msg/detail/packet__rosidl_typesupport_fastrtps_c.h\n'}
[22.089647] (theora_image_transport) StdoutLine: {'line': b'-- Installing: /home/marco/marco/uni/magistrale/IDS_project/install/theora_image_transport/include/theora_image_transport/theora_image_transport/msg/rosidl_typesupport_fastrtps_c__visibility_control.h\n'}
[22.089697] (theora_image_transport) StdoutLine: {'line': b'-- Installing: /home/marco/marco/uni/magistrale/IDS_project/install/theora_image_transport/lib/libtheora_image_transport__rosidl_typesupport_fastrtps_c.so\n'}
[22.089796] (theora_image_transport) StdoutLine: {'line': b'-- Set runtime path of "/home/marco/marco/uni/magistrale/IDS_project/install/theora_image_transport/lib/libtheora_image_transport__rosidl_typesupport_fastrtps_c.so" to ""\n'}
[22.089855] (theora_image_transport) StdoutLine: {'line': b'-- Up-to-date: /home/marco/marco/uni/magistrale/IDS_project/install/theora_image_transport/include/theora_image_transport/theora_image_transport\n'}
[22.089890] (theora_image_transport) StdoutLine: {'line': b'-- Up-to-date: /home/marco/marco/uni/magistrale/IDS_project/install/theora_image_transport/include/theora_image_transport/theora_image_transport/msg\n'}
[22.089925] (theora_image_transport) StdoutLine: {'line': b'-- Up-to-date: /home/marco/marco/uni/magistrale/IDS_project/install/theora_image_transport/include/theora_image_transport/theora_image_transport/msg/detail\n'}
[22.089974] (theora_image_transport) StdoutLine: {'line': b'-- Installing: /home/marco/marco/uni/magistrale/IDS_project/install/theora_image_transport/include/theora_image_transport/theora_image_transport/msg/detail/packet__type_support.hpp\n'}
[22.090022] (theora_image_transport) StdoutLine: {'line': b'-- Installing: /home/marco/marco/uni/magistrale/IDS_project/install/theora_image_transport/include/theora_image_transport/theora_image_transport/msg/detail/packet__builder.hpp\n'}
[22.090057] (theora_image_transport) StdoutLine: {'line': b'-- Installing: /home/marco/marco/uni/magistrale/IDS_project/install/theora_image_transport/include/theora_image_transport/theora_image_transport/msg/detail/packet__traits.hpp\n'}
[22.090106] (theora_image_transport) StdoutLine: {'line': b'-- Installing: /home/marco/marco/uni/magistrale/IDS_project/install/theora_image_transport/include/theora_image_transport/theora_image_transport/msg/detail/packet__struct.hpp\n'}
[22.090206] (theora_image_transport) StdoutLine: {'line': b'-- Installing: /home/marco/marco/uni/magistrale/IDS_project/install/theora_image_transport/include/theora_image_transport/theora_image_transport/msg/packet.hpp\n'}
[22.090314] (theora_image_transport) StdoutLine: {'line': b'-- Installing: /home/marco/marco/uni/magistrale/IDS_project/install/theora_image_transport/include/theora_image_transport/theora_image_transport/msg/rosidl_generator_cpp__visibility_control.hpp\n'}
[22.090367] (theora_image_transport) StdoutLine: {'line': b'-- Up-to-date: /home/marco/marco/uni/magistrale/IDS_project/install/theora_image_transport/include/theora_image_transport/theora_image_transport\n'}
[22.090417] (theora_image_transport) StdoutLine: {'line': b'-- Up-to-date: /home/marco/marco/uni/magistrale/IDS_project/install/theora_image_transport/include/theora_image_transport/theora_image_transport/msg\n'}
[22.090463] (theora_image_transport) StdoutLine: {'line': b'-- Up-to-date: /home/marco/marco/uni/magistrale/IDS_project/install/theora_image_transport/include/theora_image_transport/theora_image_transport/msg/detail\n'}
[22.090506] (theora_image_transport) StdoutLine: {'line': b'-- Installing: /home/marco/marco/uni/magistrale/IDS_project/install/theora_image_transport/include/theora_image_transport/theora_image_transport/msg/detail/dds_fastrtps\n'}
[22.090548] (theora_image_transport) StdoutLine: {'line': b'-- Installing: /home/marco/marco/uni/magistrale/IDS_project/install/theora_image_transport/include/theora_image_transport/theora_image_transport/msg/detail/packet__rosidl_typesupport_fastrtps_cpp.hpp\n'}
[22.090622] (theora_image_transport) StdoutLine: {'line': b'-- Installing: /home/marco/marco/uni/magistrale/IDS_project/install/theora_image_transport/include/theora_image_transport/theora_image_transport/msg/rosidl_typesupport_fastrtps_cpp__visibility_control.h\n'}
[22.090670] (theora_image_transport) StdoutLine: {'line': b'-- Installing: /home/marco/marco/uni/magistrale/IDS_project/install/theora_image_transport/lib/libtheora_image_transport__rosidl_typesupport_fastrtps_cpp.so\n'}
[22.090713] (theora_image_transport) StdoutLine: {'line': b'-- Set runtime path of "/home/marco/marco/uni/magistrale/IDS_project/install/theora_image_transport/lib/libtheora_image_transport__rosidl_typesupport_fastrtps_cpp.so" to ""\n'}
[22.090782] (theora_image_transport) StdoutLine: {'line': b'-- Up-to-date: /home/marco/marco/uni/magistrale/IDS_project/install/theora_image_transport/include/theora_image_transport/theora_image_transport\n'}
[22.090827] (theora_image_transport) StdoutLine: {'line': b'-- Up-to-date: /home/marco/marco/uni/magistrale/IDS_project/install/theora_image_transport/include/theora_image_transport/theora_image_transport/msg\n'}
[22.090871] (theora_image_transport) StdoutLine: {'line': b'-- Up-to-date: /home/marco/marco/uni/magistrale/IDS_project/install/theora_image_transport/include/theora_image_transport/theora_image_transport/msg/detail\n'}
[22.090912] (theora_image_transport) StdoutLine: {'line': b'-- Installing: /home/marco/marco/uni/magistrale/IDS_project/install/theora_image_transport/include/theora_image_transport/theora_image_transport/msg/detail/packet__rosidl_typesupport_introspection_c.h\n'}
[22.090956] (theora_image_transport) StdoutLine: {'line': b'-- Installing: /home/marco/marco/uni/magistrale/IDS_project/install/theora_image_transport/include/theora_image_transport/theora_image_transport/msg/detail/packet__type_support.c\n'}
[22.091010] (theora_image_transport) StdoutLine: {'line': b'-- Installing: /home/marco/marco/uni/magistrale/IDS_project/install/theora_image_transport/include/theora_image_transport/theora_image_transport/msg/rosidl_typesupport_introspection_c__visibility_control.h\n'}
[22.091048] (theora_image_transport) StdoutLine: {'line': b'-- Installing: /home/marco/marco/uni/magistrale/IDS_project/install/theora_image_transport/lib/libtheora_image_transport__rosidl_typesupport_introspection_c.so\n'}
[22.091106] (theora_image_transport) StdoutLine: {'line': b'-- Set runtime path of "/home/marco/marco/uni/magistrale/IDS_project/install/theora_image_transport/lib/libtheora_image_transport__rosidl_typesupport_introspection_c.so" to ""\n'}
[22.091168] (theora_image_transport) StdoutLine: {'line': b'-- Installing: /home/marco/marco/uni/magistrale/IDS_project/install/theora_image_transport/lib/libtheora_image_transport__rosidl_typesupport_c.so\n'}
[22.091251] (theora_image_transport) StdoutLine: {'line': b'-- Set runtime path of "/home/marco/marco/uni/magistrale/IDS_project/install/theora_image_transport/lib/libtheora_image_transport__rosidl_typesupport_c.so" to ""\n'}
[22.091310] (theora_image_transport) StdoutLine: {'line': b'-- Up-to-date: /home/marco/marco/uni/magistrale/IDS_project/install/theora_image_transport/include/theora_image_transport/theora_image_transport\n'}
[22.091363] (theora_image_transport) StdoutLine: {'line': b'-- Up-to-date: /home/marco/marco/uni/magistrale/IDS_project/install/theora_image_transport/include/theora_image_transport/theora_image_transport/msg\n'}
[22.091408] (theora_image_transport) StdoutLine: {'line': b'-- Up-to-date: /home/marco/marco/uni/magistrale/IDS_project/install/theora_image_transport/include/theora_image_transport/theora_image_transport/msg/detail\n'}
[22.091452] (theora_image_transport) StdoutLine: {'line': b'-- Installing: /home/marco/marco/uni/magistrale/IDS_project/install/theora_image_transport/include/theora_image_transport/theora_image_transport/msg/detail/packet__type_support.cpp\n'}
[22.091509] (theora_image_transport) StdoutLine: {'line': b'-- Installing: /home/marco/marco/uni/magistrale/IDS_project/install/theora_image_transport/include/theora_image_transport/theora_image_transport/msg/detail/packet__rosidl_typesupport_introspection_cpp.hpp\n'}
[22.091567] (theora_image_transport) StdoutLine: {'line': b'-- Installing: /home/marco/marco/uni/magistrale/IDS_project/install/theora_image_transport/lib/libtheora_image_transport__rosidl_typesupport_introspection_cpp.so\n'}
[22.091644] (theora_image_transport) StdoutLine: {'line': b'-- Set runtime path of "/home/marco/marco/uni/magistrale/IDS_project/install/theora_image_transport/lib/libtheora_image_transport__rosidl_typesupport_introspection_cpp.so" to ""\n'}
[22.091697] (theora_image_transport) StdoutLine: {'line': b'-- Installing: /home/marco/marco/uni/magistrale/IDS_project/install/theora_image_transport/lib/libtheora_image_transport__rosidl_typesupport_cpp.so\n'}
[22.091838] (theora_image_transport) StdoutLine: {'line': b'-- Set runtime path of "/home/marco/marco/uni/magistrale/IDS_project/install/theora_image_transport/lib/libtheora_image_transport__rosidl_typesupport_cpp.so" to ""\n'}
[22.091884] (theora_image_transport) StdoutLine: {'line': b'-- Installing: /home/marco/marco/uni/magistrale/IDS_project/install/theora_image_transport/share/theora_image_transport/environment/pythonpath.sh\n'}
[22.091931] (theora_image_transport) StdoutLine: {'line': b'-- Installing: /home/marco/marco/uni/magistrale/IDS_project/install/theora_image_transport/share/theora_image_transport/environment/pythonpath.dsv\n'}
[22.091991] (theora_image_transport) StdoutLine: {'line': b'-- Installing: /home/marco/marco/uni/magistrale/IDS_project/install/theora_image_transport/local/lib/python3.10/dist-packages/theora_image_transport-2.5.5-py3.10.egg-info\n'}
[22.092068] (theora_image_transport) StdoutLine: {'line': b'-- Installing: /home/marco/marco/uni/magistrale/IDS_project/install/theora_image_transport/local/lib/python3.10/dist-packages/theora_image_transport-2.5.5-py3.10.egg-info/PKG-INFO\n'}
[22.092121] (theora_image_transport) StdoutLine: {'line': b'-- Installing: /home/marco/marco/uni/magistrale/IDS_project/install/theora_image_transport/local/lib/python3.10/dist-packages/theora_image_transport-2.5.5-py3.10.egg-info/dependency_links.txt\n'}
[22.092184] (theora_image_transport) StdoutLine: {'line': b'-- Installing: /home/marco/marco/uni/magistrale/IDS_project/install/theora_image_transport/local/lib/python3.10/dist-packages/theora_image_transport-2.5.5-py3.10.egg-info/top_level.txt\n'}
[22.092239] (theora_image_transport) StdoutLine: {'line': b'-- Installing: /home/marco/marco/uni/magistrale/IDS_project/install/theora_image_transport/local/lib/python3.10/dist-packages/theora_image_transport-2.5.5-py3.10.egg-info/SOURCES.txt\n'}
[22.092290] (theora_image_transport) StdoutLine: {'line': b'-- Installing: /home/marco/marco/uni/magistrale/IDS_project/install/theora_image_transport/local/lib/python3.10/dist-packages/theora_image_transport\n'}
[22.092398] (theora_image_transport) StdoutLine: {'line': b'-- Installing: /home/marco/marco/uni/magistrale/IDS_project/install/theora_image_transport/local/lib/python3.10/dist-packages/theora_image_transport/_theora_image_transport_s.ep.rosidl_typesupport_fastrtps_c.c\n'}
[22.092437] (theora_image_transport) StdoutLine: {'line': b'-- Installing: /home/marco/marco/uni/magistrale/IDS_project/install/theora_image_transport/local/lib/python3.10/dist-packages/theora_image_transport/theora_image_transport_s__rosidl_typesupport_fastrtps_c.cpython-310-x86_64-linux-gnu.so\n'}
[22.092489] (theora_image_transport) StdoutLine: {'line': b'-- Installing: /home/marco/marco/uni/magistrale/IDS_project/install/theora_image_transport/local/lib/python3.10/dist-packages/theora_image_transport/_theora_image_transport_s.ep.rosidl_typesupport_c.c\n'}
[22.092548] (theora_image_transport) StdoutLine: {'line': b'-- Installing: /home/marco/marco/uni/magistrale/IDS_project/install/theora_image_transport/local/lib/python3.10/dist-packages/theora_image_transport/libtheora_image_transport__rosidl_generator_py.so\n'}
[22.092595] (theora_image_transport) StdoutLine: {'line': b'-- Installing: /home/marco/marco/uni/magistrale/IDS_project/install/theora_image_transport/local/lib/python3.10/dist-packages/theora_image_transport/_theora_image_transport_s.ep.rosidl_typesupport_introspection_c.c\n'}
[22.092653] (theora_image_transport) StdoutLine: {'line': b'-- Installing: /home/marco/marco/uni/magistrale/IDS_project/install/theora_image_transport/local/lib/python3.10/dist-packages/theora_image_transport/theora_image_transport_s__rosidl_typesupport_introspection_c.cpython-310-x86_64-linux-gnu.so\n'}
[22.092709] (theora_image_transport) StdoutLine: {'line': b'-- Installing: /home/marco/marco/uni/magistrale/IDS_project/install/theora_image_transport/local/lib/python3.10/dist-packages/theora_image_transport/msg\n'}
[22.092743] (theora_image_transport) StdoutLine: {'line': b'-- Installing: /home/marco/marco/uni/magistrale/IDS_project/install/theora_image_transport/local/lib/python3.10/dist-packages/theora_image_transport/msg/_packet.py\n'}
[22.092789] (theora_image_transport) StdoutLine: {'line': b'-- Installing: /home/marco/marco/uni/magistrale/IDS_project/install/theora_image_transport/local/lib/python3.10/dist-packages/theora_image_transport/msg/_packet_s.c\n'}
[22.092848] (theora_image_transport) StdoutLine: {'line': b'-- Installing: /home/marco/marco/uni/magistrale/IDS_project/install/theora_image_transport/local/lib/python3.10/dist-packages/theora_image_transport/msg/__init__.py\n'}
[22.092907] (theora_image_transport) StdoutLine: {'line': b'-- Installing: /home/marco/marco/uni/magistrale/IDS_project/install/theora_image_transport/local/lib/python3.10/dist-packages/theora_image_transport/theora_image_transport_s__rosidl_typesupport_c.cpython-310-x86_64-linux-gnu.so\n'}
[22.092970] (theora_image_transport) StdoutLine: {'line': b'-- Installing: /home/marco/marco/uni/magistrale/IDS_project/install/theora_image_transport/local/lib/python3.10/dist-packages/theora_image_transport/__init__.py\n'}
[22.116068] (theora_image_transport) StdoutLine: {'line': b"Listing '/home/marco/marco/uni/magistrale/IDS_project/install/theora_image_transport/local/lib/python3.10/dist-packages/theora_image_transport'...\n"}
[22.116208] (theora_image_transport) StdoutLine: {'line': b"Compiling '/home/marco/marco/uni/magistrale/IDS_project/install/theora_image_transport/local/lib/python3.10/dist-packages/theora_image_transport/__init__.py'...\n"}
[22.116259] (theora_image_transport) StdoutLine: {'line': b"Listing '/home/marco/marco/uni/magistrale/IDS_project/install/theora_image_transport/local/lib/python3.10/dist-packages/theora_image_transport/msg'...\n"}
[22.116293] (theora_image_transport) StdoutLine: {'line': b"Compiling '/home/marco/marco/uni/magistrale/IDS_project/install/theora_image_transport/local/lib/python3.10/dist-packages/theora_image_transport/msg/__init__.py'...\n"}
[22.116326] (theora_image_transport) StdoutLine: {'line': b"Compiling '/home/marco/marco/uni/magistrale/IDS_project/install/theora_image_transport/local/lib/python3.10/dist-packages/theora_image_transport/msg/_packet.py'...\n"}
[22.119057] (theora_image_transport) StdoutLine: {'line': b'-- Installing: /home/marco/marco/uni/magistrale/IDS_project/install/theora_image_transport/local/lib/python3.10/dist-packages/theora_image_transport/theora_image_transport_s__rosidl_typesupport_fastrtps_c.cpython-310-x86_64-linux-gnu.so\n'}
[22.119190] (theora_image_transport) StdoutLine: {'line': b'-- Set runtime path of "/home/marco/marco/uni/magistrale/IDS_project/install/theora_image_transport/local/lib/python3.10/dist-packages/theora_image_transport/theora_image_transport_s__rosidl_typesupport_fastrtps_c.cpython-310-x86_64-linux-gnu.so" to ""\n'}
[22.119256] (theora_image_transport) StdoutLine: {'line': b'-- Installing: /home/marco/marco/uni/magistrale/IDS_project/install/theora_image_transport/local/lib/python3.10/dist-packages/theora_image_transport/theora_image_transport_s__rosidl_typesupport_introspection_c.cpython-310-x86_64-linux-gnu.so\n'}
[22.119321] (theora_image_transport) StdoutLine: {'line': b'-- Set runtime path of "/home/marco/marco/uni/magistrale/IDS_project/install/theora_image_transport/local/lib/python3.10/dist-packages/theora_image_transport/theora_image_transport_s__rosidl_typesupport_introspection_c.cpython-310-x86_64-linux-gnu.so" to ""\n'}
[22.119420] (theora_image_transport) StdoutLine: {'line': b'-- Installing: /home/marco/marco/uni/magistrale/IDS_project/install/theora_image_transport/local/lib/python3.10/dist-packages/theora_image_transport/theora_image_transport_s__rosidl_typesupport_c.cpython-310-x86_64-linux-gnu.so\n'}
[22.119576] (theora_image_transport) StdoutLine: {'line': b'-- Set runtime path of "/home/marco/marco/uni/magistrale/IDS_project/install/theora_image_transport/local/lib/python3.10/dist-packages/theora_image_transport/theora_image_transport_s__rosidl_typesupport_c.cpython-310-x86_64-linux-gnu.so" to ""\n'}
[22.119629] (theora_image_transport) StdoutLine: {'line': b'-- Installing: /home/marco/marco/uni/magistrale/IDS_project/install/theora_image_transport/lib/libtheora_image_transport__rosidl_generator_py.so\n'}
[22.119784] (theora_image_transport) StdoutLine: {'line': b'-- Set runtime path of "/home/marco/marco/uni/magistrale/IDS_project/install/theora_image_transport/lib/libtheora_image_transport__rosidl_generator_py.so" to ""\n'}
[22.119844] (theora_image_transport) StdoutLine: {'line': b'-- Installing: /home/marco/marco/uni/magistrale/IDS_project/install/theora_image_transport/share/ament_index/resource_index/rust_packages/theora_image_transport\n'}
[22.119907] (theora_image_transport) StdoutLine: {'line': b'-- Installing: /home/marco/marco/uni/magistrale/IDS_project/install/theora_image_transport/share/theora_image_transport/rust\n'}
[22.119960] (theora_image_transport) StdoutLine: {'line': b'-- Installing: /home/marco/marco/uni/magistrale/IDS_project/install/theora_image_transport/share/theora_image_transport/rust/build.rs\n'}
[22.120018] (theora_image_transport) StdoutLine: {'line': b'-- Installing: /home/marco/marco/uni/magistrale/IDS_project/install/theora_image_transport/share/theora_image_transport/rust/Cargo.toml\n'}
[22.120073] (theora_image_transport) StdoutLine: {'line': b'-- Installing: /home/marco/marco/uni/magistrale/IDS_project/install/theora_image_transport/share/theora_image_transport/rust/src\n'}
[22.120128] (theora_image_transport) StdoutLine: {'line': b'-- Installing: /home/marco/marco/uni/magistrale/IDS_project/install/theora_image_transport/share/theora_image_transport/rust/src/lib.rs\n'}
[22.120196] (theora_image_transport) StdoutLine: {'line': b'-- Installing: /home/marco/marco/uni/magistrale/IDS_project/install/theora_image_transport/share/theora_image_transport/rust/src/msg\n'}
[22.120239] (theora_image_transport) StdoutLine: {'line': b'-- Installing: /home/marco/marco/uni/magistrale/IDS_project/install/theora_image_transport/share/theora_image_transport/rust/src/msg/rmw.rs\n'}
[22.120293] (theora_image_transport) StdoutLine: {'line': b'-- Installing: /home/marco/marco/uni/magistrale/IDS_project/install/theora_image_transport/share/theora_image_transport/rust/src/msg.rs\n'}
[22.120347] (theora_image_transport) StdoutLine: {'line': b'-- Installing: /home/marco/marco/uni/magistrale/IDS_project/install/theora_image_transport/share/theora_image_transport/msg/Packet.idl\n'}
[22.120400] (theora_image_transport) StdoutLine: {'line': b'-- Installing: /home/marco/marco/uni/magistrale/IDS_project/install/theora_image_transport/share/theora_image_transport/msg/Packet.msg\n'}
[22.120450] (theora_image_transport) StdoutLine: {'line': b'-- Installing: /home/marco/marco/uni/magistrale/IDS_project/install/theora_image_transport/lib/libtheora_image_transport_component.so\n'}
[22.125003] (theora_image_transport) StdoutLine: {'line': b'-- Set runtime path of "/home/marco/marco/uni/magistrale/IDS_project/install/theora_image_transport/lib/libtheora_image_transport_component.so" to ""\n'}
[22.125063] (theora_image_transport) StdoutLine: {'line': b'-- Installing: /home/marco/marco/uni/magistrale/IDS_project/install/theora_image_transport/lib/theora_image_transport/ogg_saver\n'}
[22.125785] (-) TimerEvent: {}
[22.127522] (theora_image_transport) StdoutLine: {'line': b'-- Set runtime path of "/home/marco/marco/uni/magistrale/IDS_project/install/theora_image_transport/lib/theora_image_transport/ogg_saver" to ""\n'}
[22.127626] (theora_image_transport) StdoutLine: {'line': b'-- Up-to-date: /home/marco/marco/uni/magistrale/IDS_project/install/theora_image_transport/include/theora_image_transport\n'}
[22.127676] (theora_image_transport) StdoutLine: {'line': b'-- Up-to-date: /home/marco/marco/uni/magistrale/IDS_project/install/theora_image_transport/include/theora_image_transport/theora_image_transport\n'}
[22.127730] (theora_image_transport) StdoutLine: {'line': b'-- Installing: /home/marco/marco/uni/magistrale/IDS_project/install/theora_image_transport/include/theora_image_transport/theora_image_transport/theora_subscriber.h\n'}
[22.127782] (theora_image_transport) StdoutLine: {'line': b'-- Installing: /home/marco/marco/uni/magistrale/IDS_project/install/theora_image_transport/include/theora_image_transport/theora_image_transport/theora_publisher.h\n'}
[22.127824] (theora_image_transport) StdoutLine: {'line': b'-- Installing: /home/marco/marco/uni/magistrale/IDS_project/install/theora_image_transport/share/theora_image_transport/theora_plugins.xml\n'}
[22.127885] (theora_image_transport) StdoutLine: {'line': b'-- Installing: /home/marco/marco/uni/magistrale/IDS_project/install/theora_image_transport/share/ament_index/resource_index/package_run_dependencies/theora_image_transport\n'}
[22.127954] (theora_image_transport) StdoutLine: {'line': b'-- Installing: /home/marco/marco/uni/magistrale/IDS_project/install/theora_image_transport/share/ament_index/resource_index/parent_prefix_path/theora_image_transport\n'}
[22.128023] (theora_image_transport) StdoutLine: {'line': b'-- Installing: /home/marco/marco/uni/magistrale/IDS_project/install/theora_image_transport/share/theora_image_transport/environment/ament_prefix_path.sh\n'}
[22.128091] (theora_image_transport) StdoutLine: {'line': b'-- Installing: /home/marco/marco/uni/magistrale/IDS_project/install/theora_image_transport/share/theora_image_transport/environment/ament_prefix_path.dsv\n'}
[22.128163] (theora_image_transport) StdoutLine: {'line': b'-- Installing: /home/marco/marco/uni/magistrale/IDS_project/install/theora_image_transport/share/theora_image_transport/environment/path.sh\n'}
[22.128229] (theora_image_transport) StdoutLine: {'line': b'-- Installing: /home/marco/marco/uni/magistrale/IDS_project/install/theora_image_transport/share/theora_image_transport/environment/path.dsv\n'}
[22.128292] (theora_image_transport) StdoutLine: {'line': b'-- Installing: /home/marco/marco/uni/magistrale/IDS_project/install/theora_image_transport/share/theora_image_transport/local_setup.bash\n'}
[22.128357] (theora_image_transport) StdoutLine: {'line': b'-- Installing: /home/marco/marco/uni/magistrale/IDS_project/install/theora_image_transport/share/theora_image_transport/local_setup.sh\n'}
[22.128426] (theora_image_transport) StdoutLine: {'line': b'-- Installing: /home/marco/marco/uni/magistrale/IDS_project/install/theora_image_transport/share/theora_image_transport/local_setup.zsh\n'}
[22.128490] (theora_image_transport) StdoutLine: {'line': b'-- Installing: /home/marco/marco/uni/magistrale/IDS_project/install/theora_image_transport/share/theora_image_transport/local_setup.dsv\n'}
[22.128554] (theora_image_transport) StdoutLine: {'line': b'-- Installing: /home/marco/marco/uni/magistrale/IDS_project/install/theora_image_transport/share/theora_image_transport/package.dsv\n'}
[22.128643] (theora_image_transport) StdoutLine: {'line': b'-- Installing: /home/marco/marco/uni/magistrale/IDS_project/install/theora_image_transport/share/ament_index/resource_index/packages/theora_image_transport\n'}
[22.128726] (theora_image_transport) StdoutLine: {'line': b'-- Installing: /home/marco/marco/uni/magistrale/IDS_project/install/theora_image_transport/share/ament_index/resource_index/image_transport__pluginlib__plugin/theora_image_transport\n'}
[22.128823] (theora_image_transport) StdoutLine: {'line': b'-- Installing: /home/marco/marco/uni/magistrale/IDS_project/install/theora_image_transport/share/theora_image_transport/cmake/export_theora_image_transport__rosidl_generator_cExport.cmake\n'}
[22.128896] (theora_image_transport) StdoutLine: {'line': b'-- Installing: /home/marco/marco/uni/magistrale/IDS_project/install/theora_image_transport/share/theora_image_transport/cmake/export_theora_image_transport__rosidl_generator_cExport-noconfig.cmake\n'}
[22.128970] (theora_image_transport) StdoutLine: {'line': b'-- Installing: /home/marco/marco/uni/magistrale/IDS_project/install/theora_image_transport/share/theora_image_transport/cmake/export_theora_image_transport__rosidl_typesupport_fastrtps_cExport.cmake\n'}
[22.129039] (theora_image_transport) StdoutLine: {'line': b'-- Installing: /home/marco/marco/uni/magistrale/IDS_project/install/theora_image_transport/share/theora_image_transport/cmake/export_theora_image_transport__rosidl_typesupport_fastrtps_cExport-noconfig.cmake\n'}
[22.129109] (theora_image_transport) StdoutLine: {'line': b'-- Installing: /home/marco/marco/uni/magistrale/IDS_project/install/theora_image_transport/share/theora_image_transport/cmake/export_theora_image_transport__rosidl_generator_cppExport.cmake\n'}
[22.129188] (theora_image_transport) StdoutLine: {'line': b'-- Installing: /home/marco/marco/uni/magistrale/IDS_project/install/theora_image_transport/share/theora_image_transport/cmake/export_theora_image_transport__rosidl_typesupport_fastrtps_cppExport.cmake\n'}
[22.129259] (theora_image_transport) StdoutLine: {'line': b'-- Installing: /home/marco/marco/uni/magistrale/IDS_project/install/theora_image_transport/share/theora_image_transport/cmake/export_theora_image_transport__rosidl_typesupport_fastrtps_cppExport-noconfig.cmake\n'}
[22.129333] (theora_image_transport) StdoutLine: {'line': b'-- Installing: /home/marco/marco/uni/magistrale/IDS_project/install/theora_image_transport/share/theora_image_transport/cmake/theora_image_transport__rosidl_typesupport_introspection_cExport.cmake\n'}
[22.129400] (theora_image_transport) StdoutLine: {'line': b'-- Installing: /home/marco/marco/uni/magistrale/IDS_project/install/theora_image_transport/share/theora_image_transport/cmake/theora_image_transport__rosidl_typesupport_introspection_cExport-noconfig.cmake\n'}
[22.129471] (theora_image_transport) StdoutLine: {'line': b'-- Installing: /home/marco/marco/uni/magistrale/IDS_project/install/theora_image_transport/share/theora_image_transport/cmake/theora_image_transport__rosidl_typesupport_cExport.cmake\n'}
[22.129540] (theora_image_transport) StdoutLine: {'line': b'-- Installing: /home/marco/marco/uni/magistrale/IDS_project/install/theora_image_transport/share/theora_image_transport/cmake/theora_image_transport__rosidl_typesupport_cExport-noconfig.cmake\n'}
[22.129617] (theora_image_transport) StdoutLine: {'line': b'-- Installing: /home/marco/marco/uni/magistrale/IDS_project/install/theora_image_transport/share/theora_image_transport/cmake/theora_image_transport__rosidl_typesupport_introspection_cppExport.cmake\n'}
[22.129685] (theora_image_transport) StdoutLine: {'line': b'-- Installing: /home/marco/marco/uni/magistrale/IDS_project/install/theora_image_transport/share/theora_image_transport/cmake/theora_image_transport__rosidl_typesupport_introspection_cppExport-noconfig.cmake\n'}
[22.129757] (theora_image_transport) StdoutLine: {'line': b'-- Installing: /home/marco/marco/uni/magistrale/IDS_project/install/theora_image_transport/share/theora_image_transport/cmake/theora_image_transport__rosidl_typesupport_cppExport.cmake\n'}
[22.129828] (theora_image_transport) StdoutLine: {'line': b'-- Installing: /home/marco/marco/uni/magistrale/IDS_project/install/theora_image_transport/share/theora_image_transport/cmake/theora_image_transport__rosidl_typesupport_cppExport-noconfig.cmake\n'}
[22.129903] (theora_image_transport) StdoutLine: {'line': b'-- Installing: /home/marco/marco/uni/magistrale/IDS_project/install/theora_image_transport/share/theora_image_transport/cmake/export_theora_image_transport__rosidl_generator_pyExport.cmake\n'}
[22.129972] (theora_image_transport) StdoutLine: {'line': b'-- Installing: /home/marco/marco/uni/magistrale/IDS_project/install/theora_image_transport/share/theora_image_transport/cmake/export_theora_image_transport__rosidl_generator_pyExport-noconfig.cmake\n'}
[22.130043] (theora_image_transport) StdoutLine: {'line': b'-- Installing: /home/marco/marco/uni/magistrale/IDS_project/install/theora_image_transport/share/theora_image_transport/cmake/export_theora_image_transport_componentExport.cmake\n'}
[22.130110] (theora_image_transport) StdoutLine: {'line': b'-- Installing: /home/marco/marco/uni/magistrale/IDS_project/install/theora_image_transport/share/theora_image_transport/cmake/export_theora_image_transport_componentExport-noconfig.cmake\n'}
[22.130181] (theora_image_transport) StdoutLine: {'line': b'-- Installing: /home/marco/marco/uni/magistrale/IDS_project/install/theora_image_transport/share/theora_image_transport/cmake/rosidl_cmake-extras.cmake\n'}
[22.130251] (theora_image_transport) StdoutLine: {'line': b'-- Installing: /home/marco/marco/uni/magistrale/IDS_project/install/theora_image_transport/share/theora_image_transport/cmake/ament_cmake_export_dependencies-extras.cmake\n'}
[22.130320] (theora_image_transport) StdoutLine: {'line': b'-- Installing: /home/marco/marco/uni/magistrale/IDS_project/install/theora_image_transport/share/theora_image_transport/cmake/ament_cmake_export_include_directories-extras.cmake\n'}
[22.130387] (theora_image_transport) StdoutLine: {'line': b'-- Installing: /home/marco/marco/uni/magistrale/IDS_project/install/theora_image_transport/share/theora_image_transport/cmake/ament_cmake_export_libraries-extras.cmake\n'}
[22.130454] (theora_image_transport) StdoutLine: {'line': b'-- Installing: /home/marco/marco/uni/magistrale/IDS_project/install/theora_image_transport/share/theora_image_transport/cmake/ament_cmake_export_targets-extras.cmake\n'}
[22.130522] (theora_image_transport) StdoutLine: {'line': b'-- Installing: /home/marco/marco/uni/magistrale/IDS_project/install/theora_image_transport/share/theora_image_transport/cmake/rosidl_cmake_export_typesupport_targets-extras.cmake\n'}
[22.130588] (theora_image_transport) StdoutLine: {'line': b'-- Installing: /home/marco/marco/uni/magistrale/IDS_project/install/theora_image_transport/share/theora_image_transport/cmake/rosidl_cmake_export_typesupport_libraries-extras.cmake\n'}
[22.130655] (theora_image_transport) StdoutLine: {'line': b'-- Installing: /home/marco/marco/uni/magistrale/IDS_project/install/theora_image_transport/share/theora_image_transport/cmake/theora_image_transportConfig.cmake\n'}
[22.130709] (theora_image_transport) StdoutLine: {'line': b'-- Installing: /home/marco/marco/uni/magistrale/IDS_project/install/theora_image_transport/share/theora_image_transport/cmake/theora_image_transportConfig-version.cmake\n'}
[22.130774] (theora_image_transport) StdoutLine: {'line': b'-- Installing: /home/marco/marco/uni/magistrale/IDS_project/install/theora_image_transport/share/theora_image_transport/package.xml\n'}
[22.132323] (theora_image_transport) CommandEnded: {'returncode': 0}
[22.141557] (theora_image_transport) JobEnded: {'identifier': 'theora_image_transport', 'rc': 0}
[22.142192] (image_transport_plugins) JobStarted: {'identifier': 'image_transport_plugins'}
[22.147061] (image_transport_plugins) JobProgress: {'identifier': 'image_transport_plugins', 'progress': 'cmake'}
[22.147393] (image_transport_plugins) Command: {'cmd': ['/usr/bin/cmake', '/home/marco/marco/uni/magistrale/IDS_project/ros2_ws/src/image_transport_plugins/image_transport_plugins', '-DCMAKE_INSTALL_PREFIX=/home/marco/marco/uni/magistrale/IDS_project/install/image_transport_plugins'], 'cwd': '/home/marco/marco/uni/magistrale/IDS_project/build/image_transport_plugins', 'env': OrderedDict([('LESSOPEN', '| /usr/bin/lesspipe %s'), ('USER', 'marco'), ('LC_TIME', 'it_IT.UTF-8'), ('XDG_SESSION_TYPE', 'x11'), ('SHLVL', '1'), ('LD_LIBRARY_PATH', '/home/marco/marco/uni/magistrale/IDS_project/install/theora_image_transport/lib:/home/marco/marco/uni/magistrale/IDS_project/install/compressed_image_transport/lib:/home/marco/marco/uni/magistrale/IDS_project/install/compressed_depth_image_transport/lib:/opt/ros/humble/opt/rviz_ogre_vendor/lib:/opt/ros/humble/lib/x86_64-linux-gnu:/opt/ros/humble/lib'), ('HOME', '/home/marco'), ('OLDPWD', '/home/marco/marco/uni/magistrale/IDS_project/ros2_ws'), ('DESKTOP_SESSION', 'ubuntu'), ('ROS_PYTHON_VERSION', '3'), ('GNOME_SHELL_SESSION_MODE', 'ubuntu'), ('GTK_MODULES', 'gail:atk-bridge'), ('LC_MONETARY', 'it_IT.UTF-8'), ('MANAGERPID', '1948'), ('SYSTEMD_EXEC_PID', '2438'), ('DBUS_SESSION_BUS_ADDRESS', 'unix:path=/run/user/1000/bus'), ('COLORTERM', 'truecolor'), ('TERMINATOR_DBUS_NAME', 'net.tenshu.Terminator23558193cd9818af7fe4d2c2f5bd9d00f'), ('GIO_LAUNCHED_DESKTOP_FILE_PID', '5065'), ('ROS_DISTRO', 'humble'), ('GTK_IM_MODULE', 'ibus'), ('LOGNAME', 'marco'), ('JOURNAL_STREAM', '8:12126'), ('_', '/usr/bin/colcon'), ('ROS_VERSION', '2'), ('XDG_SESSION_CLASS', 'user'), ('USERNAME', 'marco'), ('TERM', 'xterm-256color'), ('GNOME_DESKTOP_SESSION_ID', 'this-is-deprecated'), ('ROS_LOCALHOST_ONLY', '0'), ('WINDOWPATH', '2'), ('PATH', '/opt/ros/humble/bin:/home/marco/.local/bin:/usr/local/sbin:/usr/local/bin:/usr/sbin:/usr/bin:/sbin:/bin:/usr/games:/usr/local/games:/snap/bin:/snap/bin'), ('SESSION_MANAGER', 'local/marco-ub22:@/tmp/.ICE-unix/2241,unix/marco-ub22:/tmp/.ICE-unix/2241'), ('INVOCATION_ID', '13ce98eb6ffe48af991f103afcdbba0c'), ('XDG_MENU_PREFIX', 'gnome-'), ('LC_ADDRESS', 'it_IT.UTF-8'), ('XDG_RUNTIME_DIR', '/run/user/1000'), ('DISPLAY', ':1'), ('TERMINATOR_DBUS_PATH', '/net/tenshu/Terminator2'), ('LANG', 'en_US.UTF-8'), ('XDG_CURRENT_DESKTOP', 'ubuntu:GNOME'), ('IBUS_DISABLE_SNOOPER', '1'), ('LC_TELEPHONE', 'it_IT.UTF-8'), ('XMODIFIERS', '@im=ibus'), ('XDG_SESSION_DESKTOP', 'ubuntu'), ('XAUTHORITY', '/run/user/1000/gdm/Xauthority'), ('LS_COLORS', 'rs=0:di=01;34:ln=01;36:mh=00:pi=40;33:so=01;35:do=01;35:bd=40;33;01:cd=40;33;01:or=40;31;01:mi=00:su=37;41:sg=30;43:ca=30;41:tw=30;42:ow=34;42:st=37;44:ex=01;32:*.tar=01;31:*.tgz=01;31:*.arc=01;31:*.arj=01;31:*.taz=01;31:*.lha=01;31:*.lz4=01;31:*.lzh=01;31:*.lzma=01;31:*.tlz=01;31:*.txz=01;31:*.tzo=01;31:*.t7z=01;31:*.zip=01;31:*.z=01;31:*.dz=01;31:*.gz=01;31:*.lrz=01;31:*.lz=01;31:*.lzo=01;31:*.xz=01;31:*.zst=01;31:*.tzst=01;31:*.bz2=01;31:*.bz=01;31:*.tbz=01;31:*.tbz2=01;31:*.tz=01;31:*.deb=01;31:*.rpm=01;31:*.jar=01;31:*.war=01;31:*.ear=01;31:*.sar=01;31:*.rar=01;31:*.alz=01;31:*.ace=01;31:*.zoo=01;31:*.cpio=01;31:*.7z=01;31:*.rz=01;31:*.cab=01;31:*.wim=01;31:*.swm=01;31:*.dwm=01;31:*.esd=01;31:*.jpg=01;35:*.jpeg=01;35:*.mjpg=01;35:*.mjpeg=01;35:*.gif=01;35:*.bmp=01;35:*.pbm=01;35:*.pgm=01;35:*.ppm=01;35:*.tga=01;35:*.xbm=01;35:*.xpm=01;35:*.tif=01;35:*.tiff=01;35:*.png=01;35:*.svg=01;35:*.svgz=01;35:*.mng=01;35:*.pcx=01;35:*.mov=01;35:*.mpg=01;35:*.mpeg=01;35:*.m2v=01;35:*.mkv=01;35:*.webm=01;35:*.webp=01;35:*.ogm=01;35:*.mp4=01;35:*.m4v=01;35:*.mp4v=01;35:*.vob=01;35:*.qt=01;35:*.nuv=01;35:*.wmv=01;35:*.asf=01;35:*.rm=01;35:*.rmvb=01;35:*.flc=01;35:*.avi=01;35:*.fli=01;35:*.flv=01;35:*.gl=01;35:*.dl=01;35:*.xcf=01;35:*.xwd=01;35:*.yuv=01;35:*.cgm=01;35:*.emf=01;35:*.ogv=01;35:*.ogx=01;35:*.aac=00;36:*.au=00;36:*.flac=00;36:*.m4a=00;36:*.mid=00;36:*.midi=00;36:*.mka=00;36:*.mp3=00;36:*.mpc=00;36:*.ogg=00;36:*.ra=00;36:*.wav=00;36:*.oga=00;36:*.opus=00;36:*.spx=00;36:*.xspf=00;36:'), ('SSH_AGENT_LAUNCHER', 'gnome-keyring'), ('SSH_AUTH_SOCK', '/run/user/1000/keyring/ssh'), ('ROS_DOMAIN_ID', '2'), ('AMENT_PREFIX_PATH', '/home/marco/marco/uni/magistrale/IDS_project/install/theora_image_transport:/home/marco/marco/uni/magistrale/IDS_project/install/compressed_image_transport:/home/marco/marco/uni/magistrale/IDS_project/install/compressed_depth_image_transport:/opt/ros/humble'), ('SHELL', '/bin/bash'), ('LC_NAME', 'it_IT.UTF-8'), ('TERMINATOR_UUID', 'urn:uuid:029eaee9-0711-4cf2-bfd1-7b9bd46242d4'), ('QT_ACCESSIBILITY', '1'), ('GDMSESSION', 'ubuntu'), ('LESSCLOSE', '/usr/bin/lesspipe %s %s'), ('LC_MEASUREMENT', 'it_IT.UTF-8'), ('GPG_AGENT_INFO', '/run/user/1000/gnupg/S.gpg-agent:0:1'), ('LC_IDENTIFICATION', 'it_IT.UTF-8'), ('QT_IM_MODULE', 'ibus'), ('PWD', '/home/marco/marco/uni/magistrale/IDS_project/build/image_transport_plugins'), ('LC_ALL', 'en_US.UTF-8'), ('XDG_CONFIG_DIRS', '/etc/xdg/xdg-ubuntu:/etc/xdg'), ('XDG_DATA_DIRS', '/usr/share/ubuntu:/usr/share/gnome:/usr/local/share/:/usr/share/:/var/lib/snapd/desktop'), ('PYTHONPATH', '/home/marco/marco/uni/magistrale/IDS_project/install/theora_image_transport/local/lib/python3.10/dist-packages:/opt/ros/humble/lib/python3.10/site-packages:/opt/ros/humble/local/lib/python3.10/dist-packages'), ('LC_NUMERIC', 'it_IT.UTF-8'), ('LC_PAPER', 'it_IT.UTF-8'), ('COLCON', '1'), ('VTE_VERSION', '6800'), ('CMAKE_PREFIX_PATH', '/home/marco/marco/uni/magistrale/IDS_project/install/theora_image_transport:/home/marco/marco/uni/magistrale/IDS_project/install/compressed_image_transport:/home/marco/marco/uni/magistrale/IDS_project/install/compressed_depth_image_transport:/opt/ros/humble')]), 'shell': False}
[22.189357] (image_transport_plugins) StdoutLine: {'line': b'-- The C compiler identification is GNU 11.4.0\n'}
[22.225893] (-) TimerEvent: {}
[22.227241] (image_transport_plugins) StdoutLine: {'line': b'-- The CXX compiler identification is GNU 11.4.0\n'}
[22.232948] (image_transport_plugins) StdoutLine: {'line': b'-- Detecting C compiler ABI info\n'}
[22.291210] (image_transport_plugins) StdoutLine: {'line': b'-- Detecting C compiler ABI info - done\n'}
[22.297170] (image_transport_plugins) StdoutLine: {'line': b'-- Check for working C compiler: /usr/bin/cc - skipped\n'}
[22.297336] (image_transport_plugins) StdoutLine: {'line': b'-- Detecting C compile features\n'}
[22.297606] (image_transport_plugins) StdoutLine: {'line': b'-- Detecting C compile features - done\n'}
[22.299618] (image_transport_plugins) StdoutLine: {'line': b'-- Detecting CXX compiler ABI info\n'}
[22.326026] (-) TimerEvent: {}
[22.353260] (image_transport_plugins) StdoutLine: {'line': b'-- Detecting CXX compiler ABI info - done\n'}
[22.359132] (image_transport_plugins) StdoutLine: {'line': b'-- Check for working CXX compiler: /usr/bin/c++ - skipped\n'}
[22.359294] (image_transport_plugins) StdoutLine: {'line': b'-- Detecting CXX compile features\n'}
[22.359740] (image_transport_plugins) StdoutLine: {'line': b'-- Detecting CXX compile features - done\n'}
[22.362584] (image_transport_plugins) StdoutLine: {'line': b'-- Found ament_cmake: 1.3.14 (/opt/ros/humble/share/ament_cmake/cmake)\n'}
[22.426138] (-) TimerEvent: {}
[22.526372] (-) TimerEvent: {}
[22.615600] (image_transport_plugins) StdoutLine: {'line': b'-- Found Python3: /usr/bin/python3 (found version "3.10.12") found components: Interpreter \n'}
[22.626447] (-) TimerEvent: {}
[22.726889] (-) TimerEvent: {}
[22.737126] (image_transport_plugins) StdoutLine: {'line': b'-- Configuring done\n'}
[22.738785] (image_transport_plugins) StdoutLine: {'line': b'-- Generating done\n'}
[22.739903] (image_transport_plugins) StdoutLine: {'line': b'-- Build files have been written to: /home/marco/marco/uni/magistrale/IDS_project/build/image_transport_plugins\n'}
[22.745792] (image_transport_plugins) CommandEnded: {'returncode': 0}
[22.747379] (image_transport_plugins) JobProgress: {'identifier': 'image_transport_plugins', 'progress': 'build'}
[22.748437] (image_transport_plugins) Command: {'cmd': ['/usr/bin/cmake', '--build', '/home/marco/marco/uni/magistrale/IDS_project/build/image_transport_plugins', '--', '-j8', '-l8'], 'cwd': '/home/marco/marco/uni/magistrale/IDS_project/build/image_transport_plugins', 'env': OrderedDict([('LESSOPEN', '| /usr/bin/lesspipe %s'), ('USER', 'marco'), ('LC_TIME', 'it_IT.UTF-8'), ('XDG_SESSION_TYPE', 'x11'), ('SHLVL', '1'), ('LD_LIBRARY_PATH', '/home/marco/marco/uni/magistrale/IDS_project/install/theora_image_transport/lib:/home/marco/marco/uni/magistrale/IDS_project/install/compressed_image_transport/lib:/home/marco/marco/uni/magistrale/IDS_project/install/compressed_depth_image_transport/lib:/opt/ros/humble/opt/rviz_ogre_vendor/lib:/opt/ros/humble/lib/x86_64-linux-gnu:/opt/ros/humble/lib'), ('HOME', '/home/marco'), ('OLDPWD', '/home/marco/marco/uni/magistrale/IDS_project/ros2_ws'), ('DESKTOP_SESSION', 'ubuntu'), ('ROS_PYTHON_VERSION', '3'), ('GNOME_SHELL_SESSION_MODE', 'ubuntu'), ('GTK_MODULES', 'gail:atk-bridge'), ('LC_MONETARY', 'it_IT.UTF-8'), ('MANAGERPID', '1948'), ('SYSTEMD_EXEC_PID', '2438'), ('DBUS_SESSION_BUS_ADDRESS', 'unix:path=/run/user/1000/bus'), ('COLORTERM', 'truecolor'), ('TERMINATOR_DBUS_NAME', 'net.tenshu.Terminator23558193cd9818af7fe4d2c2f5bd9d00f'), ('GIO_LAUNCHED_DESKTOP_FILE_PID', '5065'), ('ROS_DISTRO', 'humble'), ('GTK_IM_MODULE', 'ibus'), ('LOGNAME', 'marco'), ('JOURNAL_STREAM', '8:12126'), ('_', '/usr/bin/colcon'), ('ROS_VERSION', '2'), ('XDG_SESSION_CLASS', 'user'), ('USERNAME', 'marco'), ('TERM', 'xterm-256color'), ('GNOME_DESKTOP_SESSION_ID', 'this-is-deprecated'), ('ROS_LOCALHOST_ONLY', '0'), ('WINDOWPATH', '2'), ('PATH', '/opt/ros/humble/bin:/home/marco/.local/bin:/usr/local/sbin:/usr/local/bin:/usr/sbin:/usr/bin:/sbin:/bin:/usr/games:/usr/local/games:/snap/bin:/snap/bin'), ('SESSION_MANAGER', 'local/marco-ub22:@/tmp/.ICE-unix/2241,unix/marco-ub22:/tmp/.ICE-unix/2241'), ('INVOCATION_ID', '13ce98eb6ffe48af991f103afcdbba0c'), ('XDG_MENU_PREFIX', 'gnome-'), ('LC_ADDRESS', 'it_IT.UTF-8'), ('XDG_RUNTIME_DIR', '/run/user/1000'), ('DISPLAY', ':1'), ('TERMINATOR_DBUS_PATH', '/net/tenshu/Terminator2'), ('LANG', 'en_US.UTF-8'), ('XDG_CURRENT_DESKTOP', 'ubuntu:GNOME'), ('IBUS_DISABLE_SNOOPER', '1'), ('LC_TELEPHONE', 'it_IT.UTF-8'), ('XMODIFIERS', '@im=ibus'), ('XDG_SESSION_DESKTOP', 'ubuntu'), ('XAUTHORITY', '/run/user/1000/gdm/Xauthority'), ('LS_COLORS', 'rs=0:di=01;34:ln=01;36:mh=00:pi=40;33:so=01;35:do=01;35:bd=40;33;01:cd=40;33;01:or=40;31;01:mi=00:su=37;41:sg=30;43:ca=30;41:tw=30;42:ow=34;42:st=37;44:ex=01;32:*.tar=01;31:*.tgz=01;31:*.arc=01;31:*.arj=01;31:*.taz=01;31:*.lha=01;31:*.lz4=01;31:*.lzh=01;31:*.lzma=01;31:*.tlz=01;31:*.txz=01;31:*.tzo=01;31:*.t7z=01;31:*.zip=01;31:*.z=01;31:*.dz=01;31:*.gz=01;31:*.lrz=01;31:*.lz=01;31:*.lzo=01;31:*.xz=01;31:*.zst=01;31:*.tzst=01;31:*.bz2=01;31:*.bz=01;31:*.tbz=01;31:*.tbz2=01;31:*.tz=01;31:*.deb=01;31:*.rpm=01;31:*.jar=01;31:*.war=01;31:*.ear=01;31:*.sar=01;31:*.rar=01;31:*.alz=01;31:*.ace=01;31:*.zoo=01;31:*.cpio=01;31:*.7z=01;31:*.rz=01;31:*.cab=01;31:*.wim=01;31:*.swm=01;31:*.dwm=01;31:*.esd=01;31:*.jpg=01;35:*.jpeg=01;35:*.mjpg=01;35:*.mjpeg=01;35:*.gif=01;35:*.bmp=01;35:*.pbm=01;35:*.pgm=01;35:*.ppm=01;35:*.tga=01;35:*.xbm=01;35:*.xpm=01;35:*.tif=01;35:*.tiff=01;35:*.png=01;35:*.svg=01;35:*.svgz=01;35:*.mng=01;35:*.pcx=01;35:*.mov=01;35:*.mpg=01;35:*.mpeg=01;35:*.m2v=01;35:*.mkv=01;35:*.webm=01;35:*.webp=01;35:*.ogm=01;35:*.mp4=01;35:*.m4v=01;35:*.mp4v=01;35:*.vob=01;35:*.qt=01;35:*.nuv=01;35:*.wmv=01;35:*.asf=01;35:*.rm=01;35:*.rmvb=01;35:*.flc=01;35:*.avi=01;35:*.fli=01;35:*.flv=01;35:*.gl=01;35:*.dl=01;35:*.xcf=01;35:*.xwd=01;35:*.yuv=01;35:*.cgm=01;35:*.emf=01;35:*.ogv=01;35:*.ogx=01;35:*.aac=00;36:*.au=00;36:*.flac=00;36:*.m4a=00;36:*.mid=00;36:*.midi=00;36:*.mka=00;36:*.mp3=00;36:*.mpc=00;36:*.ogg=00;36:*.ra=00;36:*.wav=00;36:*.oga=00;36:*.opus=00;36:*.spx=00;36:*.xspf=00;36:'), ('SSH_AGENT_LAUNCHER', 'gnome-keyring'), ('SSH_AUTH_SOCK', '/run/user/1000/keyring/ssh'), ('ROS_DOMAIN_ID', '2'), ('AMENT_PREFIX_PATH', '/home/marco/marco/uni/magistrale/IDS_project/install/theora_image_transport:/home/marco/marco/uni/magistrale/IDS_project/install/compressed_image_transport:/home/marco/marco/uni/magistrale/IDS_project/install/compressed_depth_image_transport:/opt/ros/humble'), ('SHELL', '/bin/bash'), ('LC_NAME', 'it_IT.UTF-8'), ('TERMINATOR_UUID', 'urn:uuid:029eaee9-0711-4cf2-bfd1-7b9bd46242d4'), ('QT_ACCESSIBILITY', '1'), ('GDMSESSION', 'ubuntu'), ('LESSCLOSE', '/usr/bin/lesspipe %s %s'), ('LC_MEASUREMENT', 'it_IT.UTF-8'), ('GPG_AGENT_INFO', '/run/user/1000/gnupg/S.gpg-agent:0:1'), ('LC_IDENTIFICATION', 'it_IT.UTF-8'), ('QT_IM_MODULE', 'ibus'), ('PWD', '/home/marco/marco/uni/magistrale/IDS_project/build/image_transport_plugins'), ('LC_ALL', 'en_US.UTF-8'), ('XDG_CONFIG_DIRS', '/etc/xdg/xdg-ubuntu:/etc/xdg'), ('XDG_DATA_DIRS', '/usr/share/ubuntu:/usr/share/gnome:/usr/local/share/:/usr/share/:/var/lib/snapd/desktop'), ('PYTHONPATH', '/home/marco/marco/uni/magistrale/IDS_project/install/theora_image_transport/local/lib/python3.10/dist-packages:/opt/ros/humble/lib/python3.10/site-packages:/opt/ros/humble/local/lib/python3.10/dist-packages'), ('LC_NUMERIC', 'it_IT.UTF-8'), ('LC_PAPER', 'it_IT.UTF-8'), ('COLCON', '1'), ('VTE_VERSION', '6800'), ('CMAKE_PREFIX_PATH', '/home/marco/marco/uni/magistrale/IDS_project/install/theora_image_transport:/home/marco/marco/uni/magistrale/IDS_project/install/compressed_image_transport:/home/marco/marco/uni/magistrale/IDS_project/install/compressed_depth_image_transport:/opt/ros/humble')]), 'shell': False}
[22.779313] (image_transport_plugins) CommandEnded: {'returncode': 0}
[22.779870] (image_transport_plugins) JobProgress: {'identifier': 'image_transport_plugins', 'progress': 'install'}
[22.780018] (image_transport_plugins) Command: {'cmd': ['/usr/bin/cmake', '--install', '/home/marco/marco/uni/magistrale/IDS_project/build/image_transport_plugins'], 'cwd': '/home/marco/marco/uni/magistrale/IDS_project/build/image_transport_plugins', 'env': OrderedDict([('LESSOPEN', '| /usr/bin/lesspipe %s'), ('USER', 'marco'), ('LC_TIME', 'it_IT.UTF-8'), ('XDG_SESSION_TYPE', 'x11'), ('SHLVL', '1'), ('LD_LIBRARY_PATH', '/home/marco/marco/uni/magistrale/IDS_project/install/theora_image_transport/lib:/home/marco/marco/uni/magistrale/IDS_project/install/compressed_image_transport/lib:/home/marco/marco/uni/magistrale/IDS_project/install/compressed_depth_image_transport/lib:/opt/ros/humble/opt/rviz_ogre_vendor/lib:/opt/ros/humble/lib/x86_64-linux-gnu:/opt/ros/humble/lib'), ('HOME', '/home/marco'), ('OLDPWD', '/home/marco/marco/uni/magistrale/IDS_project/ros2_ws'), ('DESKTOP_SESSION', 'ubuntu'), ('ROS_PYTHON_VERSION', '3'), ('GNOME_SHELL_SESSION_MODE', 'ubuntu'), ('GTK_MODULES', 'gail:atk-bridge'), ('LC_MONETARY', 'it_IT.UTF-8'), ('MANAGERPID', '1948'), ('SYSTEMD_EXEC_PID', '2438'), ('DBUS_SESSION_BUS_ADDRESS', 'unix:path=/run/user/1000/bus'), ('COLORTERM', 'truecolor'), ('TERMINATOR_DBUS_NAME', 'net.tenshu.Terminator23558193cd9818af7fe4d2c2f5bd9d00f'), ('GIO_LAUNCHED_DESKTOP_FILE_PID', '5065'), ('ROS_DISTRO', 'humble'), ('GTK_IM_MODULE', 'ibus'), ('LOGNAME', 'marco'), ('JOURNAL_STREAM', '8:12126'), ('_', '/usr/bin/colcon'), ('ROS_VERSION', '2'), ('XDG_SESSION_CLASS', 'user'), ('USERNAME', 'marco'), ('TERM', 'xterm-256color'), ('GNOME_DESKTOP_SESSION_ID', 'this-is-deprecated'), ('ROS_LOCALHOST_ONLY', '0'), ('WINDOWPATH', '2'), ('PATH', '/opt/ros/humble/bin:/home/marco/.local/bin:/usr/local/sbin:/usr/local/bin:/usr/sbin:/usr/bin:/sbin:/bin:/usr/games:/usr/local/games:/snap/bin:/snap/bin'), ('SESSION_MANAGER', 'local/marco-ub22:@/tmp/.ICE-unix/2241,unix/marco-ub22:/tmp/.ICE-unix/2241'), ('INVOCATION_ID', '13ce98eb6ffe48af991f103afcdbba0c'), ('XDG_MENU_PREFIX', 'gnome-'), ('LC_ADDRESS', 'it_IT.UTF-8'), ('XDG_RUNTIME_DIR', '/run/user/1000'), ('DISPLAY', ':1'), ('TERMINATOR_DBUS_PATH', '/net/tenshu/Terminator2'), ('LANG', 'en_US.UTF-8'), ('XDG_CURRENT_DESKTOP', 'ubuntu:GNOME'), ('IBUS_DISABLE_SNOOPER', '1'), ('LC_TELEPHONE', 'it_IT.UTF-8'), ('XMODIFIERS', '@im=ibus'), ('XDG_SESSION_DESKTOP', 'ubuntu'), ('XAUTHORITY', '/run/user/1000/gdm/Xauthority'), ('LS_COLORS', 'rs=0:di=01;34:ln=01;36:mh=00:pi=40;33:so=01;35:do=01;35:bd=40;33;01:cd=40;33;01:or=40;31;01:mi=00:su=37;41:sg=30;43:ca=30;41:tw=30;42:ow=34;42:st=37;44:ex=01;32:*.tar=01;31:*.tgz=01;31:*.arc=01;31:*.arj=01;31:*.taz=01;31:*.lha=01;31:*.lz4=01;31:*.lzh=01;31:*.lzma=01;31:*.tlz=01;31:*.txz=01;31:*.tzo=01;31:*.t7z=01;31:*.zip=01;31:*.z=01;31:*.dz=01;31:*.gz=01;31:*.lrz=01;31:*.lz=01;31:*.lzo=01;31:*.xz=01;31:*.zst=01;31:*.tzst=01;31:*.bz2=01;31:*.bz=01;31:*.tbz=01;31:*.tbz2=01;31:*.tz=01;31:*.deb=01;31:*.rpm=01;31:*.jar=01;31:*.war=01;31:*.ear=01;31:*.sar=01;31:*.rar=01;31:*.alz=01;31:*.ace=01;31:*.zoo=01;31:*.cpio=01;31:*.7z=01;31:*.rz=01;31:*.cab=01;31:*.wim=01;31:*.swm=01;31:*.dwm=01;31:*.esd=01;31:*.jpg=01;35:*.jpeg=01;35:*.mjpg=01;35:*.mjpeg=01;35:*.gif=01;35:*.bmp=01;35:*.pbm=01;35:*.pgm=01;35:*.ppm=01;35:*.tga=01;35:*.xbm=01;35:*.xpm=01;35:*.tif=01;35:*.tiff=01;35:*.png=01;35:*.svg=01;35:*.svgz=01;35:*.mng=01;35:*.pcx=01;35:*.mov=01;35:*.mpg=01;35:*.mpeg=01;35:*.m2v=01;35:*.mkv=01;35:*.webm=01;35:*.webp=01;35:*.ogm=01;35:*.mp4=01;35:*.m4v=01;35:*.mp4v=01;35:*.vob=01;35:*.qt=01;35:*.nuv=01;35:*.wmv=01;35:*.asf=01;35:*.rm=01;35:*.rmvb=01;35:*.flc=01;35:*.avi=01;35:*.fli=01;35:*.flv=01;35:*.gl=01;35:*.dl=01;35:*.xcf=01;35:*.xwd=01;35:*.yuv=01;35:*.cgm=01;35:*.emf=01;35:*.ogv=01;35:*.ogx=01;35:*.aac=00;36:*.au=00;36:*.flac=00;36:*.m4a=00;36:*.mid=00;36:*.midi=00;36:*.mka=00;36:*.mp3=00;36:*.mpc=00;36:*.ogg=00;36:*.ra=00;36:*.wav=00;36:*.oga=00;36:*.opus=00;36:*.spx=00;36:*.xspf=00;36:'), ('SSH_AGENT_LAUNCHER', 'gnome-keyring'), ('SSH_AUTH_SOCK', '/run/user/1000/keyring/ssh'), ('ROS_DOMAIN_ID', '2'), ('AMENT_PREFIX_PATH', '/home/marco/marco/uni/magistrale/IDS_project/install/theora_image_transport:/home/marco/marco/uni/magistrale/IDS_project/install/compressed_image_transport:/home/marco/marco/uni/magistrale/IDS_project/install/compressed_depth_image_transport:/opt/ros/humble'), ('SHELL', '/bin/bash'), ('LC_NAME', 'it_IT.UTF-8'), ('TERMINATOR_UUID', 'urn:uuid:029eaee9-0711-4cf2-bfd1-7b9bd46242d4'), ('QT_ACCESSIBILITY', '1'), ('GDMSESSION', 'ubuntu'), ('LESSCLOSE', '/usr/bin/lesspipe %s %s'), ('LC_MEASUREMENT', 'it_IT.UTF-8'), ('GPG_AGENT_INFO', '/run/user/1000/gnupg/S.gpg-agent:0:1'), ('LC_IDENTIFICATION', 'it_IT.UTF-8'), ('QT_IM_MODULE', 'ibus'), ('PWD', '/home/marco/marco/uni/magistrale/IDS_project/build/image_transport_plugins'), ('LC_ALL', 'en_US.UTF-8'), ('XDG_CONFIG_DIRS', '/etc/xdg/xdg-ubuntu:/etc/xdg'), ('XDG_DATA_DIRS', '/usr/share/ubuntu:/usr/share/gnome:/usr/local/share/:/usr/share/:/var/lib/snapd/desktop'), ('PYTHONPATH', '/home/marco/marco/uni/magistrale/IDS_project/install/theora_image_transport/local/lib/python3.10/dist-packages:/opt/ros/humble/lib/python3.10/site-packages:/opt/ros/humble/local/lib/python3.10/dist-packages'), ('LC_NUMERIC', 'it_IT.UTF-8'), ('LC_PAPER', 'it_IT.UTF-8'), ('COLCON', '1'), ('VTE_VERSION', '6800'), ('CMAKE_PREFIX_PATH', '/home/marco/marco/uni/magistrale/IDS_project/install/theora_image_transport:/home/marco/marco/uni/magistrale/IDS_project/install/compressed_image_transport:/home/marco/marco/uni/magistrale/IDS_project/install/compressed_depth_image_transport:/opt/ros/humble')]), 'shell': False}
[22.785495] (image_transport_plugins) StdoutLine: {'line': b'-- Install configuration: ""\n'}
[22.785623] (image_transport_plugins) StdoutLine: {'line': b'-- Installing: /home/marco/marco/uni/magistrale/IDS_project/install/image_transport_plugins/share/ament_index/resource_index/package_run_dependencies/image_transport_plugins\n'}
[22.785724] (image_transport_plugins) StdoutLine: {'line': b'-- Installing: /home/marco/marco/uni/magistrale/IDS_project/install/image_transport_plugins/share/ament_index/resource_index/parent_prefix_path/image_transport_plugins\n'}
[22.785820] (image_transport_plugins) StdoutLine: {'line': b'-- Installing: /home/marco/marco/uni/magistrale/IDS_project/install/image_transport_plugins/share/image_transport_plugins/environment/ament_prefix_path.sh\n'}
[22.785882] (image_transport_plugins) StdoutLine: {'line': b'-- Installing: /home/marco/marco/uni/magistrale/IDS_project/install/image_transport_plugins/share/image_transport_plugins/environment/ament_prefix_path.dsv\n'}
[22.785944] (image_transport_plugins) StdoutLine: {'line': b'-- Installing: /home/marco/marco/uni/magistrale/IDS_project/install/image_transport_plugins/share/image_transport_plugins/environment/path.sh\n'}
[22.786002] (image_transport_plugins) StdoutLine: {'line': b'-- Installing: /home/marco/marco/uni/magistrale/IDS_project/install/image_transport_plugins/share/image_transport_plugins/environment/path.dsv\n'}
[22.786064] (image_transport_plugins) StdoutLine: {'line': b'-- Installing: /home/marco/marco/uni/magistrale/IDS_project/install/image_transport_plugins/share/image_transport_plugins/local_setup.bash\n'}
[22.786130] (image_transport_plugins) StdoutLine: {'line': b'-- Installing: /home/marco/marco/uni/magistrale/IDS_project/install/image_transport_plugins/share/image_transport_plugins/local_setup.sh\n'}
[22.786230] (image_transport_plugins) StdoutLine: {'line': b'-- Installing: /home/marco/marco/uni/magistrale/IDS_project/install/image_transport_plugins/share/image_transport_plugins/local_setup.zsh\n'}
[22.786334] (image_transport_plugins) StdoutLine: {'line': b'-- Installing: /home/marco/marco/uni/magistrale/IDS_project/install/image_transport_plugins/share/image_transport_plugins/local_setup.dsv\n'}
[22.786405] (image_transport_plugins) StdoutLine: {'line': b'-- Installing: /home/marco/marco/uni/magistrale/IDS_project/install/image_transport_plugins/share/image_transport_plugins/package.dsv\n'}
[22.786512] (image_transport_plugins) StdoutLine: {'line': b'-- Installing: /home/marco/marco/uni/magistrale/IDS_project/install/image_transport_plugins/share/ament_index/resource_index/packages/image_transport_plugins\n'}
[22.786644] (image_transport_plugins) StdoutLine: {'line': b'-- Installing: /home/marco/marco/uni/magistrale/IDS_project/install/image_transport_plugins/share/image_transport_plugins/cmake/image_transport_pluginsConfig.cmake\n'}
[22.786714] (image_transport_plugins) StdoutLine: {'line': b'-- Installing: /home/marco/marco/uni/magistrale/IDS_project/install/image_transport_plugins/share/image_transport_plugins/cmake/image_transport_pluginsConfig-version.cmake\n'}
[22.786796] (image_transport_plugins) StdoutLine: {'line': b'-- Installing: /home/marco/marco/uni/magistrale/IDS_project/install/image_transport_plugins/share/image_transport_plugins/package.xml\n'}
[22.787859] (image_transport_plugins) CommandEnded: {'returncode': 0}
[22.794954] (image_transport_plugins) JobEnded: {'identifier': 'image_transport_plugins', 'rc': 0}
[22.795381] (-) EventReactorShutdown: {}
