[0.070s] DEBUG:colcon:Command line arguments: ['/usr/bin/colcon', 'build']
[0.070s] DEBUG:colcon:Parsed command line arguments: Namespace(log_base=None, log_level=None, verb_name='build', build_base='build', install_base='install', merge_install=False, symlink_install=False, test_result_base=None, continue_on_error=False, executor='parallel', parallel_workers=8, event_handlers=None, ignore_user_meta=False, metas=['./colcon.meta'], base_paths=['.'], packages_ignore=None, packages_ignore_regex=None, paths=None, packages_up_to=None, packages_up_to_regex=None, packages_above=None, packages_above_and_dependencies=None, packages_above_depth=None, packages_select_by_dep=None, packages_skip_by_dep=None, packages_skip_up_to=None, packages_select_build_failed=False, packages_skip_build_finished=False, packages_select_test_failures=False, packages_skip_test_passed=False, packages_select=None, packages_skip=None, packages_select_regex=None, packages_skip_regex=None, packages_start=None, packages_end=None, allow_overriding=[], cmake_args=None, cmake_target=None, cmake_target_skip_unavailable=False, cmake_clean_cache=False, cmake_clean_first=False, cmake_force_configure=False, ament_cmake_args=None, catkin_cmake_args=None, catkin_skip_building_tests=False, mixin_files=None, mixin=None, verb_parser=<colcon_mixin.mixin.mixin_argument.MixinArgumentDecorator object at 0x7b97f175a920>, verb_extension=<colcon_core.verb.build.BuildVerb object at 0x7b97f184bfd0>, main=<bound method BuildVerb.main of <colcon_core.verb.build.BuildVerb object at 0x7b97f184bfd0>>, mixin_verb=('build',))
[0.096s] Level 1:colcon.colcon_core.package_discovery:discover_packages(colcon_meta) check parameters
[0.096s] Level 1:colcon.colcon_core.package_discovery:discover_packages(recursive) check parameters
[0.096s] Level 1:colcon.colcon_core.package_discovery:discover_packages(ignore) check parameters
[0.096s] Level 1:colcon.colcon_core.package_discovery:discover_packages(path) check parameters
[0.096s] Level 1:colcon.colcon_core.package_discovery:discover_packages(colcon_meta) discover
[0.096s] Level 1:colcon.colcon_core.package_discovery:discover_packages(recursive) discover
[0.096s] INFO:colcon.colcon_core.package_discovery:Crawling recursively for packages in '/home/marco/marco/uni/magistrale/IDS_project'
[0.096s] Level 1:colcon.colcon_core.package_identification:_identify(.) by extensions ['ignore', 'ignore_ament_install']
[0.096s] Level 1:colcon.colcon_core.package_identification:_identify(.) by extension 'ignore'
[0.096s] Level 1:colcon.colcon_core.package_identification:_identify(.) by extension 'ignore_ament_install'
[0.096s] Level 1:colcon.colcon_core.package_identification:_identify(.) by extensions ['colcon_pkg']
[0.096s] Level 1:colcon.colcon_core.package_identification:_identify(.) by extension 'colcon_pkg'
[0.096s] Level 1:colcon.colcon_core.package_identification:_identify(.) by extensions ['colcon_meta']
[0.096s] Level 1:colcon.colcon_core.package_identification:_identify(.) by extension 'colcon_meta'
[0.096s] Level 1:colcon.colcon_core.package_identification:_identify(.) by extensions ['ros']
[0.096s] Level 1:colcon.colcon_core.package_identification:_identify(.) by extension 'ros'
[0.115s] Level 1:colcon.colcon_core.package_identification:_identify(.) by extensions ['cmake', 'python']
[0.115s] Level 1:colcon.colcon_core.package_identification:_identify(.) by extension 'cmake'
[0.115s] Level 1:colcon.colcon_core.package_identification:_identify(.) by extension 'python'
[0.115s] Level 1:colcon.colcon_core.package_identification:_identify(.) by extensions ['python_setup_py']
[0.115s] Level 1:colcon.colcon_core.package_identification:_identify(.) by extension 'python_setup_py'
[0.115s] Level 1:colcon.colcon_core.package_identification:_identify(build) by extensions ['ignore', 'ignore_ament_install']
[0.115s] Level 1:colcon.colcon_core.package_identification:_identify(build) by extension 'ignore'
[0.115s] Level 1:colcon.colcon_core.package_identification:_identify(build) ignored
[0.115s] Level 1:colcon.colcon_core.package_identification:_identify(install) by extensions ['ignore', 'ignore_ament_install']
[0.115s] Level 1:colcon.colcon_core.package_identification:_identify(install) by extension 'ignore'
[0.115s] Level 1:colcon.colcon_core.package_identification:_identify(install) ignored
[0.115s] Level 1:colcon.colcon_core.package_identification:_identify(log) by extensions ['ignore', 'ignore_ament_install']
[0.115s] Level 1:colcon.colcon_core.package_identification:_identify(log) by extension 'ignore'
[0.116s] Level 1:colcon.colcon_core.package_identification:_identify(log) ignored
[0.116s] Level 1:colcon.colcon_core.package_identification:_identify(python_sim) by extensions ['ignore', 'ignore_ament_install']
[0.116s] Level 1:colcon.colcon_core.package_identification:_identify(python_sim) by extension 'ignore'
[0.116s] Level 1:colcon.colcon_core.package_identification:_identify(python_sim) by extension 'ignore_ament_install'
[0.116s] Level 1:colcon.colcon_core.package_identification:_identify(python_sim) by extensions ['colcon_pkg']
[0.116s] Level 1:colcon.colcon_core.package_identification:_identify(python_sim) by extension 'colcon_pkg'
[0.116s] Level 1:colcon.colcon_core.package_identification:_identify(python_sim) by extensions ['colcon_meta']
[0.116s] Level 1:colcon.colcon_core.package_identification:_identify(python_sim) by extension 'colcon_meta'
[0.116s] Level 1:colcon.colcon_core.package_identification:_identify(python_sim) by extensions ['ros']
[0.116s] Level 1:colcon.colcon_core.package_identification:_identify(python_sim) by extension 'ros'
[0.116s] Level 1:colcon.colcon_core.package_identification:_identify(python_sim) by extensions ['cmake', 'python']
[0.116s] Level 1:colcon.colcon_core.package_identification:_identify(python_sim) by extension 'cmake'
[0.116s] Level 1:colcon.colcon_core.package_identification:_identify(python_sim) by extension 'python'
[0.116s] Level 1:colcon.colcon_core.package_identification:_identify(python_sim) by extensions ['python_setup_py']
[0.116s] Level 1:colcon.colcon_core.package_identification:_identify(python_sim) by extension 'python_setup_py'
[0.116s] Level 1:colcon.colcon_core.package_identification:_identify(python_sim/__pycache__) by extensions ['ignore', 'ignore_ament_install']
[0.116s] Level 1:colcon.colcon_core.package_identification:_identify(python_sim/__pycache__) by extension 'ignore'
[0.116s] Level 1:colcon.colcon_core.package_identification:_identify(python_sim/__pycache__) by extension 'ignore_ament_install'
[0.116s] Level 1:colcon.colcon_core.package_identification:_identify(python_sim/__pycache__) by extensions ['colcon_pkg']
[0.116s] Level 1:colcon.colcon_core.package_identification:_identify(python_sim/__pycache__) by extension 'colcon_pkg'
[0.116s] Level 1:colcon.colcon_core.package_identification:_identify(python_sim/__pycache__) by extensions ['colcon_meta']
[0.116s] Level 1:colcon.colcon_core.package_identification:_identify(python_sim/__pycache__) by extension 'colcon_meta'
[0.116s] Level 1:colcon.colcon_core.package_identification:_identify(python_sim/__pycache__) by extensions ['ros']
[0.116s] Level 1:colcon.colcon_core.package_identification:_identify(python_sim/__pycache__) by extension 'ros'
[0.116s] Level 1:colcon.colcon_core.package_identification:_identify(python_sim/__pycache__) by extensions ['cmake', 'python']
[0.116s] Level 1:colcon.colcon_core.package_identification:_identify(python_sim/__pycache__) by extension 'cmake'
[0.116s] Level 1:colcon.colcon_core.package_identification:_identify(python_sim/__pycache__) by extension 'python'
[0.116s] Level 1:colcon.colcon_core.package_identification:_identify(python_sim/__pycache__) by extensions ['python_setup_py']
[0.116s] Level 1:colcon.colcon_core.package_identification:_identify(python_sim/__pycache__) by extension 'python_setup_py'
[0.116s] Level 1:colcon.colcon_core.package_identification:_identify(python_sim/localization) by extensions ['ignore', 'ignore_ament_install']
[0.117s] Level 1:colcon.colcon_core.package_identification:_identify(python_sim/localization) by extension 'ignore'
[0.117s] Level 1:colcon.colcon_core.package_identification:_identify(python_sim/localization) by extension 'ignore_ament_install'
[0.117s] Level 1:colcon.colcon_core.package_identification:_identify(python_sim/localization) by extensions ['colcon_pkg']
[0.117s] Level 1:colcon.colcon_core.package_identification:_identify(python_sim/localization) by extension 'colcon_pkg'
[0.117s] Level 1:colcon.colcon_core.package_identification:_identify(python_sim/localization) by extensions ['colcon_meta']
[0.117s] Level 1:colcon.colcon_core.package_identification:_identify(python_sim/localization) by extension 'colcon_meta'
[0.117s] Level 1:colcon.colcon_core.package_identification:_identify(python_sim/localization) by extensions ['ros']
[0.117s] Level 1:colcon.colcon_core.package_identification:_identify(python_sim/localization) by extension 'ros'
[0.117s] Level 1:colcon.colcon_core.package_identification:_identify(python_sim/localization) by extensions ['cmake', 'python']
[0.117s] Level 1:colcon.colcon_core.package_identification:_identify(python_sim/localization) by extension 'cmake'
[0.117s] Level 1:colcon.colcon_core.package_identification:_identify(python_sim/localization) by extension 'python'
[0.117s] Level 1:colcon.colcon_core.package_identification:_identify(python_sim/localization) by extensions ['python_setup_py']
[0.117s] Level 1:colcon.colcon_core.package_identification:_identify(python_sim/localization) by extension 'python_setup_py'
[0.117s] Level 1:colcon.colcon_core.package_identification:_identify(python_sim/localization/__pycache__) by extensions ['ignore', 'ignore_ament_install']
[0.117s] Level 1:colcon.colcon_core.package_identification:_identify(python_sim/localization/__pycache__) by extension 'ignore'
[0.117s] Level 1:colcon.colcon_core.package_identification:_identify(python_sim/localization/__pycache__) by extension 'ignore_ament_install'
[0.117s] Level 1:colcon.colcon_core.package_identification:_identify(python_sim/localization/__pycache__) by extensions ['colcon_pkg']
[0.117s] Level 1:colcon.colcon_core.package_identification:_identify(python_sim/localization/__pycache__) by extension 'colcon_pkg'
[0.117s] Level 1:colcon.colcon_core.package_identification:_identify(python_sim/localization/__pycache__) by extensions ['colcon_meta']
[0.117s] Level 1:colcon.colcon_core.package_identification:_identify(python_sim/localization/__pycache__) by extension 'colcon_meta'
[0.117s] Level 1:colcon.colcon_core.package_identification:_identify(python_sim/localization/__pycache__) by extensions ['ros']
[0.117s] Level 1:colcon.colcon_core.package_identification:_identify(python_sim/localization/__pycache__) by extension 'ros'
[0.117s] Level 1:colcon.colcon_core.package_identification:_identify(python_sim/localization/__pycache__) by extensions ['cmake', 'python']
[0.117s] Level 1:colcon.colcon_core.package_identification:_identify(python_sim/localization/__pycache__) by extension 'cmake'
[0.117s] Level 1:colcon.colcon_core.package_identification:_identify(python_sim/localization/__pycache__) by extension 'python'
[0.117s] Level 1:colcon.colcon_core.package_identification:_identify(python_sim/localization/__pycache__) by extensions ['python_setup_py']
[0.117s] Level 1:colcon.colcon_core.package_identification:_identify(python_sim/localization/__pycache__) by extension 'python_setup_py'
[0.117s] Level 1:colcon.colcon_core.package_identification:_identify(python_sim/test) by extensions ['ignore', 'ignore_ament_install']
[0.117s] Level 1:colcon.colcon_core.package_identification:_identify(python_sim/test) by extension 'ignore'
[0.117s] Level 1:colcon.colcon_core.package_identification:_identify(python_sim/test) by extension 'ignore_ament_install'
[0.117s] Level 1:colcon.colcon_core.package_identification:_identify(python_sim/test) by extensions ['colcon_pkg']
[0.117s] Level 1:colcon.colcon_core.package_identification:_identify(python_sim/test) by extension 'colcon_pkg'
[0.117s] Level 1:colcon.colcon_core.package_identification:_identify(python_sim/test) by extensions ['colcon_meta']
[0.117s] Level 1:colcon.colcon_core.package_identification:_identify(python_sim/test) by extension 'colcon_meta'
[0.118s] Level 1:colcon.colcon_core.package_identification:_identify(python_sim/test) by extensions ['ros']
[0.118s] Level 1:colcon.colcon_core.package_identification:_identify(python_sim/test) by extension 'ros'
[0.118s] Level 1:colcon.colcon_core.package_identification:_identify(python_sim/test) by extensions ['cmake', 'python']
[0.118s] Level 1:colcon.colcon_core.package_identification:_identify(python_sim/test) by extension 'cmake'
[0.118s] Level 1:colcon.colcon_core.package_identification:_identify(python_sim/test) by extension 'python'
[0.118s] Level 1:colcon.colcon_core.package_identification:_identify(python_sim/test) by extensions ['python_setup_py']
[0.118s] Level 1:colcon.colcon_core.package_identification:_identify(python_sim/test) by extension 'python_setup_py'
[0.118s] Level 1:colcon.colcon_core.package_identification:_identify(python_sim/vision) by extensions ['ignore', 'ignore_ament_install']
[0.118s] Level 1:colcon.colcon_core.package_identification:_identify(python_sim/vision) by extension 'ignore'
[0.118s] Level 1:colcon.colcon_core.package_identification:_identify(python_sim/vision) by extension 'ignore_ament_install'
[0.118s] Level 1:colcon.colcon_core.package_identification:_identify(python_sim/vision) by extensions ['colcon_pkg']
[0.118s] Level 1:colcon.colcon_core.package_identification:_identify(python_sim/vision) by extension 'colcon_pkg'
[0.118s] Level 1:colcon.colcon_core.package_identification:_identify(python_sim/vision) by extensions ['colcon_meta']
[0.118s] Level 1:colcon.colcon_core.package_identification:_identify(python_sim/vision) by extension 'colcon_meta'
[0.118s] Level 1:colcon.colcon_core.package_identification:_identify(python_sim/vision) by extensions ['ros']
[0.118s] Level 1:colcon.colcon_core.package_identification:_identify(python_sim/vision) by extension 'ros'
[0.118s] Level 1:colcon.colcon_core.package_identification:_identify(python_sim/vision) by extensions ['cmake', 'python']
[0.118s] Level 1:colcon.colcon_core.package_identification:_identify(python_sim/vision) by extension 'cmake'
[0.118s] Level 1:colcon.colcon_core.package_identification:_identify(python_sim/vision) by extension 'python'
[0.118s] Level 1:colcon.colcon_core.package_identification:_identify(python_sim/vision) by extensions ['python_setup_py']
[0.118s] Level 1:colcon.colcon_core.package_identification:_identify(python_sim/vision) by extension 'python_setup_py'
[0.118s] Level 1:colcon.colcon_core.package_identification:_identify(python_sim/vision/aruco_library) by extensions ['ignore', 'ignore_ament_install']
[0.118s] Level 1:colcon.colcon_core.package_identification:_identify(python_sim/vision/aruco_library) by extension 'ignore'
[0.118s] Level 1:colcon.colcon_core.package_identification:_identify(python_sim/vision/aruco_library) by extension 'ignore_ament_install'
[0.118s] Level 1:colcon.colcon_core.package_identification:_identify(python_sim/vision/aruco_library) by extensions ['colcon_pkg']
[0.118s] Level 1:colcon.colcon_core.package_identification:_identify(python_sim/vision/aruco_library) by extension 'colcon_pkg'
[0.118s] Level 1:colcon.colcon_core.package_identification:_identify(python_sim/vision/aruco_library) by extensions ['colcon_meta']
[0.118s] Level 1:colcon.colcon_core.package_identification:_identify(python_sim/vision/aruco_library) by extension 'colcon_meta'
[0.118s] Level 1:colcon.colcon_core.package_identification:_identify(python_sim/vision/aruco_library) by extensions ['ros']
[0.118s] Level 1:colcon.colcon_core.package_identification:_identify(python_sim/vision/aruco_library) by extension 'ros'
[0.119s] Level 1:colcon.colcon_core.package_identification:_identify(python_sim/vision/aruco_library) by extensions ['cmake', 'python']
[0.119s] Level 1:colcon.colcon_core.package_identification:_identify(python_sim/vision/aruco_library) by extension 'cmake'
[0.119s] Level 1:colcon.colcon_core.package_identification:_identify(python_sim/vision/aruco_library) by extension 'python'
[0.119s] Level 1:colcon.colcon_core.package_identification:_identify(python_sim/vision/aruco_library) by extensions ['python_setup_py']
[0.119s] Level 1:colcon.colcon_core.package_identification:_identify(python_sim/vision/aruco_library) by extension 'python_setup_py'
[0.119s] Level 1:colcon.colcon_core.package_identification:_identify(python_sim/vision/test_videos) by extensions ['ignore', 'ignore_ament_install']
[0.119s] Level 1:colcon.colcon_core.package_identification:_identify(python_sim/vision/test_videos) by extension 'ignore'
[0.119s] Level 1:colcon.colcon_core.package_identification:_identify(python_sim/vision/test_videos) by extension 'ignore_ament_install'
[0.119s] Level 1:colcon.colcon_core.package_identification:_identify(python_sim/vision/test_videos) by extensions ['colcon_pkg']
[0.119s] Level 1:colcon.colcon_core.package_identification:_identify(python_sim/vision/test_videos) by extension 'colcon_pkg'
[0.119s] Level 1:colcon.colcon_core.package_identification:_identify(python_sim/vision/test_videos) by extensions ['colcon_meta']
[0.119s] Level 1:colcon.colcon_core.package_identification:_identify(python_sim/vision/test_videos) by extension 'colcon_meta'
[0.119s] Level 1:colcon.colcon_core.package_identification:_identify(python_sim/vision/test_videos) by extensions ['ros']
[0.119s] Level 1:colcon.colcon_core.package_identification:_identify(python_sim/vision/test_videos) by extension 'ros'
[0.119s] Level 1:colcon.colcon_core.package_identification:_identify(python_sim/vision/test_videos) by extensions ['cmake', 'python']
[0.119s] Level 1:colcon.colcon_core.package_identification:_identify(python_sim/vision/test_videos) by extension 'cmake'
[0.119s] Level 1:colcon.colcon_core.package_identification:_identify(python_sim/vision/test_videos) by extension 'python'
[0.119s] Level 1:colcon.colcon_core.package_identification:_identify(python_sim/vision/test_videos) by extensions ['python_setup_py']
[0.119s] Level 1:colcon.colcon_core.package_identification:_identify(python_sim/vision/test_videos) by extension 'python_setup_py'
[0.119s] Level 1:colcon.colcon_core.package_identification:_identify(ros2_ws) by extensions ['ignore', 'ignore_ament_install']
[0.119s] Level 1:colcon.colcon_core.package_identification:_identify(ros2_ws) by extension 'ignore'
[0.119s] Level 1:colcon.colcon_core.package_identification:_identify(ros2_ws) by extension 'ignore_ament_install'
[0.119s] Level 1:colcon.colcon_core.package_identification:_identify(ros2_ws) by extensions ['colcon_pkg']
[0.119s] Level 1:colcon.colcon_core.package_identification:_identify(ros2_ws) by extension 'colcon_pkg'
[0.119s] Level 1:colcon.colcon_core.package_identification:_identify(ros2_ws) by extensions ['colcon_meta']
[0.119s] Level 1:colcon.colcon_core.package_identification:_identify(ros2_ws) by extension 'colcon_meta'
[0.119s] Level 1:colcon.colcon_core.package_identification:_identify(ros2_ws) by extensions ['ros']
[0.119s] Level 1:colcon.colcon_core.package_identification:_identify(ros2_ws) by extension 'ros'
[0.119s] Level 1:colcon.colcon_core.package_identification:_identify(ros2_ws) by extensions ['cmake', 'python']
[0.119s] Level 1:colcon.colcon_core.package_identification:_identify(ros2_ws) by extension 'cmake'
[0.119s] Level 1:colcon.colcon_core.package_identification:_identify(ros2_ws) by extension 'python'
[0.119s] Level 1:colcon.colcon_core.package_identification:_identify(ros2_ws) by extensions ['python_setup_py']
[0.119s] Level 1:colcon.colcon_core.package_identification:_identify(ros2_ws) by extension 'python_setup_py'
[0.120s] Level 1:colcon.colcon_core.package_identification:_identify(ros2_ws/build) by extensions ['ignore', 'ignore_ament_install']
[0.120s] Level 1:colcon.colcon_core.package_identification:_identify(ros2_ws/build) by extension 'ignore'
[0.120s] Level 1:colcon.colcon_core.package_identification:_identify(ros2_ws/build) ignored
[0.120s] Level 1:colcon.colcon_core.package_identification:_identify(ros2_ws/csv_data) by extensions ['ignore', 'ignore_ament_install']
[0.120s] Level 1:colcon.colcon_core.package_identification:_identify(ros2_ws/csv_data) by extension 'ignore'
[0.120s] Level 1:colcon.colcon_core.package_identification:_identify(ros2_ws/csv_data) by extension 'ignore_ament_install'
[0.120s] Level 1:colcon.colcon_core.package_identification:_identify(ros2_ws/csv_data) by extensions ['colcon_pkg']
[0.120s] Level 1:colcon.colcon_core.package_identification:_identify(ros2_ws/csv_data) by extension 'colcon_pkg'
[0.120s] Level 1:colcon.colcon_core.package_identification:_identify(ros2_ws/csv_data) by extensions ['colcon_meta']
[0.120s] Level 1:colcon.colcon_core.package_identification:_identify(ros2_ws/csv_data) by extension 'colcon_meta'
[0.120s] Level 1:colcon.colcon_core.package_identification:_identify(ros2_ws/csv_data) by extensions ['ros']
[0.120s] Level 1:colcon.colcon_core.package_identification:_identify(ros2_ws/csv_data) by extension 'ros'
[0.120s] Level 1:colcon.colcon_core.package_identification:_identify(ros2_ws/csv_data) by extensions ['cmake', 'python']
[0.120s] Level 1:colcon.colcon_core.package_identification:_identify(ros2_ws/csv_data) by extension 'cmake'
[0.120s] Level 1:colcon.colcon_core.package_identification:_identify(ros2_ws/csv_data) by extension 'python'
[0.120s] Level 1:colcon.colcon_core.package_identification:_identify(ros2_ws/csv_data) by extensions ['python_setup_py']
[0.120s] Level 1:colcon.colcon_core.package_identification:_identify(ros2_ws/csv_data) by extension 'python_setup_py'
[0.120s] Level 1:colcon.colcon_core.package_identification:_identify(ros2_ws/csv_data/__pycache__) by extensions ['ignore', 'ignore_ament_install']
[0.120s] Level 1:colcon.colcon_core.package_identification:_identify(ros2_ws/csv_data/__pycache__) by extension 'ignore'
[0.120s] Level 1:colcon.colcon_core.package_identification:_identify(ros2_ws/csv_data/__pycache__) by extension 'ignore_ament_install'
[0.120s] Level 1:colcon.colcon_core.package_identification:_identify(ros2_ws/csv_data/__pycache__) by extensions ['colcon_pkg']
[0.120s] Level 1:colcon.colcon_core.package_identification:_identify(ros2_ws/csv_data/__pycache__) by extension 'colcon_pkg'
[0.120s] Level 1:colcon.colcon_core.package_identification:_identify(ros2_ws/csv_data/__pycache__) by extensions ['colcon_meta']
[0.120s] Level 1:colcon.colcon_core.package_identification:_identify(ros2_ws/csv_data/__pycache__) by extension 'colcon_meta'
[0.120s] Level 1:colcon.colcon_core.package_identification:_identify(ros2_ws/csv_data/__pycache__) by extensions ['ros']
[0.120s] Level 1:colcon.colcon_core.package_identification:_identify(ros2_ws/csv_data/__pycache__) by extension 'ros'
[0.120s] Level 1:colcon.colcon_core.package_identification:_identify(ros2_ws/csv_data/__pycache__) by extensions ['cmake', 'python']
[0.120s] Level 1:colcon.colcon_core.package_identification:_identify(ros2_ws/csv_data/__pycache__) by extension 'cmake'
[0.120s] Level 1:colcon.colcon_core.package_identification:_identify(ros2_ws/csv_data/__pycache__) by extension 'python'
[0.120s] Level 1:colcon.colcon_core.package_identification:_identify(ros2_ws/csv_data/__pycache__) by extensions ['python_setup_py']
[0.120s] Level 1:colcon.colcon_core.package_identification:_identify(ros2_ws/csv_data/__pycache__) by extension 'python_setup_py'
[0.121s] Level 1:colcon.colcon_core.package_identification:_identify(ros2_ws/install) by extensions ['ignore', 'ignore_ament_install']
[0.121s] Level 1:colcon.colcon_core.package_identification:_identify(ros2_ws/install) by extension 'ignore'
[0.121s] Level 1:colcon.colcon_core.package_identification:_identify(ros2_ws/install) ignored
[0.121s] Level 1:colcon.colcon_core.package_identification:_identify(ros2_ws/launch) by extensions ['ignore', 'ignore_ament_install']
[0.121s] Level 1:colcon.colcon_core.package_identification:_identify(ros2_ws/launch) by extension 'ignore'
[0.121s] Level 1:colcon.colcon_core.package_identification:_identify(ros2_ws/launch) by extension 'ignore_ament_install'
[0.121s] Level 1:colcon.colcon_core.package_identification:_identify(ros2_ws/launch) by extensions ['colcon_pkg']
[0.121s] Level 1:colcon.colcon_core.package_identification:_identify(ros2_ws/launch) by extension 'colcon_pkg'
[0.121s] Level 1:colcon.colcon_core.package_identification:_identify(ros2_ws/launch) by extensions ['colcon_meta']
[0.121s] Level 1:colcon.colcon_core.package_identification:_identify(ros2_ws/launch) by extension 'colcon_meta'
[0.121s] Level 1:colcon.colcon_core.package_identification:_identify(ros2_ws/launch) by extensions ['ros']
[0.121s] Level 1:colcon.colcon_core.package_identification:_identify(ros2_ws/launch) by extension 'ros'
[0.121s] Level 1:colcon.colcon_core.package_identification:_identify(ros2_ws/launch) by extensions ['cmake', 'python']
[0.121s] Level 1:colcon.colcon_core.package_identification:_identify(ros2_ws/launch) by extension 'cmake'
[0.121s] Level 1:colcon.colcon_core.package_identification:_identify(ros2_ws/launch) by extension 'python'
[0.121s] Level 1:colcon.colcon_core.package_identification:_identify(ros2_ws/launch) by extensions ['python_setup_py']
[0.121s] Level 1:colcon.colcon_core.package_identification:_identify(ros2_ws/launch) by extension 'python_setup_py'
[0.121s] Level 1:colcon.colcon_core.package_identification:_identify(ros2_ws/launch/__pycache__) by extensions ['ignore', 'ignore_ament_install']
[0.121s] Level 1:colcon.colcon_core.package_identification:_identify(ros2_ws/launch/__pycache__) by extension 'ignore'
[0.121s] Level 1:colcon.colcon_core.package_identification:_identify(ros2_ws/launch/__pycache__) by extension 'ignore_ament_install'
[0.121s] Level 1:colcon.colcon_core.package_identification:_identify(ros2_ws/launch/__pycache__) by extensions ['colcon_pkg']
[0.121s] Level 1:colcon.colcon_core.package_identification:_identify(ros2_ws/launch/__pycache__) by extension 'colcon_pkg'
[0.121s] Level 1:colcon.colcon_core.package_identification:_identify(ros2_ws/launch/__pycache__) by extensions ['colcon_meta']
[0.121s] Level 1:colcon.colcon_core.package_identification:_identify(ros2_ws/launch/__pycache__) by extension 'colcon_meta'
[0.121s] Level 1:colcon.colcon_core.package_identification:_identify(ros2_ws/launch/__pycache__) by extensions ['ros']
[0.121s] Level 1:colcon.colcon_core.package_identification:_identify(ros2_ws/launch/__pycache__) by extension 'ros'
[0.121s] Level 1:colcon.colcon_core.package_identification:_identify(ros2_ws/launch/__pycache__) by extensions ['cmake', 'python']
[0.121s] Level 1:colcon.colcon_core.package_identification:_identify(ros2_ws/launch/__pycache__) by extension 'cmake'
[0.121s] Level 1:colcon.colcon_core.package_identification:_identify(ros2_ws/launch/__pycache__) by extension 'python'
[0.121s] Level 1:colcon.colcon_core.package_identification:_identify(ros2_ws/launch/__pycache__) by extensions ['python_setup_py']
[0.121s] Level 1:colcon.colcon_core.package_identification:_identify(ros2_ws/launch/__pycache__) by extension 'python_setup_py'
[0.122s] Level 1:colcon.colcon_core.package_identification:_identify(ros2_ws/log) by extensions ['ignore', 'ignore_ament_install']
[0.122s] Level 1:colcon.colcon_core.package_identification:_identify(ros2_ws/log) by extension 'ignore'
[0.122s] Level 1:colcon.colcon_core.package_identification:_identify(ros2_ws/log) ignored
[0.122s] Level 1:colcon.colcon_core.package_identification:_identify(ros2_ws/src) by extensions ['ignore', 'ignore_ament_install']
[0.122s] Level 1:colcon.colcon_core.package_identification:_identify(ros2_ws/src) by extension 'ignore'
[0.122s] Level 1:colcon.colcon_core.package_identification:_identify(ros2_ws/src) by extension 'ignore_ament_install'
[0.122s] Level 1:colcon.colcon_core.package_identification:_identify(ros2_ws/src) by extensions ['colcon_pkg']
[0.122s] Level 1:colcon.colcon_core.package_identification:_identify(ros2_ws/src) by extension 'colcon_pkg'
[0.122s] Level 1:colcon.colcon_core.package_identification:_identify(ros2_ws/src) by extensions ['colcon_meta']
[0.122s] Level 1:colcon.colcon_core.package_identification:_identify(ros2_ws/src) by extension 'colcon_meta'
[0.122s] Level 1:colcon.colcon_core.package_identification:_identify(ros2_ws/src) by extensions ['ros']
[0.122s] Level 1:colcon.colcon_core.package_identification:_identify(ros2_ws/src) by extension 'ros'
[0.122s] Level 1:colcon.colcon_core.package_identification:_identify(ros2_ws/src) by extensions ['cmake', 'python']
[0.122s] Level 1:colcon.colcon_core.package_identification:_identify(ros2_ws/src) by extension 'cmake'
[0.122s] Level 1:colcon.colcon_core.package_identification:_identify(ros2_ws/src) by extension 'python'
[0.122s] Level 1:colcon.colcon_core.package_identification:_identify(ros2_ws/src) by extensions ['python_setup_py']
[0.122s] Level 1:colcon.colcon_core.package_identification:_identify(ros2_ws/src) by extension 'python_setup_py'
[0.122s] Level 1:colcon.colcon_core.package_identification:_identify(ros2_ws/src/image_transport_plugins) by extensions ['ignore', 'ignore_ament_install']
[0.122s] Level 1:colcon.colcon_core.package_identification:_identify(ros2_ws/src/image_transport_plugins) by extension 'ignore'
[0.122s] Level 1:colcon.colcon_core.package_identification:_identify(ros2_ws/src/image_transport_plugins) by extension 'ignore_ament_install'
[0.122s] Level 1:colcon.colcon_core.package_identification:_identify(ros2_ws/src/image_transport_plugins) by extensions ['colcon_pkg']
[0.122s] Level 1:colcon.colcon_core.package_identification:_identify(ros2_ws/src/image_transport_plugins) by extension 'colcon_pkg'
[0.122s] Level 1:colcon.colcon_core.package_identification:_identify(ros2_ws/src/image_transport_plugins) by extensions ['colcon_meta']
[0.122s] Level 1:colcon.colcon_core.package_identification:_identify(ros2_ws/src/image_transport_plugins) by extension 'colcon_meta'
[0.122s] Level 1:colcon.colcon_core.package_identification:_identify(ros2_ws/src/image_transport_plugins) by extensions ['ros']
[0.122s] Level 1:colcon.colcon_core.package_identification:_identify(ros2_ws/src/image_transport_plugins) by extension 'ros'
[0.122s] Level 1:colcon.colcon_core.package_identification:_identify(ros2_ws/src/image_transport_plugins) by extensions ['cmake', 'python']
[0.122s] Level 1:colcon.colcon_core.package_identification:_identify(ros2_ws/src/image_transport_plugins) by extension 'cmake'
[0.122s] Level 1:colcon.colcon_core.package_identification:_identify(ros2_ws/src/image_transport_plugins) by extension 'python'
[0.122s] Level 1:colcon.colcon_core.package_identification:_identify(ros2_ws/src/image_transport_plugins) by extensions ['python_setup_py']
[0.122s] Level 1:colcon.colcon_core.package_identification:_identify(ros2_ws/src/image_transport_plugins) by extension 'python_setup_py'
[0.123s] Level 1:colcon.colcon_core.package_identification:_identify(ros2_ws/src/image_transport_plugins/compressed_depth_image_transport) by extensions ['ignore', 'ignore_ament_install']
[0.123s] Level 1:colcon.colcon_core.package_identification:_identify(ros2_ws/src/image_transport_plugins/compressed_depth_image_transport) by extension 'ignore'
[0.123s] Level 1:colcon.colcon_core.package_identification:_identify(ros2_ws/src/image_transport_plugins/compressed_depth_image_transport) by extension 'ignore_ament_install'
[0.123s] Level 1:colcon.colcon_core.package_identification:_identify(ros2_ws/src/image_transport_plugins/compressed_depth_image_transport) by extensions ['colcon_pkg']
[0.123s] Level 1:colcon.colcon_core.package_identification:_identify(ros2_ws/src/image_transport_plugins/compressed_depth_image_transport) by extension 'colcon_pkg'
[0.123s] Level 1:colcon.colcon_core.package_identification:_identify(ros2_ws/src/image_transport_plugins/compressed_depth_image_transport) by extensions ['colcon_meta']
[0.123s] Level 1:colcon.colcon_core.package_identification:_identify(ros2_ws/src/image_transport_plugins/compressed_depth_image_transport) by extension 'colcon_meta'
[0.123s] Level 1:colcon.colcon_core.package_identification:_identify(ros2_ws/src/image_transport_plugins/compressed_depth_image_transport) by extensions ['ros']
[0.123s] Level 1:colcon.colcon_core.package_identification:_identify(ros2_ws/src/image_transport_plugins/compressed_depth_image_transport) by extension 'ros'
[0.125s] DEBUG:colcon.colcon_core.package_identification:Package 'ros2_ws/src/image_transport_plugins/compressed_depth_image_transport' with type 'ros.ament_cmake' and name 'compressed_depth_image_transport'
[0.125s] Level 1:colcon.colcon_core.package_identification:_identify(ros2_ws/src/image_transport_plugins/compressed_image_transport) by extensions ['ignore', 'ignore_ament_install']
[0.125s] Level 1:colcon.colcon_core.package_identification:_identify(ros2_ws/src/image_transport_plugins/compressed_image_transport) by extension 'ignore'
[0.125s] Level 1:colcon.colcon_core.package_identification:_identify(ros2_ws/src/image_transport_plugins/compressed_image_transport) by extension 'ignore_ament_install'
[0.125s] Level 1:colcon.colcon_core.package_identification:_identify(ros2_ws/src/image_transport_plugins/compressed_image_transport) by extensions ['colcon_pkg']
[0.125s] Level 1:colcon.colcon_core.package_identification:_identify(ros2_ws/src/image_transport_plugins/compressed_image_transport) by extension 'colcon_pkg'
[0.125s] Level 1:colcon.colcon_core.package_identification:_identify(ros2_ws/src/image_transport_plugins/compressed_image_transport) by extensions ['colcon_meta']
[0.125s] Level 1:colcon.colcon_core.package_identification:_identify(ros2_ws/src/image_transport_plugins/compressed_image_transport) by extension 'colcon_meta'
[0.125s] Level 1:colcon.colcon_core.package_identification:_identify(ros2_ws/src/image_transport_plugins/compressed_image_transport) by extensions ['ros']
[0.125s] Level 1:colcon.colcon_core.package_identification:_identify(ros2_ws/src/image_transport_plugins/compressed_image_transport) by extension 'ros'
[0.125s] DEBUG:colcon.colcon_core.package_identification:Package 'ros2_ws/src/image_transport_plugins/compressed_image_transport' with type 'ros.ament_cmake' and name 'compressed_image_transport'
[0.126s] Level 1:colcon.colcon_core.package_identification:_identify(ros2_ws/src/image_transport_plugins/image_transport_plugins) by extensions ['ignore', 'ignore_ament_install']
[0.126s] Level 1:colcon.colcon_core.package_identification:_identify(ros2_ws/src/image_transport_plugins/image_transport_plugins) by extension 'ignore'
[0.126s] Level 1:colcon.colcon_core.package_identification:_identify(ros2_ws/src/image_transport_plugins/image_transport_plugins) by extension 'ignore_ament_install'
[0.126s] Level 1:colcon.colcon_core.package_identification:_identify(ros2_ws/src/image_transport_plugins/image_transport_plugins) by extensions ['colcon_pkg']
[0.126s] Level 1:colcon.colcon_core.package_identification:_identify(ros2_ws/src/image_transport_plugins/image_transport_plugins) by extension 'colcon_pkg'
[0.126s] Level 1:colcon.colcon_core.package_identification:_identify(ros2_ws/src/image_transport_plugins/image_transport_plugins) by extensions ['colcon_meta']
[0.126s] Level 1:colcon.colcon_core.package_identification:_identify(ros2_ws/src/image_transport_plugins/image_transport_plugins) by extension 'colcon_meta'
[0.126s] Level 1:colcon.colcon_core.package_identification:_identify(ros2_ws/src/image_transport_plugins/image_transport_plugins) by extensions ['ros']
[0.126s] Level 1:colcon.colcon_core.package_identification:_identify(ros2_ws/src/image_transport_plugins/image_transport_plugins) by extension 'ros'
[0.126s] DEBUG:colcon.colcon_core.package_identification:Package 'ros2_ws/src/image_transport_plugins/image_transport_plugins' with type 'ros.ament_cmake' and name 'image_transport_plugins'
[0.126s] Level 1:colcon.colcon_core.package_identification:_identify(ros2_ws/src/image_transport_plugins/theora_image_transport) by extensions ['ignore', 'ignore_ament_install']
[0.126s] Level 1:colcon.colcon_core.package_identification:_identify(ros2_ws/src/image_transport_plugins/theora_image_transport) by extension 'ignore'
[0.126s] Level 1:colcon.colcon_core.package_identification:_identify(ros2_ws/src/image_transport_plugins/theora_image_transport) by extension 'ignore_ament_install'
[0.126s] Level 1:colcon.colcon_core.package_identification:_identify(ros2_ws/src/image_transport_plugins/theora_image_transport) by extensions ['colcon_pkg']
[0.126s] Level 1:colcon.colcon_core.package_identification:_identify(ros2_ws/src/image_transport_plugins/theora_image_transport) by extension 'colcon_pkg'
[0.126s] Level 1:colcon.colcon_core.package_identification:_identify(ros2_ws/src/image_transport_plugins/theora_image_transport) by extensions ['colcon_meta']
[0.126s] Level 1:colcon.colcon_core.package_identification:_identify(ros2_ws/src/image_transport_plugins/theora_image_transport) by extension 'colcon_meta'
[0.126s] Level 1:colcon.colcon_core.package_identification:_identify(ros2_ws/src/image_transport_plugins/theora_image_transport) by extensions ['ros']
[0.126s] Level 1:colcon.colcon_core.package_identification:_identify(ros2_ws/src/image_transport_plugins/theora_image_transport) by extension 'ros'
[0.127s] DEBUG:colcon.colcon_core.package_identification:Package 'ros2_ws/src/image_transport_plugins/theora_image_transport' with type 'ros.ament_cmake' and name 'theora_image_transport'
[0.127s] Level 1:colcon.colcon_core.package_identification:_identify(ros2_ws/src/image_transport_plugins/zstd_image_transport) by extensions ['ignore', 'ignore_ament_install']
[0.127s] Level 1:colcon.colcon_core.package_identification:_identify(ros2_ws/src/image_transport_plugins/zstd_image_transport) by extension 'ignore'
[0.127s] Level 1:colcon.colcon_core.package_identification:_identify(ros2_ws/src/image_transport_plugins/zstd_image_transport) by extension 'ignore_ament_install'
[0.127s] Level 1:colcon.colcon_core.package_identification:_identify(ros2_ws/src/image_transport_plugins/zstd_image_transport) by extensions ['colcon_pkg']
[0.128s] Level 1:colcon.colcon_core.package_identification:_identify(ros2_ws/src/image_transport_plugins/zstd_image_transport) by extension 'colcon_pkg'
[0.128s] Level 1:colcon.colcon_core.package_identification:_identify(ros2_ws/src/image_transport_plugins/zstd_image_transport) by extensions ['colcon_meta']
[0.128s] Level 1:colcon.colcon_core.package_identification:_identify(ros2_ws/src/image_transport_plugins/zstd_image_transport) by extension 'colcon_meta'
[0.128s] Level 1:colcon.colcon_core.package_identification:_identify(ros2_ws/src/image_transport_plugins/zstd_image_transport) by extensions ['ros']
[0.128s] Level 1:colcon.colcon_core.package_identification:_identify(ros2_ws/src/image_transport_plugins/zstd_image_transport) by extension 'ros'
[0.128s] Level 1:colcon.colcon_core.package_identification:_identify(ros2_ws/src/image_transport_plugins/zstd_image_transport) by extensions ['cmake', 'python']
[0.128s] Level 1:colcon.colcon_core.package_identification:_identify(ros2_ws/src/image_transport_plugins/zstd_image_transport) by extension 'cmake'
[0.128s] Level 1:colcon.colcon_core.package_identification:_identify(ros2_ws/src/image_transport_plugins/zstd_image_transport) by extension 'python'
[0.128s] Level 1:colcon.colcon_core.package_identification:_identify(ros2_ws/src/image_transport_plugins/zstd_image_transport) by extensions ['python_setup_py']
[0.128s] Level 1:colcon.colcon_core.package_identification:_identify(ros2_ws/src/image_transport_plugins/zstd_image_transport) by extension 'python_setup_py'
[0.128s] Level 1:colcon.colcon_core.package_identification:_identify(ros2_ws/src/image_transport_plugins/zstd_image_transport/src) by extensions ['ignore', 'ignore_ament_install']
[0.128s] Level 1:colcon.colcon_core.package_identification:_identify(ros2_ws/src/image_transport_plugins/zstd_image_transport/src) by extension 'ignore'
[0.128s] Level 1:colcon.colcon_core.package_identification:_identify(ros2_ws/src/image_transport_plugins/zstd_image_transport/src) by extension 'ignore_ament_install'
[0.128s] Level 1:colcon.colcon_core.package_identification:_identify(ros2_ws/src/image_transport_plugins/zstd_image_transport/src) by extensions ['colcon_pkg']
[0.128s] Level 1:colcon.colcon_core.package_identification:_identify(ros2_ws/src/image_transport_plugins/zstd_image_transport/src) by extension 'colcon_pkg'
[0.128s] Level 1:colcon.colcon_core.package_identification:_identify(ros2_ws/src/image_transport_plugins/zstd_image_transport/src) by extensions ['colcon_meta']
[0.128s] Level 1:colcon.colcon_core.package_identification:_identify(ros2_ws/src/image_transport_plugins/zstd_image_transport/src) by extension 'colcon_meta'
[0.128s] Level 1:colcon.colcon_core.package_identification:_identify(ros2_ws/src/image_transport_plugins/zstd_image_transport/src) by extensions ['ros']
[0.128s] Level 1:colcon.colcon_core.package_identification:_identify(ros2_ws/src/image_transport_plugins/zstd_image_transport/src) by extension 'ros'
[0.128s] Level 1:colcon.colcon_core.package_identification:_identify(ros2_ws/src/image_transport_plugins/zstd_image_transport/src) by extensions ['cmake', 'python']
[0.128s] Level 1:colcon.colcon_core.package_identification:_identify(ros2_ws/src/image_transport_plugins/zstd_image_transport/src) by extension 'cmake'
[0.128s] Level 1:colcon.colcon_core.package_identification:_identify(ros2_ws/src/image_transport_plugins/zstd_image_transport/src) by extension 'python'
[0.128s] Level 1:colcon.colcon_core.package_identification:_identify(ros2_ws/src/image_transport_plugins/zstd_image_transport/src) by extensions ['python_setup_py']
[0.128s] Level 1:colcon.colcon_core.package_identification:_identify(ros2_ws/src/image_transport_plugins/zstd_image_transport/src) by extension 'python_setup_py'
[0.128s] Level 1:colcon.colcon_core.package_identification:_identify(ros2_ws/src/limo_control) by extensions ['ignore', 'ignore_ament_install']
[0.128s] Level 1:colcon.colcon_core.package_identification:_identify(ros2_ws/src/limo_control) by extension 'ignore'
[0.128s] Level 1:colcon.colcon_core.package_identification:_identify(ros2_ws/src/limo_control) by extension 'ignore_ament_install'
[0.128s] Level 1:colcon.colcon_core.package_identification:_identify(ros2_ws/src/limo_control) by extensions ['colcon_pkg']
[0.128s] Level 1:colcon.colcon_core.package_identification:_identify(ros2_ws/src/limo_control) by extension 'colcon_pkg'
[0.128s] Level 1:colcon.colcon_core.package_identification:_identify(ros2_ws/src/limo_control) by extensions ['colcon_meta']
[0.128s] Level 1:colcon.colcon_core.package_identification:_identify(ros2_ws/src/limo_control) by extension 'colcon_meta'
[0.128s] Level 1:colcon.colcon_core.package_identification:_identify(ros2_ws/src/limo_control) by extensions ['ros']
[0.128s] Level 1:colcon.colcon_core.package_identification:_identify(ros2_ws/src/limo_control) by extension 'ros'
[0.129s] DEBUG:colcon.colcon_core.package_identification:Package 'ros2_ws/src/limo_control' with type 'ros.ament_python' and name 'limo_control'
[0.129s] Level 1:colcon.colcon_core.package_identification:_identify(ros2_ws/src/limo_description) by extensions ['ignore', 'ignore_ament_install']
[0.129s] Level 1:colcon.colcon_core.package_identification:_identify(ros2_ws/src/limo_description) by extension 'ignore'
[0.129s] Level 1:colcon.colcon_core.package_identification:_identify(ros2_ws/src/limo_description) by extension 'ignore_ament_install'
[0.129s] Level 1:colcon.colcon_core.package_identification:_identify(ros2_ws/src/limo_description) by extensions ['colcon_pkg']
[0.129s] Level 1:colcon.colcon_core.package_identification:_identify(ros2_ws/src/limo_description) by extension 'colcon_pkg'
[0.129s] Level 1:colcon.colcon_core.package_identification:_identify(ros2_ws/src/limo_description) by extensions ['colcon_meta']
[0.129s] Level 1:colcon.colcon_core.package_identification:_identify(ros2_ws/src/limo_description) by extension 'colcon_meta'
[0.129s] Level 1:colcon.colcon_core.package_identification:_identify(ros2_ws/src/limo_description) by extensions ['ros']
[0.129s] Level 1:colcon.colcon_core.package_identification:_identify(ros2_ws/src/limo_description) by extension 'ros'
[0.130s] DEBUG:colcon.colcon_core.package_identification:Package 'ros2_ws/src/limo_description' with type 'ros.ament_python' and name 'limo_description'
[0.130s] Level 1:colcon.colcon_core.package_identification:_identify(ros2_ws/src/localization) by extensions ['ignore', 'ignore_ament_install']
[0.130s] Level 1:colcon.colcon_core.package_identification:_identify(ros2_ws/src/localization) by extension 'ignore'
[0.130s] Level 1:colcon.colcon_core.package_identification:_identify(ros2_ws/src/localization) by extension 'ignore_ament_install'
[0.130s] Level 1:colcon.colcon_core.package_identification:_identify(ros2_ws/src/localization) by extensions ['colcon_pkg']
[0.130s] Level 1:colcon.colcon_core.package_identification:_identify(ros2_ws/src/localization) by extension 'colcon_pkg'
[0.130s] Level 1:colcon.colcon_core.package_identification:_identify(ros2_ws/src/localization) by extensions ['colcon_meta']
[0.130s] Level 1:colcon.colcon_core.package_identification:_identify(ros2_ws/src/localization) by extension 'colcon_meta'
[0.130s] Level 1:colcon.colcon_core.package_identification:_identify(ros2_ws/src/localization) by extensions ['ros']
[0.130s] Level 1:colcon.colcon_core.package_identification:_identify(ros2_ws/src/localization) by extension 'ros'
[0.130s] DEBUG:colcon.colcon_core.package_identification:Package 'ros2_ws/src/localization' with type 'ros.ament_python' and name 'localization'
[0.130s] Level 1:colcon.colcon_core.package_identification:_identify(ros2_ws/src/plots) by extensions ['ignore', 'ignore_ament_install']
[0.130s] Level 1:colcon.colcon_core.package_identification:_identify(ros2_ws/src/plots) by extension 'ignore'
[0.130s] Level 1:colcon.colcon_core.package_identification:_identify(ros2_ws/src/plots) by extension 'ignore_ament_install'
[0.130s] Level 1:colcon.colcon_core.package_identification:_identify(ros2_ws/src/plots) by extensions ['colcon_pkg']
[0.130s] Level 1:colcon.colcon_core.package_identification:_identify(ros2_ws/src/plots) by extension 'colcon_pkg'
[0.131s] Level 1:colcon.colcon_core.package_identification:_identify(ros2_ws/src/plots) by extensions ['colcon_meta']
[0.131s] Level 1:colcon.colcon_core.package_identification:_identify(ros2_ws/src/plots) by extension 'colcon_meta'
[0.131s] Level 1:colcon.colcon_core.package_identification:_identify(ros2_ws/src/plots) by extensions ['ros']
[0.131s] Level 1:colcon.colcon_core.package_identification:_identify(ros2_ws/src/plots) by extension 'ros'
[0.131s] DEBUG:colcon.colcon_core.package_identification:Package 'ros2_ws/src/plots' with type 'ros.ament_python' and name 'plots'
[0.131s] Level 1:colcon.colcon_core.package_identification:_identify(ros2_ws/src/project_interfaces) by extensions ['ignore', 'ignore_ament_install']
[0.131s] Level 1:colcon.colcon_core.package_identification:_identify(ros2_ws/src/project_interfaces) by extension 'ignore'
[0.131s] Level 1:colcon.colcon_core.package_identification:_identify(ros2_ws/src/project_interfaces) by extension 'ignore_ament_install'
[0.131s] Level 1:colcon.colcon_core.package_identification:_identify(ros2_ws/src/project_interfaces) by extensions ['colcon_pkg']
[0.131s] Level 1:colcon.colcon_core.package_identification:_identify(ros2_ws/src/project_interfaces) by extension 'colcon_pkg'
[0.131s] Level 1:colcon.colcon_core.package_identification:_identify(ros2_ws/src/project_interfaces) by extensions ['colcon_meta']
[0.131s] Level 1:colcon.colcon_core.package_identification:_identify(ros2_ws/src/project_interfaces) by extension 'colcon_meta'
[0.131s] Level 1:colcon.colcon_core.package_identification:_identify(ros2_ws/src/project_interfaces) by extensions ['ros']
[0.131s] Level 1:colcon.colcon_core.package_identification:_identify(ros2_ws/src/project_interfaces) by extension 'ros'
[0.131s] DEBUG:colcon.colcon_core.package_identification:Package 'ros2_ws/src/project_interfaces' with type 'ros.ament_cmake' and name 'project_interfaces'
[0.132s] Level 1:colcon.colcon_core.package_identification:_identify(ros2_ws/src/simulation) by extensions ['ignore', 'ignore_ament_install']
[0.132s] Level 1:colcon.colcon_core.package_identification:_identify(ros2_ws/src/simulation) by extension 'ignore'
[0.132s] Level 1:colcon.colcon_core.package_identification:_identify(ros2_ws/src/simulation) by extension 'ignore_ament_install'
[0.132s] Level 1:colcon.colcon_core.package_identification:_identify(ros2_ws/src/simulation) by extensions ['colcon_pkg']
[0.132s] Level 1:colcon.colcon_core.package_identification:_identify(ros2_ws/src/simulation) by extension 'colcon_pkg'
[0.132s] Level 1:colcon.colcon_core.package_identification:_identify(ros2_ws/src/simulation) by extensions ['colcon_meta']
[0.132s] Level 1:colcon.colcon_core.package_identification:_identify(ros2_ws/src/simulation) by extension 'colcon_meta'
[0.132s] Level 1:colcon.colcon_core.package_identification:_identify(ros2_ws/src/simulation) by extensions ['ros']
[0.132s] Level 1:colcon.colcon_core.package_identification:_identify(ros2_ws/src/simulation) by extension 'ros'
[0.132s] DEBUG:colcon.colcon_core.package_identification:Package 'ros2_ws/src/simulation' with type 'ros.ament_python' and name 'simulation'
[0.132s] Level 1:colcon.colcon_core.package_identification:_identify(ros2_ws/src/vision) by extensions ['ignore', 'ignore_ament_install']
[0.132s] Level 1:colcon.colcon_core.package_identification:_identify(ros2_ws/src/vision) by extension 'ignore'
[0.132s] Level 1:colcon.colcon_core.package_identification:_identify(ros2_ws/src/vision) by extension 'ignore_ament_install'
[0.132s] Level 1:colcon.colcon_core.package_identification:_identify(ros2_ws/src/vision) by extensions ['colcon_pkg']
[0.132s] Level 1:colcon.colcon_core.package_identification:_identify(ros2_ws/src/vision) by extension 'colcon_pkg'
[0.132s] Level 1:colcon.colcon_core.package_identification:_identify(ros2_ws/src/vision) by extensions ['colcon_meta']
[0.132s] Level 1:colcon.colcon_core.package_identification:_identify(ros2_ws/src/vision) by extension 'colcon_meta'
[0.132s] Level 1:colcon.colcon_core.package_identification:_identify(ros2_ws/src/vision) by extensions ['ros']
[0.132s] Level 1:colcon.colcon_core.package_identification:_identify(ros2_ws/src/vision) by extension 'ros'
[0.133s] DEBUG:colcon.colcon_core.package_identification:Package 'ros2_ws/src/vision' with type 'ros.ament_python' and name 'vision'
[0.133s] Level 1:colcon.colcon_core.package_discovery:discover_packages(recursive) using defaults
[0.133s] Level 1:colcon.colcon_core.package_discovery:discover_packages(ignore) discover
[0.133s] Level 1:colcon.colcon_core.package_discovery:discover_packages(ignore) using defaults
[0.133s] Level 1:colcon.colcon_core.package_discovery:discover_packages(path) discover
[0.133s] Level 1:colcon.colcon_core.package_discovery:discover_packages(path) using defaults
[0.149s] Level 1:colcon.colcon_core.package_discovery:discover_packages(prefix_path) check parameters
[0.149s] Level 1:colcon.colcon_core.package_discovery:discover_packages(prefix_path) discover
[0.152s] DEBUG:colcon.colcon_installed_package_information.package_discovery:Found 235 installed packages in /opt/ros/humble
[0.153s] Level 1:colcon.colcon_core.package_discovery:discover_packages(prefix_path) using defaults
[0.182s] Level 5:colcon.colcon_core.verb:set package 'compressed_depth_image_transport' build argument 'cmake_args' from command line to 'None'
[0.182s] Level 5:colcon.colcon_core.verb:set package 'compressed_depth_image_transport' build argument 'cmake_target' from command line to 'None'
[0.182s] Level 5:colcon.colcon_core.verb:set package 'compressed_depth_image_transport' build argument 'cmake_target_skip_unavailable' from command line to 'False'
[0.182s] Level 5:colcon.colcon_core.verb:set package 'compressed_depth_image_transport' build argument 'cmake_clean_cache' from command line to 'False'
[0.182s] Level 5:colcon.colcon_core.verb:set package 'compressed_depth_image_transport' build argument 'cmake_clean_first' from command line to 'False'
[0.182s] Level 5:colcon.colcon_core.verb:set package 'compressed_depth_image_transport' build argument 'cmake_force_configure' from command line to 'False'
[0.182s] Level 5:colcon.colcon_core.verb:set package 'compressed_depth_image_transport' build argument 'ament_cmake_args' from command line to 'None'
[0.182s] Level 5:colcon.colcon_core.verb:set package 'compressed_depth_image_transport' build argument 'catkin_cmake_args' from command line to 'None'
[0.182s] Level 5:colcon.colcon_core.verb:set package 'compressed_depth_image_transport' build argument 'catkin_skip_building_tests' from command line to 'False'
[0.182s] DEBUG:colcon.colcon_core.verb:Building package 'compressed_depth_image_transport' with the following arguments: {'ament_cmake_args': None, 'build_base': '/home/marco/marco/uni/magistrale/IDS_project/build/compressed_depth_image_transport', 'catkin_cmake_args': None, 'catkin_skip_building_tests': False, 'cmake_args': None, 'cmake_clean_cache': False, 'cmake_clean_first': False, 'cmake_force_configure': False, 'cmake_target': None, 'cmake_target_skip_unavailable': False, 'install_base': '/home/marco/marco/uni/magistrale/IDS_project/install/compressed_depth_image_transport', 'merge_install': False, 'path': '/home/marco/marco/uni/magistrale/IDS_project/ros2_ws/src/image_transport_plugins/compressed_depth_image_transport', 'symlink_install': False, 'test_result_base': None}
[0.183s] Level 5:colcon.colcon_core.verb:set package 'compressed_image_transport' build argument 'cmake_args' from command line to 'None'
[0.183s] Level 5:colcon.colcon_core.verb:set package 'compressed_image_transport' build argument 'cmake_target' from command line to 'None'
[0.183s] Level 5:colcon.colcon_core.verb:set package 'compressed_image_transport' build argument 'cmake_target_skip_unavailable' from command line to 'False'
[0.183s] Level 5:colcon.colcon_core.verb:set package 'compressed_image_transport' build argument 'cmake_clean_cache' from command line to 'False'
[0.183s] Level 5:colcon.colcon_core.verb:set package 'compressed_image_transport' build argument 'cmake_clean_first' from command line to 'False'
[0.183s] Level 5:colcon.colcon_core.verb:set package 'compressed_image_transport' build argument 'cmake_force_configure' from command line to 'False'
[0.183s] Level 5:colcon.colcon_core.verb:set package 'compressed_image_transport' build argument 'ament_cmake_args' from command line to 'None'
[0.183s] Level 5:colcon.colcon_core.verb:set package 'compressed_image_transport' build argument 'catkin_cmake_args' from command line to 'None'
[0.183s] Level 5:colcon.colcon_core.verb:set package 'compressed_image_transport' build argument 'catkin_skip_building_tests' from command line to 'False'
[0.183s] DEBUG:colcon.colcon_core.verb:Building package 'compressed_image_transport' with the following arguments: {'ament_cmake_args': None, 'build_base': '/home/marco/marco/uni/magistrale/IDS_project/build/compressed_image_transport', 'catkin_cmake_args': None, 'catkin_skip_building_tests': False, 'cmake_args': None, 'cmake_clean_cache': False, 'cmake_clean_first': False, 'cmake_force_configure': False, 'cmake_target': None, 'cmake_target_skip_unavailable': False, 'install_base': '/home/marco/marco/uni/magistrale/IDS_project/install/compressed_image_transport', 'merge_install': False, 'path': '/home/marco/marco/uni/magistrale/IDS_project/ros2_ws/src/image_transport_plugins/compressed_image_transport', 'symlink_install': False, 'test_result_base': None}
[0.183s] Level 5:colcon.colcon_core.verb:set package 'limo_control' build argument 'cmake_args' from command line to 'None'
[0.183s] Level 5:colcon.colcon_core.verb:set package 'limo_control' build argument 'cmake_target' from command line to 'None'
[0.183s] Level 5:colcon.colcon_core.verb:set package 'limo_control' build argument 'cmake_target_skip_unavailable' from command line to 'False'
[0.183s] Level 5:colcon.colcon_core.verb:set package 'limo_control' build argument 'cmake_clean_cache' from command line to 'False'
[0.183s] Level 5:colcon.colcon_core.verb:set package 'limo_control' build argument 'cmake_clean_first' from command line to 'False'
[0.183s] Level 5:colcon.colcon_core.verb:set package 'limo_control' build argument 'cmake_force_configure' from command line to 'False'
[0.183s] Level 5:colcon.colcon_core.verb:set package 'limo_control' build argument 'ament_cmake_args' from command line to 'None'
[0.183s] Level 5:colcon.colcon_core.verb:set package 'limo_control' build argument 'catkin_cmake_args' from command line to 'None'
[0.183s] Level 5:colcon.colcon_core.verb:set package 'limo_control' build argument 'catkin_skip_building_tests' from command line to 'False'
[0.183s] DEBUG:colcon.colcon_core.verb:Building package 'limo_control' with the following arguments: {'ament_cmake_args': None, 'build_base': '/home/marco/marco/uni/magistrale/IDS_project/build/limo_control', 'catkin_cmake_args': None, 'catkin_skip_building_tests': False, 'cmake_args': None, 'cmake_clean_cache': False, 'cmake_clean_first': False, 'cmake_force_configure': False, 'cmake_target': None, 'cmake_target_skip_unavailable': False, 'install_base': '/home/marco/marco/uni/magistrale/IDS_project/install/limo_control', 'merge_install': False, 'path': '/home/marco/marco/uni/magistrale/IDS_project/ros2_ws/src/limo_control', 'symlink_install': False, 'test_result_base': None}
[0.183s] Level 5:colcon.colcon_core.verb:set package 'limo_description' build argument 'cmake_args' from command line to 'None'
[0.183s] Level 5:colcon.colcon_core.verb:set package 'limo_description' build argument 'cmake_target' from command line to 'None'
[0.183s] Level 5:colcon.colcon_core.verb:set package 'limo_description' build argument 'cmake_target_skip_unavailable' from command line to 'False'
[0.183s] Level 5:colcon.colcon_core.verb:set package 'limo_description' build argument 'cmake_clean_cache' from command line to 'False'
[0.183s] Level 5:colcon.colcon_core.verb:set package 'limo_description' build argument 'cmake_clean_first' from command line to 'False'
[0.183s] Level 5:colcon.colcon_core.verb:set package 'limo_description' build argument 'cmake_force_configure' from command line to 'False'
[0.183s] Level 5:colcon.colcon_core.verb:set package 'limo_description' build argument 'ament_cmake_args' from command line to 'None'
[0.183s] Level 5:colcon.colcon_core.verb:set package 'limo_description' build argument 'catkin_cmake_args' from command line to 'None'
[0.183s] Level 5:colcon.colcon_core.verb:set package 'limo_description' build argument 'catkin_skip_building_tests' from command line to 'False'
[0.183s] DEBUG:colcon.colcon_core.verb:Building package 'limo_description' with the following arguments: {'ament_cmake_args': None, 'build_base': '/home/marco/marco/uni/magistrale/IDS_project/build/limo_description', 'catkin_cmake_args': None, 'catkin_skip_building_tests': False, 'cmake_args': None, 'cmake_clean_cache': False, 'cmake_clean_first': False, 'cmake_force_configure': False, 'cmake_target': None, 'cmake_target_skip_unavailable': False, 'install_base': '/home/marco/marco/uni/magistrale/IDS_project/install/limo_description', 'merge_install': False, 'path': '/home/marco/marco/uni/magistrale/IDS_project/ros2_ws/src/limo_description', 'symlink_install': False, 'test_result_base': None}
[0.184s] Level 5:colcon.colcon_core.verb:set package 'localization' build argument 'cmake_args' from command line to 'None'
[0.184s] Level 5:colcon.colcon_core.verb:set package 'localization' build argument 'cmake_target' from command line to 'None'
[0.184s] Level 5:colcon.colcon_core.verb:set package 'localization' build argument 'cmake_target_skip_unavailable' from command line to 'False'
[0.184s] Level 5:colcon.colcon_core.verb:set package 'localization' build argument 'cmake_clean_cache' from command line to 'False'
[0.184s] Level 5:colcon.colcon_core.verb:set package 'localization' build argument 'cmake_clean_first' from command line to 'False'
[0.184s] Level 5:colcon.colcon_core.verb:set package 'localization' build argument 'cmake_force_configure' from command line to 'False'
[0.184s] Level 5:colcon.colcon_core.verb:set package 'localization' build argument 'ament_cmake_args' from command line to 'None'
[0.184s] Level 5:colcon.colcon_core.verb:set package 'localization' build argument 'catkin_cmake_args' from command line to 'None'
[0.184s] Level 5:colcon.colcon_core.verb:set package 'localization' build argument 'catkin_skip_building_tests' from command line to 'False'
[0.184s] DEBUG:colcon.colcon_core.verb:Building package 'localization' with the following arguments: {'ament_cmake_args': None, 'build_base': '/home/marco/marco/uni/magistrale/IDS_project/build/localization', 'catkin_cmake_args': None, 'catkin_skip_building_tests': False, 'cmake_args': None, 'cmake_clean_cache': False, 'cmake_clean_first': False, 'cmake_force_configure': False, 'cmake_target': None, 'cmake_target_skip_unavailable': False, 'install_base': '/home/marco/marco/uni/magistrale/IDS_project/install/localization', 'merge_install': False, 'path': '/home/marco/marco/uni/magistrale/IDS_project/ros2_ws/src/localization', 'symlink_install': False, 'test_result_base': None}
[0.184s] Level 5:colcon.colcon_core.verb:set package 'plots' build argument 'cmake_args' from command line to 'None'
[0.184s] Level 5:colcon.colcon_core.verb:set package 'plots' build argument 'cmake_target' from command line to 'None'
[0.184s] Level 5:colcon.colcon_core.verb:set package 'plots' build argument 'cmake_target_skip_unavailable' from command line to 'False'
[0.184s] Level 5:colcon.colcon_core.verb:set package 'plots' build argument 'cmake_clean_cache' from command line to 'False'
[0.184s] Level 5:colcon.colcon_core.verb:set package 'plots' build argument 'cmake_clean_first' from command line to 'False'
[0.184s] Level 5:colcon.colcon_core.verb:set package 'plots' build argument 'cmake_force_configure' from command line to 'False'
[0.184s] Level 5:colcon.colcon_core.verb:set package 'plots' build argument 'ament_cmake_args' from command line to 'None'
[0.184s] Level 5:colcon.colcon_core.verb:set package 'plots' build argument 'catkin_cmake_args' from command line to 'None'
[0.184s] Level 5:colcon.colcon_core.verb:set package 'plots' build argument 'catkin_skip_building_tests' from command line to 'False'
[0.184s] DEBUG:colcon.colcon_core.verb:Building package 'plots' with the following arguments: {'ament_cmake_args': None, 'build_base': '/home/marco/marco/uni/magistrale/IDS_project/build/plots', 'catkin_cmake_args': None, 'catkin_skip_building_tests': False, 'cmake_args': None, 'cmake_clean_cache': False, 'cmake_clean_first': False, 'cmake_force_configure': False, 'cmake_target': None, 'cmake_target_skip_unavailable': False, 'install_base': '/home/marco/marco/uni/magistrale/IDS_project/install/plots', 'merge_install': False, 'path': '/home/marco/marco/uni/magistrale/IDS_project/ros2_ws/src/plots', 'symlink_install': False, 'test_result_base': None}
[0.184s] Level 5:colcon.colcon_core.verb:set package 'project_interfaces' build argument 'cmake_args' from command line to 'None'
[0.184s] Level 5:colcon.colcon_core.verb:set package 'project_interfaces' build argument 'cmake_target' from command line to 'None'
[0.184s] Level 5:colcon.colcon_core.verb:set package 'project_interfaces' build argument 'cmake_target_skip_unavailable' from command line to 'False'
[0.184s] Level 5:colcon.colcon_core.verb:set package 'project_interfaces' build argument 'cmake_clean_cache' from command line to 'False'
[0.184s] Level 5:colcon.colcon_core.verb:set package 'project_interfaces' build argument 'cmake_clean_first' from command line to 'False'
[0.184s] Level 5:colcon.colcon_core.verb:set package 'project_interfaces' build argument 'cmake_force_configure' from command line to 'False'
[0.184s] Level 5:colcon.colcon_core.verb:set package 'project_interfaces' build argument 'ament_cmake_args' from command line to 'None'
[0.184s] Level 5:colcon.colcon_core.verb:set package 'project_interfaces' build argument 'catkin_cmake_args' from command line to 'None'
[0.184s] Level 5:colcon.colcon_core.verb:set package 'project_interfaces' build argument 'catkin_skip_building_tests' from command line to 'False'
[0.184s] DEBUG:colcon.colcon_core.verb:Building package 'project_interfaces' with the following arguments: {'ament_cmake_args': None, 'build_base': '/home/marco/marco/uni/magistrale/IDS_project/build/project_interfaces', 'catkin_cmake_args': None, 'catkin_skip_building_tests': False, 'cmake_args': None, 'cmake_clean_cache': False, 'cmake_clean_first': False, 'cmake_force_configure': False, 'cmake_target': None, 'cmake_target_skip_unavailable': False, 'install_base': '/home/marco/marco/uni/magistrale/IDS_project/install/project_interfaces', 'merge_install': False, 'path': '/home/marco/marco/uni/magistrale/IDS_project/ros2_ws/src/project_interfaces', 'symlink_install': False, 'test_result_base': None}
[0.185s] Level 5:colcon.colcon_core.verb:set package 'simulation' build argument 'cmake_args' from command line to 'None'
[0.185s] Level 5:colcon.colcon_core.verb:set package 'simulation' build argument 'cmake_target' from command line to 'None'
[0.185s] Level 5:colcon.colcon_core.verb:set package 'simulation' build argument 'cmake_target_skip_unavailable' from command line to 'False'
[0.185s] Level 5:colcon.colcon_core.verb:set package 'simulation' build argument 'cmake_clean_cache' from command line to 'False'
[0.185s] Level 5:colcon.colcon_core.verb:set package 'simulation' build argument 'cmake_clean_first' from command line to 'False'
[0.185s] Level 5:colcon.colcon_core.verb:set package 'simulation' build argument 'cmake_force_configure' from command line to 'False'
[0.185s] Level 5:colcon.colcon_core.verb:set package 'simulation' build argument 'ament_cmake_args' from command line to 'None'
[0.185s] Level 5:colcon.colcon_core.verb:set package 'simulation' build argument 'catkin_cmake_args' from command line to 'None'
[0.185s] Level 5:colcon.colcon_core.verb:set package 'simulation' build argument 'catkin_skip_building_tests' from command line to 'False'
[0.185s] DEBUG:colcon.colcon_core.verb:Building package 'simulation' with the following arguments: {'ament_cmake_args': None, 'build_base': '/home/marco/marco/uni/magistrale/IDS_project/build/simulation', 'catkin_cmake_args': None, 'catkin_skip_building_tests': False, 'cmake_args': None, 'cmake_clean_cache': False, 'cmake_clean_first': False, 'cmake_force_configure': False, 'cmake_target': None, 'cmake_target_skip_unavailable': False, 'install_base': '/home/marco/marco/uni/magistrale/IDS_project/install/simulation', 'merge_install': False, 'path': '/home/marco/marco/uni/magistrale/IDS_project/ros2_ws/src/simulation', 'symlink_install': False, 'test_result_base': None}
[0.185s] Level 5:colcon.colcon_core.verb:set package 'theora_image_transport' build argument 'cmake_args' from command line to 'None'
[0.185s] Level 5:colcon.colcon_core.verb:set package 'theora_image_transport' build argument 'cmake_target' from command line to 'None'
[0.185s] Level 5:colcon.colcon_core.verb:set package 'theora_image_transport' build argument 'cmake_target_skip_unavailable' from command line to 'False'
[0.185s] Level 5:colcon.colcon_core.verb:set package 'theora_image_transport' build argument 'cmake_clean_cache' from command line to 'False'
[0.185s] Level 5:colcon.colcon_core.verb:set package 'theora_image_transport' build argument 'cmake_clean_first' from command line to 'False'
[0.185s] Level 5:colcon.colcon_core.verb:set package 'theora_image_transport' build argument 'cmake_force_configure' from command line to 'False'
[0.185s] Level 5:colcon.colcon_core.verb:set package 'theora_image_transport' build argument 'ament_cmake_args' from command line to 'None'
[0.185s] Level 5:colcon.colcon_core.verb:set package 'theora_image_transport' build argument 'catkin_cmake_args' from command line to 'None'
[0.185s] Level 5:colcon.colcon_core.verb:set package 'theora_image_transport' build argument 'catkin_skip_building_tests' from command line to 'False'
[0.185s] DEBUG:colcon.colcon_core.verb:Building package 'theora_image_transport' with the following arguments: {'ament_cmake_args': None, 'build_base': '/home/marco/marco/uni/magistrale/IDS_project/build/theora_image_transport', 'catkin_cmake_args': None, 'catkin_skip_building_tests': False, 'cmake_args': None, 'cmake_clean_cache': False, 'cmake_clean_first': False, 'cmake_force_configure': False, 'cmake_target': None, 'cmake_target_skip_unavailable': False, 'install_base': '/home/marco/marco/uni/magistrale/IDS_project/install/theora_image_transport', 'merge_install': False, 'path': '/home/marco/marco/uni/magistrale/IDS_project/ros2_ws/src/image_transport_plugins/theora_image_transport', 'symlink_install': False, 'test_result_base': None}
[0.185s] Level 5:colcon.colcon_core.verb:set package 'vision' build argument 'cmake_args' from command line to 'None'
[0.185s] Level 5:colcon.colcon_core.verb:set package 'vision' build argument 'cmake_target' from command line to 'None'
[0.185s] Level 5:colcon.colcon_core.verb:set package 'vision' build argument 'cmake_target_skip_unavailable' from command line to 'False'
[0.185s] Level 5:colcon.colcon_core.verb:set package 'vision' build argument 'cmake_clean_cache' from command line to 'False'
[0.185s] Level 5:colcon.colcon_core.verb:set package 'vision' build argument 'cmake_clean_first' from command line to 'False'
[0.185s] Level 5:colcon.colcon_core.verb:set package 'vision' build argument 'cmake_force_configure' from command line to 'False'
[0.185s] Level 5:colcon.colcon_core.verb:set package 'vision' build argument 'ament_cmake_args' from command line to 'None'
[0.185s] Level 5:colcon.colcon_core.verb:set package 'vision' build argument 'catkin_cmake_args' from command line to 'None'
[0.185s] Level 5:colcon.colcon_core.verb:set package 'vision' build argument 'catkin_skip_building_tests' from command line to 'False'
[0.185s] DEBUG:colcon.colcon_core.verb:Building package 'vision' with the following arguments: {'ament_cmake_args': None, 'build_base': '/home/marco/marco/uni/magistrale/IDS_project/build/vision', 'catkin_cmake_args': None, 'catkin_skip_building_tests': False, 'cmake_args': None, 'cmake_clean_cache': False, 'cmake_clean_first': False, 'cmake_force_configure': False, 'cmake_target': None, 'cmake_target_skip_unavailable': False, 'install_base': '/home/marco/marco/uni/magistrale/IDS_project/install/vision', 'merge_install': False, 'path': '/home/marco/marco/uni/magistrale/IDS_project/ros2_ws/src/vision', 'symlink_install': False, 'test_result_base': None}
[0.185s] Level 5:colcon.colcon_core.verb:set package 'image_transport_plugins' build argument 'cmake_args' from command line to 'None'
[0.185s] Level 5:colcon.colcon_core.verb:set package 'image_transport_plugins' build argument 'cmake_target' from command line to 'None'
[0.185s] Level 5:colcon.colcon_core.verb:set package 'image_transport_plugins' build argument 'cmake_target_skip_unavailable' from command line to 'False'
[0.185s] Level 5:colcon.colcon_core.verb:set package 'image_transport_plugins' build argument 'cmake_clean_cache' from command line to 'False'
[0.185s] Level 5:colcon.colcon_core.verb:set package 'image_transport_plugins' build argument 'cmake_clean_first' from command line to 'False'
[0.186s] Level 5:colcon.colcon_core.verb:set package 'image_transport_plugins' build argument 'cmake_force_configure' from command line to 'False'
[0.186s] Level 5:colcon.colcon_core.verb:set package 'image_transport_plugins' build argument 'ament_cmake_args' from command line to 'None'
[0.186s] Level 5:colcon.colcon_core.verb:set package 'image_transport_plugins' build argument 'catkin_cmake_args' from command line to 'None'
[0.186s] Level 5:colcon.colcon_core.verb:set package 'image_transport_plugins' build argument 'catkin_skip_building_tests' from command line to 'False'
[0.186s] DEBUG:colcon.colcon_core.verb:Building package 'image_transport_plugins' with the following arguments: {'ament_cmake_args': None, 'build_base': '/home/marco/marco/uni/magistrale/IDS_project/build/image_transport_plugins', 'catkin_cmake_args': None, 'catkin_skip_building_tests': False, 'cmake_args': None, 'cmake_clean_cache': False, 'cmake_clean_first': False, 'cmake_force_configure': False, 'cmake_target': None, 'cmake_target_skip_unavailable': False, 'install_base': '/home/marco/marco/uni/magistrale/IDS_project/install/image_transport_plugins', 'merge_install': False, 'path': '/home/marco/marco/uni/magistrale/IDS_project/ros2_ws/src/image_transport_plugins/image_transport_plugins', 'symlink_install': False, 'test_result_base': None}
[0.186s] INFO:colcon.colcon_core.executor:Executing jobs using 'parallel' executor
[0.186s] DEBUG:colcon.colcon_parallel_executor.executor.parallel:run_until_complete
[0.187s] INFO:colcon.colcon_ros.task.ament_cmake.build:Building ROS package in '/home/marco/marco/uni/magistrale/IDS_project/ros2_ws/src/image_transport_plugins/compressed_depth_image_transport' with build type 'ament_cmake'
[0.187s] INFO:colcon.colcon_cmake.task.cmake.build:Building CMake package in '/home/marco/marco/uni/magistrale/IDS_project/ros2_ws/src/image_transport_plugins/compressed_depth_image_transport'
[0.188s] INFO:colcon.colcon_core.plugin_system:Skipping extension 'colcon_core.shell.bat': Not used on non-Windows systems
[0.188s] INFO:colcon.colcon_core.shell:Skip shell extension 'powershell' for command environment: Not usable outside of PowerShell
[0.188s] DEBUG:colcon.colcon_core.shell:Skip shell extension 'dsv' for command environment
[0.190s] INFO:colcon.colcon_ros.task.ament_cmake.build:Building ROS package in '/home/marco/marco/uni/magistrale/IDS_project/ros2_ws/src/image_transport_plugins/compressed_image_transport' with build type 'ament_cmake'
[0.190s] INFO:colcon.colcon_cmake.task.cmake.build:Building CMake package in '/home/marco/marco/uni/magistrale/IDS_project/ros2_ws/src/image_transport_plugins/compressed_image_transport'
[0.190s] INFO:colcon.colcon_core.shell:Skip shell extension 'powershell' for command environment: Not usable outside of PowerShell
[0.190s] DEBUG:colcon.colcon_core.shell:Skip shell extension 'dsv' for command environment
[0.191s] INFO:colcon.colcon_ros.task.ament_cmake.build:Building ROS package in '/home/marco/marco/uni/magistrale/IDS_project/ros2_ws/src/image_transport_plugins/theora_image_transport' with build type 'ament_cmake'
[0.191s] INFO:colcon.colcon_cmake.task.cmake.build:Building CMake package in '/home/marco/marco/uni/magistrale/IDS_project/ros2_ws/src/image_transport_plugins/theora_image_transport'
[0.191s] INFO:colcon.colcon_core.shell:Skip shell extension 'powershell' for command environment: Not usable outside of PowerShell
[0.191s] DEBUG:colcon.colcon_core.shell:Skip shell extension 'dsv' for command environment
[0.193s] INFO:colcon.colcon_ros.task.ament_python.build:Building ROS package in '/home/marco/marco/uni/magistrale/IDS_project/ros2_ws/src/limo_control' with build type 'ament_python'
[0.193s] Level 1:colcon.colcon_core.shell:create_environment_hook('limo_control', 'ament_prefix_path')
[0.193s] INFO:colcon.colcon_core.shell:Creating environment hook '/home/marco/marco/uni/magistrale/IDS_project/install/limo_control/share/limo_control/hook/ament_prefix_path.ps1'
[0.193s] INFO:colcon.colcon_core.shell:Creating environment descriptor '/home/marco/marco/uni/magistrale/IDS_project/install/limo_control/share/limo_control/hook/ament_prefix_path.dsv'
[0.193s] INFO:colcon.colcon_core.shell:Creating environment hook '/home/marco/marco/uni/magistrale/IDS_project/install/limo_control/share/limo_control/hook/ament_prefix_path.sh'
[0.194s] INFO:colcon.colcon_core.shell:Skip shell extension 'powershell' for command environment: Not usable outside of PowerShell
[0.194s] DEBUG:colcon.colcon_core.shell:Skip shell extension 'dsv' for command environment
[0.195s] INFO:colcon.colcon_ros.task.ament_python.build:Building ROS package in '/home/marco/marco/uni/magistrale/IDS_project/ros2_ws/src/limo_description' with build type 'ament_python'
[0.195s] Level 1:colcon.colcon_core.shell:create_environment_hook('limo_description', 'ament_prefix_path')
[0.195s] INFO:colcon.colcon_core.shell:Creating environment hook '/home/marco/marco/uni/magistrale/IDS_project/install/limo_description/share/limo_description/hook/ament_prefix_path.ps1'
[0.196s] INFO:colcon.colcon_core.shell:Creating environment descriptor '/home/marco/marco/uni/magistrale/IDS_project/install/limo_description/share/limo_description/hook/ament_prefix_path.dsv'
[0.196s] INFO:colcon.colcon_core.shell:Creating environment hook '/home/marco/marco/uni/magistrale/IDS_project/install/limo_description/share/limo_description/hook/ament_prefix_path.sh'
[0.196s] INFO:colcon.colcon_core.shell:Skip shell extension 'powershell' for command environment: Not usable outside of PowerShell
[0.196s] DEBUG:colcon.colcon_core.shell:Skip shell extension 'dsv' for command environment
[0.197s] INFO:colcon.colcon_ros.task.ament_python.build:Building ROS package in '/home/marco/marco/uni/magistrale/IDS_project/ros2_ws/src/localization' with build type 'ament_python'
[0.197s] Level 1:colcon.colcon_core.shell:create_environment_hook('localization', 'ament_prefix_path')
[0.198s] INFO:colcon.colcon_core.shell:Creating environment hook '/home/marco/marco/uni/magistrale/IDS_project/install/localization/share/localization/hook/ament_prefix_path.ps1'
[0.198s] INFO:colcon.colcon_core.shell:Creating environment descriptor '/home/marco/marco/uni/magistrale/IDS_project/install/localization/share/localization/hook/ament_prefix_path.dsv'
[0.198s] INFO:colcon.colcon_core.shell:Creating environment hook '/home/marco/marco/uni/magistrale/IDS_project/install/localization/share/localization/hook/ament_prefix_path.sh'
[0.199s] INFO:colcon.colcon_core.shell:Skip shell extension 'powershell' for command environment: Not usable outside of PowerShell
[0.199s] DEBUG:colcon.colcon_core.shell:Skip shell extension 'dsv' for command environment
[0.200s] INFO:colcon.colcon_ros.task.ament_python.build:Building ROS package in '/home/marco/marco/uni/magistrale/IDS_project/ros2_ws/src/plots' with build type 'ament_python'
[0.201s] Level 1:colcon.colcon_core.shell:create_environment_hook('plots', 'ament_prefix_path')
[0.201s] INFO:colcon.colcon_core.shell:Creating environment hook '/home/marco/marco/uni/magistrale/IDS_project/install/plots/share/plots/hook/ament_prefix_path.ps1'
[0.201s] INFO:colcon.colcon_core.shell:Creating environment descriptor '/home/marco/marco/uni/magistrale/IDS_project/install/plots/share/plots/hook/ament_prefix_path.dsv'
[0.201s] INFO:colcon.colcon_core.shell:Creating environment hook '/home/marco/marco/uni/magistrale/IDS_project/install/plots/share/plots/hook/ament_prefix_path.sh'
[0.202s] INFO:colcon.colcon_core.shell:Skip shell extension 'powershell' for command environment: Not usable outside of PowerShell
[0.202s] DEBUG:colcon.colcon_core.shell:Skip shell extension 'dsv' for command environment
[0.203s] INFO:colcon.colcon_ros.task.ament_cmake.build:Building ROS package in '/home/marco/marco/uni/magistrale/IDS_project/ros2_ws/src/project_interfaces' with build type 'ament_cmake'
[0.203s] INFO:colcon.colcon_cmake.task.cmake.build:Building CMake package in '/home/marco/marco/uni/magistrale/IDS_project/ros2_ws/src/project_interfaces'
[0.204s] INFO:colcon.colcon_core.shell:Skip shell extension 'powershell' for command environment: Not usable outside of PowerShell
[0.204s] DEBUG:colcon.colcon_core.shell:Skip shell extension 'dsv' for command environment
[0.208s] DEBUG:colcon.colcon_core.event_handler.log_command:Invoking command in '/home/marco/marco/uni/magistrale/IDS_project/build/compressed_depth_image_transport': CMAKE_PREFIX_PATH=/opt/ros/humble /usr/bin/cmake /home/marco/marco/uni/magistrale/IDS_project/ros2_ws/src/image_transport_plugins/compressed_depth_image_transport -DCMAKE_INSTALL_PREFIX=/home/marco/marco/uni/magistrale/IDS_project/install/compressed_depth_image_transport
[0.210s] DEBUG:colcon.colcon_core.event_handler.log_command:Invoking command in '/home/marco/marco/uni/magistrale/IDS_project/build/compressed_image_transport': CMAKE_PREFIX_PATH=/opt/ros/humble /usr/bin/cmake /home/marco/marco/uni/magistrale/IDS_project/ros2_ws/src/image_transport_plugins/compressed_image_transport -DCMAKE_INSTALL_PREFIX=/home/marco/marco/uni/magistrale/IDS_project/install/compressed_image_transport
[0.211s] DEBUG:colcon.colcon_core.event_handler.log_command:Invoking command in '/home/marco/marco/uni/magistrale/IDS_project/build/theora_image_transport': CMAKE_PREFIX_PATH=/opt/ros/humble /usr/bin/cmake /home/marco/marco/uni/magistrale/IDS_project/ros2_ws/src/image_transport_plugins/theora_image_transport -DCMAKE_INSTALL_PREFIX=/home/marco/marco/uni/magistrale/IDS_project/install/theora_image_transport
[0.380s] INFO:colcon.colcon_core.task.python.build:Building Python package in '/home/marco/marco/uni/magistrale/IDS_project/ros2_ws/src/limo_control'
[0.380s] INFO:colcon.colcon_core.shell:Skip shell extension 'powershell' for command environment: Not usable outside of PowerShell
[0.380s] DEBUG:colcon.colcon_core.shell:Skip shell extension 'dsv' for command environment
[0.545s] INFO:colcon.colcon_core.task.python.build:Building Python package in '/home/marco/marco/uni/magistrale/IDS_project/ros2_ws/src/limo_description'
[0.546s] INFO:colcon.colcon_core.shell:Skip shell extension 'powershell' for command environment: Not usable outside of PowerShell
[0.546s] DEBUG:colcon.colcon_core.shell:Skip shell extension 'dsv' for command environment
[0.765s] INFO:colcon.colcon_core.task.python.build:Building Python package in '/home/marco/marco/uni/magistrale/IDS_project/ros2_ws/src/localization'
[0.766s] INFO:colcon.colcon_core.shell:Skip shell extension 'powershell' for command environment: Not usable outside of PowerShell
[0.766s] DEBUG:colcon.colcon_core.shell:Skip shell extension 'dsv' for command environment
[0.946s] INFO:colcon.colcon_core.task.python.build:Building Python package in '/home/marco/marco/uni/magistrale/IDS_project/ros2_ws/src/plots'
[0.947s] INFO:colcon.colcon_core.shell:Skip shell extension 'powershell' for command environment: Not usable outside of PowerShell
[0.947s] DEBUG:colcon.colcon_core.shell:Skip shell extension 'dsv' for command environment
[0.953s] DEBUG:colcon.colcon_core.event_handler.log_command:Invoking command in '/home/marco/marco/uni/magistrale/IDS_project/build/project_interfaces': CMAKE_PREFIX_PATH=/opt/ros/humble /usr/bin/cmake /home/marco/marco/uni/magistrale/IDS_project/ros2_ws/src/project_interfaces -DCMAKE_INSTALL_PREFIX=/home/marco/marco/uni/magistrale/IDS_project/install/project_interfaces
[1.468s] DEBUG:colcon.colcon_core.event_handler.log_command:Invoking command in '/home/marco/marco/uni/magistrale/IDS_project/ros2_ws/src/plots': PYTHONPATH=/home/marco/marco/uni/magistrale/IDS_project/build/plots/prefix_override:/usr/lib/python3/dist-packages/colcon_core/task/python/colcon_distutils_commands:/home/marco/marco/uni/magistrale/IDS_project/install/plots/lib/python3.10/site-packages:${PYTHONPATH} /usr/bin/python3 -W ignore:setup.py install is deprecated -W ignore:easy_install command is deprecated setup.py egg_info --egg-base ../../../build/plots build --build-base /home/marco/marco/uni/magistrale/IDS_project/build/plots/build install --record /home/marco/marco/uni/magistrale/IDS_project/build/plots/install.log --single-version-externally-managed install_data
[1.498s] DEBUG:colcon.colcon_core.event_handler.log_command:Invoking command in '/home/marco/marco/uni/magistrale/IDS_project/ros2_ws/src/localization': PYTHONPATH=/home/marco/marco/uni/magistrale/IDS_project/build/localization/prefix_override:/usr/lib/python3/dist-packages/colcon_core/task/python/colcon_distutils_commands:/home/marco/marco/uni/magistrale/IDS_project/install/localization/lib/python3.10/site-packages:${PYTHONPATH} /usr/bin/python3 -W ignore:setup.py install is deprecated -W ignore:easy_install command is deprecated setup.py egg_info --egg-base ../../../build/localization build --build-base /home/marco/marco/uni/magistrale/IDS_project/build/localization/build install --record /home/marco/marco/uni/magistrale/IDS_project/build/localization/install.log --single-version-externally-managed install_data
[1.525s] DEBUG:colcon.colcon_core.event_handler.log_command:Invoking command in '/home/marco/marco/uni/magistrale/IDS_project/ros2_ws/src/limo_control': PYTHONPATH=/home/marco/marco/uni/magistrale/IDS_project/build/limo_control/prefix_override:/usr/lib/python3/dist-packages/colcon_core/task/python/colcon_distutils_commands:/home/marco/marco/uni/magistrale/IDS_project/install/limo_control/lib/python3.10/site-packages:${PYTHONPATH} /usr/bin/python3 -W ignore:setup.py install is deprecated -W ignore:easy_install command is deprecated setup.py egg_info --egg-base ../../../build/limo_control build --build-base /home/marco/marco/uni/magistrale/IDS_project/build/limo_control/build install --record /home/marco/marco/uni/magistrale/IDS_project/build/limo_control/install.log --single-version-externally-managed install_data
[1.559s] DEBUG:colcon.colcon_core.event_handler.log_command:Invoking command in '/home/marco/marco/uni/magistrale/IDS_project/ros2_ws/src/limo_description': PYTHONPATH=/home/marco/marco/uni/magistrale/IDS_project/build/limo_description/prefix_override:/usr/lib/python3/dist-packages/colcon_core/task/python/colcon_distutils_commands:/home/marco/marco/uni/magistrale/IDS_project/install/limo_description/lib/python3.10/site-packages:${PYTHONPATH} /usr/bin/python3 -W ignore:setup.py install is deprecated -W ignore:easy_install command is deprecated setup.py egg_info --egg-base ../../../build/limo_description build --build-base /home/marco/marco/uni/magistrale/IDS_project/build/limo_description/build install --record /home/marco/marco/uni/magistrale/IDS_project/build/limo_description/install.log --single-version-externally-managed install_data
[1.838s] DEBUG:colcon.colcon_core.event_handler.log_command:Invoked command in '/home/marco/marco/uni/magistrale/IDS_project/build/compressed_depth_image_transport' returned '0': CMAKE_PREFIX_PATH=/opt/ros/humble /usr/bin/cmake /home/marco/marco/uni/magistrale/IDS_project/ros2_ws/src/image_transport_plugins/compressed_depth_image_transport -DCMAKE_INSTALL_PREFIX=/home/marco/marco/uni/magistrale/IDS_project/install/compressed_depth_image_transport
[1.840s] DEBUG:colcon.colcon_core.event_handler.log_command:Invoking command in '/home/marco/marco/uni/magistrale/IDS_project/build/compressed_depth_image_transport': CMAKE_PREFIX_PATH=/opt/ros/humble /usr/bin/cmake --build /home/marco/marco/uni/magistrale/IDS_project/build/compressed_depth_image_transport -- -j8 -l8
[1.865s] DEBUG:colcon.colcon_core.event_handler.log_command:Invoked command in '/home/marco/marco/uni/magistrale/IDS_project/build/compressed_image_transport' returned '0': CMAKE_PREFIX_PATH=/opt/ros/humble /usr/bin/cmake /home/marco/marco/uni/magistrale/IDS_project/ros2_ws/src/image_transport_plugins/compressed_image_transport -DCMAKE_INSTALL_PREFIX=/home/marco/marco/uni/magistrale/IDS_project/install/compressed_image_transport
[1.866s] DEBUG:colcon.colcon_core.event_handler.log_command:Invoking command in '/home/marco/marco/uni/magistrale/IDS_project/build/compressed_image_transport': CMAKE_PREFIX_PATH=/opt/ros/humble /usr/bin/cmake --build /home/marco/marco/uni/magistrale/IDS_project/build/compressed_image_transport -- -j8 -l8
[2.240s] DEBUG:colcon.colcon_core.event_handler.log_command:Invoked command in '/home/marco/marco/uni/magistrale/IDS_project/ros2_ws/src/plots' returned '0': PYTHONPATH=/home/marco/marco/uni/magistrale/IDS_project/build/plots/prefix_override:/usr/lib/python3/dist-packages/colcon_core/task/python/colcon_distutils_commands:/home/marco/marco/uni/magistrale/IDS_project/install/plots/lib/python3.10/site-packages:${PYTHONPATH} /usr/bin/python3 -W ignore:setup.py install is deprecated -W ignore:easy_install command is deprecated setup.py egg_info --egg-base ../../../build/plots build --build-base /home/marco/marco/uni/magistrale/IDS_project/build/plots/build install --record /home/marco/marco/uni/magistrale/IDS_project/build/plots/install.log --single-version-externally-managed install_data
[2.240s] Level 1:colcon.colcon_core.environment:checking '/home/marco/marco/uni/magistrale/IDS_project/install/plots' for CMake module files
[2.244s] Level 1:colcon.colcon_core.environment:checking '/home/marco/marco/uni/magistrale/IDS_project/install/plots' for CMake config files
[2.245s] Level 1:colcon.colcon_core.environment:checking '/home/marco/marco/uni/magistrale/IDS_project/install/plots/lib'
[2.245s] Level 1:colcon.colcon_core.environment:checking '/home/marco/marco/uni/magistrale/IDS_project/install/plots/bin'
[2.246s] Level 1:colcon.colcon_core.environment:checking '/home/marco/marco/uni/magistrale/IDS_project/install/plots/lib/pkgconfig/plots.pc'
[2.246s] Level 1:colcon.colcon_core.environment:checking '/home/marco/marco/uni/magistrale/IDS_project/install/plots/lib/python3.10/site-packages'
[2.246s] Level 1:colcon.colcon_core.shell:create_environment_hook('plots', 'pythonpath')
[2.246s] INFO:colcon.colcon_core.shell:Creating environment hook '/home/marco/marco/uni/magistrale/IDS_project/install/plots/share/plots/hook/pythonpath.ps1'
[2.247s] INFO:colcon.colcon_core.shell:Creating environment descriptor '/home/marco/marco/uni/magistrale/IDS_project/install/plots/share/plots/hook/pythonpath.dsv'
[2.250s] INFO:colcon.colcon_core.shell:Creating environment hook '/home/marco/marco/uni/magistrale/IDS_project/install/plots/share/plots/hook/pythonpath.sh'
[2.251s] Level 1:colcon.colcon_core.environment:checking '/home/marco/marco/uni/magistrale/IDS_project/install/plots/bin'
[2.252s] Level 1:colcon.colcon_core.environment:create_environment_scripts_only(plots)
[2.252s] INFO:colcon.colcon_core.shell:Creating package script '/home/marco/marco/uni/magistrale/IDS_project/install/plots/share/plots/package.ps1'
[2.255s] INFO:colcon.colcon_core.shell:Creating package descriptor '/home/marco/marco/uni/magistrale/IDS_project/install/plots/share/plots/package.dsv'
[2.260s] INFO:colcon.colcon_core.shell:Creating package script '/home/marco/marco/uni/magistrale/IDS_project/install/plots/share/plots/package.sh'
[2.264s] INFO:colcon.colcon_core.shell:Creating package script '/home/marco/marco/uni/magistrale/IDS_project/install/plots/share/plots/package.bash'
[2.265s] INFO:colcon.colcon_core.shell:Creating package script '/home/marco/marco/uni/magistrale/IDS_project/install/plots/share/plots/package.zsh'
[2.267s] Level 1:colcon.colcon_core.environment:create_file_with_runtime_dependencies(/home/marco/marco/uni/magistrale/IDS_project/install/plots/share/colcon-core/packages/plots)
[2.271s] INFO:colcon.colcon_ros.task.ament_python.build:Building ROS package in '/home/marco/marco/uni/magistrale/IDS_project/ros2_ws/src/simulation' with build type 'ament_python'
[2.271s] Level 1:colcon.colcon_core.shell:create_environment_hook('simulation', 'ament_prefix_path')
[2.272s] INFO:colcon.colcon_core.shell:Creating environment hook '/home/marco/marco/uni/magistrale/IDS_project/install/simulation/share/simulation/hook/ament_prefix_path.ps1'
[2.274s] INFO:colcon.colcon_core.shell:Creating environment descriptor '/home/marco/marco/uni/magistrale/IDS_project/install/simulation/share/simulation/hook/ament_prefix_path.dsv'
[2.274s] INFO:colcon.colcon_core.shell:Creating environment hook '/home/marco/marco/uni/magistrale/IDS_project/install/simulation/share/simulation/hook/ament_prefix_path.sh'
[2.275s] INFO:colcon.colcon_core.shell:Skip shell extension 'powershell' for command environment: Not usable outside of PowerShell
[2.275s] DEBUG:colcon.colcon_core.shell:Skip shell extension 'dsv' for command environment
[2.640s] INFO:colcon.colcon_core.task.python.build:Building Python package in '/home/marco/marco/uni/magistrale/IDS_project/ros2_ws/src/simulation'
[2.640s] INFO:colcon.colcon_core.shell:Skip shell extension 'powershell' for command environment: Not usable outside of PowerShell
[2.640s] DEBUG:colcon.colcon_core.shell:Skip shell extension 'dsv' for command environment
[2.650s] Level 1:colcon.colcon_core.environment:checking '/home/marco/marco/uni/magistrale/IDS_project/install/localization' for CMake module files
[2.650s] DEBUG:colcon.colcon_core.event_handler.log_command:Invoked command in '/home/marco/marco/uni/magistrale/IDS_project/ros2_ws/src/localization' returned '0': PYTHONPATH=/home/marco/marco/uni/magistrale/IDS_project/build/localization/prefix_override:/usr/lib/python3/dist-packages/colcon_core/task/python/colcon_distutils_commands:/home/marco/marco/uni/magistrale/IDS_project/install/localization/lib/python3.10/site-packages:${PYTHONPATH} /usr/bin/python3 -W ignore:setup.py install is deprecated -W ignore:easy_install command is deprecated setup.py egg_info --egg-base ../../../build/localization build --build-base /home/marco/marco/uni/magistrale/IDS_project/build/localization/build install --record /home/marco/marco/uni/magistrale/IDS_project/build/localization/install.log --single-version-externally-managed install_data
[2.651s] Level 1:colcon.colcon_core.environment:checking '/home/marco/marco/uni/magistrale/IDS_project/install/localization' for CMake config files
[2.652s] Level 1:colcon.colcon_core.environment:checking '/home/marco/marco/uni/magistrale/IDS_project/install/localization/lib'
[2.652s] Level 1:colcon.colcon_core.environment:checking '/home/marco/marco/uni/magistrale/IDS_project/install/localization/bin'
[2.652s] Level 1:colcon.colcon_core.environment:checking '/home/marco/marco/uni/magistrale/IDS_project/install/localization/lib/pkgconfig/localization.pc'
[2.652s] Level 1:colcon.colcon_core.environment:checking '/home/marco/marco/uni/magistrale/IDS_project/install/localization/lib/python3.10/site-packages'
[2.652s] Level 1:colcon.colcon_core.shell:create_environment_hook('localization', 'pythonpath')
[2.653s] INFO:colcon.colcon_core.shell:Creating environment hook '/home/marco/marco/uni/magistrale/IDS_project/install/localization/share/localization/hook/pythonpath.ps1'
[2.653s] INFO:colcon.colcon_core.shell:Creating environment descriptor '/home/marco/marco/uni/magistrale/IDS_project/install/localization/share/localization/hook/pythonpath.dsv'
[2.655s] INFO:colcon.colcon_core.shell:Creating environment hook '/home/marco/marco/uni/magistrale/IDS_project/install/localization/share/localization/hook/pythonpath.sh'
[2.656s] Level 1:colcon.colcon_core.environment:checking '/home/marco/marco/uni/magistrale/IDS_project/install/localization/bin'
[2.656s] Level 1:colcon.colcon_core.environment:create_environment_scripts_only(localization)
[2.656s] INFO:colcon.colcon_core.shell:Creating package script '/home/marco/marco/uni/magistrale/IDS_project/install/localization/share/localization/package.ps1'
[2.657s] INFO:colcon.colcon_core.shell:Creating package descriptor '/home/marco/marco/uni/magistrale/IDS_project/install/localization/share/localization/package.dsv'
[2.658s] INFO:colcon.colcon_core.shell:Creating package script '/home/marco/marco/uni/magistrale/IDS_project/install/localization/share/localization/package.sh'
[2.658s] INFO:colcon.colcon_core.shell:Creating package script '/home/marco/marco/uni/magistrale/IDS_project/install/localization/share/localization/package.bash'
[2.658s] INFO:colcon.colcon_core.shell:Creating package script '/home/marco/marco/uni/magistrale/IDS_project/install/localization/share/localization/package.zsh'
[2.659s] Level 1:colcon.colcon_core.environment:create_file_with_runtime_dependencies(/home/marco/marco/uni/magistrale/IDS_project/install/localization/share/colcon-core/packages/localization)
[2.661s] INFO:colcon.colcon_ros.task.ament_python.build:Building ROS package in '/home/marco/marco/uni/magistrale/IDS_project/ros2_ws/src/vision' with build type 'ament_python'
[2.661s] Level 1:colcon.colcon_core.shell:create_environment_hook('vision', 'ament_prefix_path')
[2.661s] INFO:colcon.colcon_core.shell:Creating environment hook '/home/marco/marco/uni/magistrale/IDS_project/install/vision/share/vision/hook/ament_prefix_path.ps1'
[2.662s] INFO:colcon.colcon_core.shell:Creating environment descriptor '/home/marco/marco/uni/magistrale/IDS_project/install/vision/share/vision/hook/ament_prefix_path.dsv'
[2.663s] INFO:colcon.colcon_core.shell:Creating environment hook '/home/marco/marco/uni/magistrale/IDS_project/install/vision/share/vision/hook/ament_prefix_path.sh'
[2.664s] INFO:colcon.colcon_core.shell:Skip shell extension 'powershell' for command environment: Not usable outside of PowerShell
[2.664s] DEBUG:colcon.colcon_core.shell:Skip shell extension 'dsv' for command environment
[2.673s] Level 1:colcon.colcon_core.environment:checking '/home/marco/marco/uni/magistrale/IDS_project/install/limo_control' for CMake module files
[2.674s] Level 1:colcon.colcon_core.environment:checking '/home/marco/marco/uni/magistrale/IDS_project/install/limo_control' for CMake config files
[2.674s] Level 1:colcon.colcon_core.environment:checking '/home/marco/marco/uni/magistrale/IDS_project/install/limo_control/lib'
[2.674s] Level 1:colcon.colcon_core.environment:checking '/home/marco/marco/uni/magistrale/IDS_project/install/limo_control/bin'
[2.674s] Level 1:colcon.colcon_core.environment:checking '/home/marco/marco/uni/magistrale/IDS_project/install/limo_control/lib/pkgconfig/limo_control.pc'
[2.675s] Level 1:colcon.colcon_core.environment:checking '/home/marco/marco/uni/magistrale/IDS_project/install/limo_control/lib/python3.10/site-packages'
[2.675s] Level 1:colcon.colcon_core.shell:create_environment_hook('limo_control', 'pythonpath')
[2.675s] INFO:colcon.colcon_core.shell:Creating environment hook '/home/marco/marco/uni/magistrale/IDS_project/install/limo_control/share/limo_control/hook/pythonpath.ps1'
[2.675s] INFO:colcon.colcon_core.shell:Creating environment descriptor '/home/marco/marco/uni/magistrale/IDS_project/install/limo_control/share/limo_control/hook/pythonpath.dsv'
[2.676s] INFO:colcon.colcon_core.shell:Creating environment hook '/home/marco/marco/uni/magistrale/IDS_project/install/limo_control/share/limo_control/hook/pythonpath.sh'
[2.679s] Level 1:colcon.colcon_core.environment:checking '/home/marco/marco/uni/magistrale/IDS_project/install/limo_control/bin'
[2.679s] Level 1:colcon.colcon_core.environment:create_environment_scripts_only(limo_control)
[2.680s] INFO:colcon.colcon_core.shell:Creating package script '/home/marco/marco/uni/magistrale/IDS_project/install/limo_control/share/limo_control/package.ps1'
[2.681s] INFO:colcon.colcon_core.shell:Creating package descriptor '/home/marco/marco/uni/magistrale/IDS_project/install/limo_control/share/limo_control/package.dsv'
[2.681s] INFO:colcon.colcon_core.shell:Creating package script '/home/marco/marco/uni/magistrale/IDS_project/install/limo_control/share/limo_control/package.sh'
[2.682s] INFO:colcon.colcon_core.shell:Creating package script '/home/marco/marco/uni/magistrale/IDS_project/install/limo_control/share/limo_control/package.bash'
[2.682s] INFO:colcon.colcon_core.shell:Creating package script '/home/marco/marco/uni/magistrale/IDS_project/install/limo_control/share/limo_control/package.zsh'
[2.682s] Level 1:colcon.colcon_core.environment:create_file_with_runtime_dependencies(/home/marco/marco/uni/magistrale/IDS_project/install/limo_control/share/colcon-core/packages/limo_control)
[2.679s] DEBUG:colcon.colcon_core.event_handler.log_command:Invoked command in '/home/marco/marco/uni/magistrale/IDS_project/ros2_ws/src/limo_control' returned '0': PYTHONPATH=/home/marco/marco/uni/magistrale/IDS_project/build/limo_control/prefix_override:/usr/lib/python3/dist-packages/colcon_core/task/python/colcon_distutils_commands:/home/marco/marco/uni/magistrale/IDS_project/install/limo_control/lib/python3.10/site-packages:${PYTHONPATH} /usr/bin/python3 -W ignore:setup.py install is deprecated -W ignore:easy_install command is deprecated setup.py egg_info --egg-base ../../../build/limo_control build --build-base /home/marco/marco/uni/magistrale/IDS_project/build/limo_control/build install --record /home/marco/marco/uni/magistrale/IDS_project/build/limo_control/install.log --single-version-externally-managed install_data
[2.688s] Level 1:colcon.colcon_core.environment:checking '/home/marco/marco/uni/magistrale/IDS_project/install/limo_description' for CMake module files
[2.688s] DEBUG:colcon.colcon_core.event_handler.log_command:Invoked command in '/home/marco/marco/uni/magistrale/IDS_project/ros2_ws/src/limo_description' returned '0': PYTHONPATH=/home/marco/marco/uni/magistrale/IDS_project/build/limo_description/prefix_override:/usr/lib/python3/dist-packages/colcon_core/task/python/colcon_distutils_commands:/home/marco/marco/uni/magistrale/IDS_project/install/limo_description/lib/python3.10/site-packages:${PYTHONPATH} /usr/bin/python3 -W ignore:setup.py install is deprecated -W ignore:easy_install command is deprecated setup.py egg_info --egg-base ../../../build/limo_description build --build-base /home/marco/marco/uni/magistrale/IDS_project/build/limo_description/build install --record /home/marco/marco/uni/magistrale/IDS_project/build/limo_description/install.log --single-version-externally-managed install_data
[2.689s] Level 1:colcon.colcon_core.environment:checking '/home/marco/marco/uni/magistrale/IDS_project/install/limo_description' for CMake config files
[2.690s] Level 1:colcon.colcon_core.environment:checking '/home/marco/marco/uni/magistrale/IDS_project/install/limo_description/lib'
[2.690s] Level 1:colcon.colcon_core.environment:checking '/home/marco/marco/uni/magistrale/IDS_project/install/limo_description/bin'
[2.691s] Level 1:colcon.colcon_core.environment:checking '/home/marco/marco/uni/magistrale/IDS_project/install/limo_description/lib/pkgconfig/limo_description.pc'
[2.692s] Level 1:colcon.colcon_core.environment:checking '/home/marco/marco/uni/magistrale/IDS_project/install/limo_description/lib/python3.10/site-packages'
[2.692s] Level 1:colcon.colcon_core.shell:create_environment_hook('limo_description', 'pythonpath')
[2.692s] INFO:colcon.colcon_core.shell:Creating environment hook '/home/marco/marco/uni/magistrale/IDS_project/install/limo_description/share/limo_description/hook/pythonpath.ps1'
[2.693s] INFO:colcon.colcon_core.shell:Creating environment descriptor '/home/marco/marco/uni/magistrale/IDS_project/install/limo_description/share/limo_description/hook/pythonpath.dsv'
[2.694s] INFO:colcon.colcon_core.shell:Creating environment hook '/home/marco/marco/uni/magistrale/IDS_project/install/limo_description/share/limo_description/hook/pythonpath.sh'
[2.697s] Level 1:colcon.colcon_core.environment:checking '/home/marco/marco/uni/magistrale/IDS_project/install/limo_description/bin'
[2.698s] Level 1:colcon.colcon_core.environment:create_environment_scripts_only(limo_description)
[2.698s] INFO:colcon.colcon_core.shell:Creating package script '/home/marco/marco/uni/magistrale/IDS_project/install/limo_description/share/limo_description/package.ps1'
[2.702s] INFO:colcon.colcon_core.shell:Creating package descriptor '/home/marco/marco/uni/magistrale/IDS_project/install/limo_description/share/limo_description/package.dsv'
[2.703s] INFO:colcon.colcon_core.shell:Creating package script '/home/marco/marco/uni/magistrale/IDS_project/install/limo_description/share/limo_description/package.sh'
[2.703s] INFO:colcon.colcon_core.shell:Creating package script '/home/marco/marco/uni/magistrale/IDS_project/install/limo_description/share/limo_description/package.bash'
[2.703s] INFO:colcon.colcon_core.shell:Creating package script '/home/marco/marco/uni/magistrale/IDS_project/install/limo_description/share/limo_description/package.zsh'
[2.704s] Level 1:colcon.colcon_core.environment:create_file_with_runtime_dependencies(/home/marco/marco/uni/magistrale/IDS_project/install/limo_description/share/colcon-core/packages/limo_description)
[3.346s] INFO:colcon.colcon_core.task.python.build:Building Python package in '/home/marco/marco/uni/magistrale/IDS_project/ros2_ws/src/vision'
[3.346s] INFO:colcon.colcon_core.shell:Skip shell extension 'powershell' for command environment: Not usable outside of PowerShell
[3.346s] DEBUG:colcon.colcon_core.shell:Skip shell extension 'dsv' for command environment
[4.086s] DEBUG:colcon.colcon_core.event_handler.log_command:Invoking command in '/home/marco/marco/uni/magistrale/IDS_project/ros2_ws/src/simulation': PYTHONPATH=/home/marco/marco/uni/magistrale/IDS_project/build/simulation/prefix_override:/usr/lib/python3/dist-packages/colcon_core/task/python/colcon_distutils_commands:/home/marco/marco/uni/magistrale/IDS_project/install/simulation/lib/python3.10/site-packages:${PYTHONPATH} /usr/bin/python3 -W ignore:setup.py install is deprecated -W ignore:easy_install command is deprecated setup.py egg_info --egg-base ../../../build/simulation build --build-base /home/marco/marco/uni/magistrale/IDS_project/build/simulation/build install --record /home/marco/marco/uni/magistrale/IDS_project/build/simulation/install.log --single-version-externally-managed install_data
[4.427s] DEBUG:colcon.colcon_core.event_handler.log_command:Invoking command in '/home/marco/marco/uni/magistrale/IDS_project/ros2_ws/src/vision': PYTHONPATH=/home/marco/marco/uni/magistrale/IDS_project/build/vision/prefix_override:/usr/lib/python3/dist-packages/colcon_core/task/python/colcon_distutils_commands:/home/marco/marco/uni/magistrale/IDS_project/install/vision/lib/python3.10/site-packages:${PYTHONPATH} /usr/bin/python3 -W ignore:setup.py install is deprecated -W ignore:easy_install command is deprecated setup.py egg_info --egg-base ../../../build/vision build --build-base /home/marco/marco/uni/magistrale/IDS_project/build/vision/build install --record /home/marco/marco/uni/magistrale/IDS_project/build/vision/install.log --single-version-externally-managed install_data
[4.434s] DEBUG:colcon.colcon_core.event_handler.log_command:Invoked command in '/home/marco/marco/uni/magistrale/IDS_project/build/project_interfaces' returned '0': CMAKE_PREFIX_PATH=/opt/ros/humble /usr/bin/cmake /home/marco/marco/uni/magistrale/IDS_project/ros2_ws/src/project_interfaces -DCMAKE_INSTALL_PREFIX=/home/marco/marco/uni/magistrale/IDS_project/install/project_interfaces
[4.435s] DEBUG:colcon.colcon_core.event_handler.log_command:Invoking command in '/home/marco/marco/uni/magistrale/IDS_project/build/project_interfaces': CMAKE_PREFIX_PATH=/opt/ros/humble /usr/bin/cmake --build /home/marco/marco/uni/magistrale/IDS_project/build/project_interfaces -- -j8 -l8
[4.798s] DEBUG:colcon.colcon_core.event_handler.log_command:Invoked command in '/home/marco/marco/uni/magistrale/IDS_project/build/theora_image_transport' returned '0': CMAKE_PREFIX_PATH=/opt/ros/humble /usr/bin/cmake /home/marco/marco/uni/magistrale/IDS_project/ros2_ws/src/image_transport_plugins/theora_image_transport -DCMAKE_INSTALL_PREFIX=/home/marco/marco/uni/magistrale/IDS_project/install/theora_image_transport
[4.798s] DEBUG:colcon.colcon_core.event_handler.log_command:Invoking command in '/home/marco/marco/uni/magistrale/IDS_project/build/theora_image_transport': CMAKE_PREFIX_PATH=/opt/ros/humble /usr/bin/cmake --build /home/marco/marco/uni/magistrale/IDS_project/build/theora_image_transport -- -j8 -l8
[5.098s] Level 1:colcon.colcon_core.environment:checking '/home/marco/marco/uni/magistrale/IDS_project/install/simulation' for CMake module files
[5.098s] DEBUG:colcon.colcon_core.event_handler.log_command:Invoked command in '/home/marco/marco/uni/magistrale/IDS_project/ros2_ws/src/simulation' returned '0': PYTHONPATH=/home/marco/marco/uni/magistrale/IDS_project/build/simulation/prefix_override:/usr/lib/python3/dist-packages/colcon_core/task/python/colcon_distutils_commands:/home/marco/marco/uni/magistrale/IDS_project/install/simulation/lib/python3.10/site-packages:${PYTHONPATH} /usr/bin/python3 -W ignore:setup.py install is deprecated -W ignore:easy_install command is deprecated setup.py egg_info --egg-base ../../../build/simulation build --build-base /home/marco/marco/uni/magistrale/IDS_project/build/simulation/build install --record /home/marco/marco/uni/magistrale/IDS_project/build/simulation/install.log --single-version-externally-managed install_data
[5.100s] Level 1:colcon.colcon_core.environment:checking '/home/marco/marco/uni/magistrale/IDS_project/install/simulation' for CMake config files
[5.101s] Level 1:colcon.colcon_core.environment:checking '/home/marco/marco/uni/magistrale/IDS_project/install/simulation/lib'
[5.104s] Level 1:colcon.colcon_core.environment:checking '/home/marco/marco/uni/magistrale/IDS_project/install/simulation/bin'
[5.104s] Level 1:colcon.colcon_core.environment:checking '/home/marco/marco/uni/magistrale/IDS_project/install/simulation/lib/pkgconfig/simulation.pc'
[5.104s] Level 1:colcon.colcon_core.environment:checking '/home/marco/marco/uni/magistrale/IDS_project/install/simulation/lib/python3.10/site-packages'
[5.104s] Level 1:colcon.colcon_core.shell:create_environment_hook('simulation', 'pythonpath')
[5.105s] INFO:colcon.colcon_core.shell:Creating environment hook '/home/marco/marco/uni/magistrale/IDS_project/install/simulation/share/simulation/hook/pythonpath.ps1'
[5.105s] INFO:colcon.colcon_core.shell:Creating environment descriptor '/home/marco/marco/uni/magistrale/IDS_project/install/simulation/share/simulation/hook/pythonpath.dsv'
[5.106s] INFO:colcon.colcon_core.shell:Creating environment hook '/home/marco/marco/uni/magistrale/IDS_project/install/simulation/share/simulation/hook/pythonpath.sh'
[5.106s] Level 1:colcon.colcon_core.environment:checking '/home/marco/marco/uni/magistrale/IDS_project/install/simulation/bin'
[5.106s] Level 1:colcon.colcon_core.environment:create_environment_scripts_only(simulation)
[5.107s] INFO:colcon.colcon_core.shell:Creating package script '/home/marco/marco/uni/magistrale/IDS_project/install/simulation/share/simulation/package.ps1'
[5.110s] INFO:colcon.colcon_core.shell:Creating package descriptor '/home/marco/marco/uni/magistrale/IDS_project/install/simulation/share/simulation/package.dsv'
[5.112s] INFO:colcon.colcon_core.shell:Creating package script '/home/marco/marco/uni/magistrale/IDS_project/install/simulation/share/simulation/package.sh'
[5.113s] INFO:colcon.colcon_core.shell:Creating package script '/home/marco/marco/uni/magistrale/IDS_project/install/simulation/share/simulation/package.bash'
[5.114s] INFO:colcon.colcon_core.shell:Creating package script '/home/marco/marco/uni/magistrale/IDS_project/install/simulation/share/simulation/package.zsh'
[5.118s] Level 1:colcon.colcon_core.environment:create_file_with_runtime_dependencies(/home/marco/marco/uni/magistrale/IDS_project/install/simulation/share/colcon-core/packages/simulation)
[5.164s] Level 1:colcon.colcon_core.environment:checking '/home/marco/marco/uni/magistrale/IDS_project/install/vision' for CMake module files
[5.165s] DEBUG:colcon.colcon_core.event_handler.log_command:Invoked command in '/home/marco/marco/uni/magistrale/IDS_project/ros2_ws/src/vision' returned '0': PYTHONPATH=/home/marco/marco/uni/magistrale/IDS_project/build/vision/prefix_override:/usr/lib/python3/dist-packages/colcon_core/task/python/colcon_distutils_commands:/home/marco/marco/uni/magistrale/IDS_project/install/vision/lib/python3.10/site-packages:${PYTHONPATH} /usr/bin/python3 -W ignore:setup.py install is deprecated -W ignore:easy_install command is deprecated setup.py egg_info --egg-base ../../../build/vision build --build-base /home/marco/marco/uni/magistrale/IDS_project/build/vision/build install --record /home/marco/marco/uni/magistrale/IDS_project/build/vision/install.log --single-version-externally-managed install_data
[5.165s] Level 1:colcon.colcon_core.environment:checking '/home/marco/marco/uni/magistrale/IDS_project/install/vision' for CMake config files
[5.167s] Level 1:colcon.colcon_core.environment:checking '/home/marco/marco/uni/magistrale/IDS_project/install/vision/lib'
[5.170s] Level 1:colcon.colcon_core.environment:checking '/home/marco/marco/uni/magistrale/IDS_project/install/vision/bin'
[5.170s] Level 1:colcon.colcon_core.environment:checking '/home/marco/marco/uni/magistrale/IDS_project/install/vision/lib/pkgconfig/vision.pc'
[5.170s] Level 1:colcon.colcon_core.environment:checking '/home/marco/marco/uni/magistrale/IDS_project/install/vision/lib/python3.10/site-packages'
[5.170s] Level 1:colcon.colcon_core.shell:create_environment_hook('vision', 'pythonpath')
[5.170s] INFO:colcon.colcon_core.shell:Creating environment hook '/home/marco/marco/uni/magistrale/IDS_project/install/vision/share/vision/hook/pythonpath.ps1'
[5.171s] INFO:colcon.colcon_core.shell:Creating environment descriptor '/home/marco/marco/uni/magistrale/IDS_project/install/vision/share/vision/hook/pythonpath.dsv'
[5.171s] INFO:colcon.colcon_core.shell:Creating environment hook '/home/marco/marco/uni/magistrale/IDS_project/install/vision/share/vision/hook/pythonpath.sh'
[5.172s] Level 1:colcon.colcon_core.environment:checking '/home/marco/marco/uni/magistrale/IDS_project/install/vision/bin'
[5.172s] Level 1:colcon.colcon_core.environment:create_environment_scripts_only(vision)
[5.177s] INFO:colcon.colcon_core.shell:Creating package script '/home/marco/marco/uni/magistrale/IDS_project/install/vision/share/vision/package.ps1'
[5.184s] INFO:colcon.colcon_core.shell:Creating package descriptor '/home/marco/marco/uni/magistrale/IDS_project/install/vision/share/vision/package.dsv'
[5.185s] INFO:colcon.colcon_core.shell:Creating package script '/home/marco/marco/uni/magistrale/IDS_project/install/vision/share/vision/package.sh'
[5.186s] INFO:colcon.colcon_core.shell:Creating package script '/home/marco/marco/uni/magistrale/IDS_project/install/vision/share/vision/package.bash'
[5.187s] INFO:colcon.colcon_core.shell:Creating package script '/home/marco/marco/uni/magistrale/IDS_project/install/vision/share/vision/package.zsh'
[5.187s] Level 1:colcon.colcon_core.environment:create_file_with_runtime_dependencies(/home/marco/marco/uni/magistrale/IDS_project/install/vision/share/colcon-core/packages/vision)
[15.486s] DEBUG:colcon.colcon_core.event_handler.log_command:Invoked command in '/home/marco/marco/uni/magistrale/IDS_project/build/project_interfaces' returned '0': CMAKE_PREFIX_PATH=/opt/ros/humble /usr/bin/cmake --build /home/marco/marco/uni/magistrale/IDS_project/build/project_interfaces -- -j8 -l8
[15.507s] DEBUG:colcon.colcon_core.event_handler.log_command:Invoking command in '/home/marco/marco/uni/magistrale/IDS_project/build/project_interfaces': CMAKE_PREFIX_PATH=/opt/ros/humble /usr/bin/cmake --install /home/marco/marco/uni/magistrale/IDS_project/build/project_interfaces
[15.688s] Level 1:colcon.colcon_core.environment:create_environment_scripts_only(project_interfaces)
[15.688s] Level 1:colcon.colcon_core.environment:checking '/home/marco/marco/uni/magistrale/IDS_project/install/project_interfaces' for CMake module files
[15.689s] Level 1:colcon.colcon_core.environment:checking '/home/marco/marco/uni/magistrale/IDS_project/install/project_interfaces' for CMake config files
[15.690s] DEBUG:colcon.colcon_core.event_handler.log_command:Invoked command in '/home/marco/marco/uni/magistrale/IDS_project/build/project_interfaces' returned '0': CMAKE_PREFIX_PATH=/opt/ros/humble /usr/bin/cmake --install /home/marco/marco/uni/magistrale/IDS_project/build/project_interfaces
[15.692s] Level 1:colcon.colcon_core.shell:create_environment_hook('project_interfaces', 'cmake_prefix_path')
[15.692s] INFO:colcon.colcon_core.shell:Creating environment hook '/home/marco/marco/uni/magistrale/IDS_project/install/project_interfaces/share/project_interfaces/hook/cmake_prefix_path.ps1'
[15.694s] INFO:colcon.colcon_core.shell:Creating environment descriptor '/home/marco/marco/uni/magistrale/IDS_project/install/project_interfaces/share/project_interfaces/hook/cmake_prefix_path.dsv'
[15.695s] INFO:colcon.colcon_core.shell:Creating environment hook '/home/marco/marco/uni/magistrale/IDS_project/install/project_interfaces/share/project_interfaces/hook/cmake_prefix_path.sh'
[15.699s] Level 1:colcon.colcon_core.environment:checking '/home/marco/marco/uni/magistrale/IDS_project/install/project_interfaces/lib'
[15.699s] Level 1:colcon.colcon_core.shell:create_environment_hook('project_interfaces', 'ld_library_path_lib')
[15.700s] INFO:colcon.colcon_core.shell:Creating environment hook '/home/marco/marco/uni/magistrale/IDS_project/install/project_interfaces/share/project_interfaces/hook/ld_library_path_lib.ps1'
[15.700s] INFO:colcon.colcon_core.shell:Creating environment descriptor '/home/marco/marco/uni/magistrale/IDS_project/install/project_interfaces/share/project_interfaces/hook/ld_library_path_lib.dsv'
[15.700s] INFO:colcon.colcon_core.shell:Creating environment hook '/home/marco/marco/uni/magistrale/IDS_project/install/project_interfaces/share/project_interfaces/hook/ld_library_path_lib.sh'
[15.703s] Level 1:colcon.colcon_core.environment:checking '/home/marco/marco/uni/magistrale/IDS_project/install/project_interfaces/bin'
[15.703s] Level 1:colcon.colcon_core.environment:checking '/home/marco/marco/uni/magistrale/IDS_project/install/project_interfaces/lib/pkgconfig/project_interfaces.pc'
[15.703s] Level 1:colcon.colcon_core.environment:checking '/home/marco/marco/uni/magistrale/IDS_project/install/project_interfaces/lib/python3.10/site-packages'
[15.708s] Level 1:colcon.colcon_core.environment:checking '/home/marco/marco/uni/magistrale/IDS_project/install/project_interfaces/bin'
[15.710s] INFO:colcon.colcon_core.shell:Creating package script '/home/marco/marco/uni/magistrale/IDS_project/install/project_interfaces/share/project_interfaces/package.ps1'
[15.714s] INFO:colcon.colcon_core.shell:Creating package descriptor '/home/marco/marco/uni/magistrale/IDS_project/install/project_interfaces/share/project_interfaces/package.dsv'
[15.715s] INFO:colcon.colcon_core.shell:Creating package script '/home/marco/marco/uni/magistrale/IDS_project/install/project_interfaces/share/project_interfaces/package.sh'
[15.715s] INFO:colcon.colcon_core.shell:Creating package script '/home/marco/marco/uni/magistrale/IDS_project/install/project_interfaces/share/project_interfaces/package.bash'
[15.715s] INFO:colcon.colcon_core.shell:Creating package script '/home/marco/marco/uni/magistrale/IDS_project/install/project_interfaces/share/project_interfaces/package.zsh'
[15.716s] Level 1:colcon.colcon_core.environment:create_file_with_runtime_dependencies(/home/marco/marco/uni/magistrale/IDS_project/install/project_interfaces/share/colcon-core/packages/project_interfaces)
[15.720s] Level 1:colcon.colcon_core.environment:create_environment_scripts_only(project_interfaces)
[15.720s] Level 1:colcon.colcon_core.environment:checking '/home/marco/marco/uni/magistrale/IDS_project/install/project_interfaces' for CMake module files
[15.721s] Level 1:colcon.colcon_core.environment:checking '/home/marco/marco/uni/magistrale/IDS_project/install/project_interfaces' for CMake config files
[15.721s] Level 1:colcon.colcon_core.shell:create_environment_hook('project_interfaces', 'cmake_prefix_path')
[15.721s] INFO:colcon.colcon_core.shell:Creating environment hook '/home/marco/marco/uni/magistrale/IDS_project/install/project_interfaces/share/project_interfaces/hook/cmake_prefix_path.ps1'
[15.726s] INFO:colcon.colcon_core.shell:Creating environment descriptor '/home/marco/marco/uni/magistrale/IDS_project/install/project_interfaces/share/project_interfaces/hook/cmake_prefix_path.dsv'
[15.726s] INFO:colcon.colcon_core.shell:Creating environment hook '/home/marco/marco/uni/magistrale/IDS_project/install/project_interfaces/share/project_interfaces/hook/cmake_prefix_path.sh'
[15.727s] Level 1:colcon.colcon_core.environment:checking '/home/marco/marco/uni/magistrale/IDS_project/install/project_interfaces/lib'
[15.727s] Level 1:colcon.colcon_core.shell:create_environment_hook('project_interfaces', 'ld_library_path_lib')
[15.728s] INFO:colcon.colcon_core.shell:Creating environment hook '/home/marco/marco/uni/magistrale/IDS_project/install/project_interfaces/share/project_interfaces/hook/ld_library_path_lib.ps1'
[15.732s] INFO:colcon.colcon_core.shell:Creating environment descriptor '/home/marco/marco/uni/magistrale/IDS_project/install/project_interfaces/share/project_interfaces/hook/ld_library_path_lib.dsv'
[15.732s] INFO:colcon.colcon_core.shell:Creating environment hook '/home/marco/marco/uni/magistrale/IDS_project/install/project_interfaces/share/project_interfaces/hook/ld_library_path_lib.sh'
[15.733s] Level 1:colcon.colcon_core.environment:checking '/home/marco/marco/uni/magistrale/IDS_project/install/project_interfaces/bin'
[15.733s] Level 1:colcon.colcon_core.environment:checking '/home/marco/marco/uni/magistrale/IDS_project/install/project_interfaces/lib/pkgconfig/project_interfaces.pc'
[15.733s] Level 1:colcon.colcon_core.environment:checking '/home/marco/marco/uni/magistrale/IDS_project/install/project_interfaces/lib/python3.10/site-packages'
[15.733s] Level 1:colcon.colcon_core.environment:checking '/home/marco/marco/uni/magistrale/IDS_project/install/project_interfaces/bin'
[15.734s] INFO:colcon.colcon_core.shell:Creating package script '/home/marco/marco/uni/magistrale/IDS_project/install/project_interfaces/share/project_interfaces/package.ps1'
[15.735s] INFO:colcon.colcon_core.shell:Creating package descriptor '/home/marco/marco/uni/magistrale/IDS_project/install/project_interfaces/share/project_interfaces/package.dsv'
[15.735s] INFO:colcon.colcon_core.shell:Creating package script '/home/marco/marco/uni/magistrale/IDS_project/install/project_interfaces/share/project_interfaces/package.sh'
[15.739s] INFO:colcon.colcon_core.shell:Creating package script '/home/marco/marco/uni/magistrale/IDS_project/install/project_interfaces/share/project_interfaces/package.bash'
[15.740s] INFO:colcon.colcon_core.shell:Creating package script '/home/marco/marco/uni/magistrale/IDS_project/install/project_interfaces/share/project_interfaces/package.zsh'
[15.740s] Level 1:colcon.colcon_core.environment:create_file_with_runtime_dependencies(/home/marco/marco/uni/magistrale/IDS_project/install/project_interfaces/share/colcon-core/packages/project_interfaces)
[20.836s] DEBUG:colcon.colcon_core.event_handler.log_command:Invoked command in '/home/marco/marco/uni/magistrale/IDS_project/build/compressed_depth_image_transport' returned '0': CMAKE_PREFIX_PATH=/opt/ros/humble /usr/bin/cmake --build /home/marco/marco/uni/magistrale/IDS_project/build/compressed_depth_image_transport -- -j8 -l8
[20.839s] DEBUG:colcon.colcon_core.event_handler.log_command:Invoking command in '/home/marco/marco/uni/magistrale/IDS_project/build/compressed_depth_image_transport': CMAKE_PREFIX_PATH=/opt/ros/humble /usr/bin/cmake --install /home/marco/marco/uni/magistrale/IDS_project/build/compressed_depth_image_transport
[20.861s] Level 1:colcon.colcon_core.environment:create_environment_scripts_only(compressed_depth_image_transport)
[20.862s] Level 1:colcon.colcon_core.environment:checking '/home/marco/marco/uni/magistrale/IDS_project/install/compressed_depth_image_transport' for CMake module files
[20.862s] DEBUG:colcon.colcon_core.event_handler.log_command:Invoked command in '/home/marco/marco/uni/magistrale/IDS_project/build/compressed_depth_image_transport' returned '0': CMAKE_PREFIX_PATH=/opt/ros/humble /usr/bin/cmake --install /home/marco/marco/uni/magistrale/IDS_project/build/compressed_depth_image_transport
[20.862s] Level 1:colcon.colcon_core.environment:checking '/home/marco/marco/uni/magistrale/IDS_project/install/compressed_depth_image_transport' for CMake config files
[20.863s] Level 1:colcon.colcon_core.shell:create_environment_hook('compressed_depth_image_transport', 'cmake_prefix_path')
[20.863s] INFO:colcon.colcon_core.shell:Creating environment hook '/home/marco/marco/uni/magistrale/IDS_project/install/compressed_depth_image_transport/share/compressed_depth_image_transport/hook/cmake_prefix_path.ps1'
[20.864s] INFO:colcon.colcon_core.shell:Creating environment descriptor '/home/marco/marco/uni/magistrale/IDS_project/install/compressed_depth_image_transport/share/compressed_depth_image_transport/hook/cmake_prefix_path.dsv'
[20.865s] INFO:colcon.colcon_core.shell:Creating environment hook '/home/marco/marco/uni/magistrale/IDS_project/install/compressed_depth_image_transport/share/compressed_depth_image_transport/hook/cmake_prefix_path.sh'
[20.867s] Level 1:colcon.colcon_core.environment:checking '/home/marco/marco/uni/magistrale/IDS_project/install/compressed_depth_image_transport/lib'
[20.867s] Level 1:colcon.colcon_core.shell:create_environment_hook('compressed_depth_image_transport', 'ld_library_path_lib')
[20.868s] INFO:colcon.colcon_core.shell:Creating environment hook '/home/marco/marco/uni/magistrale/IDS_project/install/compressed_depth_image_transport/share/compressed_depth_image_transport/hook/ld_library_path_lib.ps1'
[20.869s] INFO:colcon.colcon_core.shell:Creating environment descriptor '/home/marco/marco/uni/magistrale/IDS_project/install/compressed_depth_image_transport/share/compressed_depth_image_transport/hook/ld_library_path_lib.dsv'
[20.870s] INFO:colcon.colcon_core.shell:Creating environment hook '/home/marco/marco/uni/magistrale/IDS_project/install/compressed_depth_image_transport/share/compressed_depth_image_transport/hook/ld_library_path_lib.sh'
[20.870s] Level 1:colcon.colcon_core.environment:checking '/home/marco/marco/uni/magistrale/IDS_project/install/compressed_depth_image_transport/bin'
[20.871s] Level 1:colcon.colcon_core.environment:checking '/home/marco/marco/uni/magistrale/IDS_project/install/compressed_depth_image_transport/lib/pkgconfig/compressed_depth_image_transport.pc'
[20.871s] Level 1:colcon.colcon_core.environment:checking '/home/marco/marco/uni/magistrale/IDS_project/install/compressed_depth_image_transport/lib/python3.10/site-packages'
[20.871s] Level 1:colcon.colcon_core.environment:checking '/home/marco/marco/uni/magistrale/IDS_project/install/compressed_depth_image_transport/bin'
[20.871s] INFO:colcon.colcon_core.shell:Creating package script '/home/marco/marco/uni/magistrale/IDS_project/install/compressed_depth_image_transport/share/compressed_depth_image_transport/package.ps1'
[20.873s] INFO:colcon.colcon_core.shell:Creating package descriptor '/home/marco/marco/uni/magistrale/IDS_project/install/compressed_depth_image_transport/share/compressed_depth_image_transport/package.dsv'
[20.874s] INFO:colcon.colcon_core.shell:Creating package script '/home/marco/marco/uni/magistrale/IDS_project/install/compressed_depth_image_transport/share/compressed_depth_image_transport/package.sh'
[20.875s] INFO:colcon.colcon_core.shell:Creating package script '/home/marco/marco/uni/magistrale/IDS_project/install/compressed_depth_image_transport/share/compressed_depth_image_transport/package.bash'
[20.875s] INFO:colcon.colcon_core.shell:Creating package script '/home/marco/marco/uni/magistrale/IDS_project/install/compressed_depth_image_transport/share/compressed_depth_image_transport/package.zsh'
[20.875s] Level 1:colcon.colcon_core.environment:create_file_with_runtime_dependencies(/home/marco/marco/uni/magistrale/IDS_project/install/compressed_depth_image_transport/share/colcon-core/packages/compressed_depth_image_transport)
[20.877s] Level 1:colcon.colcon_core.environment:create_environment_scripts_only(compressed_depth_image_transport)
[20.878s] Level 1:colcon.colcon_core.environment:checking '/home/marco/marco/uni/magistrale/IDS_project/install/compressed_depth_image_transport' for CMake module files
[20.878s] Level 1:colcon.colcon_core.environment:checking '/home/marco/marco/uni/magistrale/IDS_project/install/compressed_depth_image_transport' for CMake config files
[20.879s] Level 1:colcon.colcon_core.shell:create_environment_hook('compressed_depth_image_transport', 'cmake_prefix_path')
[20.879s] INFO:colcon.colcon_core.shell:Creating environment hook '/home/marco/marco/uni/magistrale/IDS_project/install/compressed_depth_image_transport/share/compressed_depth_image_transport/hook/cmake_prefix_path.ps1'
[20.880s] INFO:colcon.colcon_core.shell:Creating environment descriptor '/home/marco/marco/uni/magistrale/IDS_project/install/compressed_depth_image_transport/share/compressed_depth_image_transport/hook/cmake_prefix_path.dsv'
[20.880s] INFO:colcon.colcon_core.shell:Creating environment hook '/home/marco/marco/uni/magistrale/IDS_project/install/compressed_depth_image_transport/share/compressed_depth_image_transport/hook/cmake_prefix_path.sh'
[20.881s] Level 1:colcon.colcon_core.environment:checking '/home/marco/marco/uni/magistrale/IDS_project/install/compressed_depth_image_transport/lib'
[20.881s] Level 1:colcon.colcon_core.shell:create_environment_hook('compressed_depth_image_transport', 'ld_library_path_lib')
[20.881s] INFO:colcon.colcon_core.shell:Creating environment hook '/home/marco/marco/uni/magistrale/IDS_project/install/compressed_depth_image_transport/share/compressed_depth_image_transport/hook/ld_library_path_lib.ps1'
[20.882s] INFO:colcon.colcon_core.shell:Creating environment descriptor '/home/marco/marco/uni/magistrale/IDS_project/install/compressed_depth_image_transport/share/compressed_depth_image_transport/hook/ld_library_path_lib.dsv'
[20.882s] INFO:colcon.colcon_core.shell:Creating environment hook '/home/marco/marco/uni/magistrale/IDS_project/install/compressed_depth_image_transport/share/compressed_depth_image_transport/hook/ld_library_path_lib.sh'
[20.882s] Level 1:colcon.colcon_core.environment:checking '/home/marco/marco/uni/magistrale/IDS_project/install/compressed_depth_image_transport/bin'
[20.882s] Level 1:colcon.colcon_core.environment:checking '/home/marco/marco/uni/magistrale/IDS_project/install/compressed_depth_image_transport/lib/pkgconfig/compressed_depth_image_transport.pc'
[20.883s] Level 1:colcon.colcon_core.environment:checking '/home/marco/marco/uni/magistrale/IDS_project/install/compressed_depth_image_transport/lib/python3.10/site-packages'
[20.883s] Level 1:colcon.colcon_core.environment:checking '/home/marco/marco/uni/magistrale/IDS_project/install/compressed_depth_image_transport/bin'
[20.883s] INFO:colcon.colcon_core.shell:Creating package script '/home/marco/marco/uni/magistrale/IDS_project/install/compressed_depth_image_transport/share/compressed_depth_image_transport/package.ps1'
[20.884s] INFO:colcon.colcon_core.shell:Creating package descriptor '/home/marco/marco/uni/magistrale/IDS_project/install/compressed_depth_image_transport/share/compressed_depth_image_transport/package.dsv'
[20.884s] INFO:colcon.colcon_core.shell:Creating package script '/home/marco/marco/uni/magistrale/IDS_project/install/compressed_depth_image_transport/share/compressed_depth_image_transport/package.sh'
[20.885s] INFO:colcon.colcon_core.shell:Creating package script '/home/marco/marco/uni/magistrale/IDS_project/install/compressed_depth_image_transport/share/compressed_depth_image_transport/package.bash'
[20.885s] INFO:colcon.colcon_core.shell:Creating package script '/home/marco/marco/uni/magistrale/IDS_project/install/compressed_depth_image_transport/share/compressed_depth_image_transport/package.zsh'
[20.885s] Level 1:colcon.colcon_core.environment:create_file_with_runtime_dependencies(/home/marco/marco/uni/magistrale/IDS_project/install/compressed_depth_image_transport/share/colcon-core/packages/compressed_depth_image_transport)
[21.409s] DEBUG:colcon.colcon_core.event_handler.log_command:Invoked command in '/home/marco/marco/uni/magistrale/IDS_project/build/compressed_image_transport' returned '0': CMAKE_PREFIX_PATH=/opt/ros/humble /usr/bin/cmake --build /home/marco/marco/uni/magistrale/IDS_project/build/compressed_image_transport -- -j8 -l8
[21.411s] DEBUG:colcon.colcon_core.event_handler.log_command:Invoking command in '/home/marco/marco/uni/magistrale/IDS_project/build/compressed_image_transport': CMAKE_PREFIX_PATH=/opt/ros/humble /usr/bin/cmake --install /home/marco/marco/uni/magistrale/IDS_project/build/compressed_image_transport
[21.427s] Level 1:colcon.colcon_core.environment:create_environment_scripts_only(compressed_image_transport)
[21.428s] Level 1:colcon.colcon_core.environment:checking '/home/marco/marco/uni/magistrale/IDS_project/install/compressed_image_transport' for CMake module files
[21.429s] DEBUG:colcon.colcon_core.event_handler.log_command:Invoked command in '/home/marco/marco/uni/magistrale/IDS_project/build/compressed_image_transport' returned '0': CMAKE_PREFIX_PATH=/opt/ros/humble /usr/bin/cmake --install /home/marco/marco/uni/magistrale/IDS_project/build/compressed_image_transport
[21.430s] Level 1:colcon.colcon_core.environment:checking '/home/marco/marco/uni/magistrale/IDS_project/install/compressed_image_transport' for CMake config files
[21.430s] Level 1:colcon.colcon_core.shell:create_environment_hook('compressed_image_transport', 'cmake_prefix_path')
[21.430s] INFO:colcon.colcon_core.shell:Creating environment hook '/home/marco/marco/uni/magistrale/IDS_project/install/compressed_image_transport/share/compressed_image_transport/hook/cmake_prefix_path.ps1'
[21.433s] INFO:colcon.colcon_core.shell:Creating environment descriptor '/home/marco/marco/uni/magistrale/IDS_project/install/compressed_image_transport/share/compressed_image_transport/hook/cmake_prefix_path.dsv'
[21.435s] INFO:colcon.colcon_core.shell:Creating environment hook '/home/marco/marco/uni/magistrale/IDS_project/install/compressed_image_transport/share/compressed_image_transport/hook/cmake_prefix_path.sh'
[21.436s] Level 1:colcon.colcon_core.environment:checking '/home/marco/marco/uni/magistrale/IDS_project/install/compressed_image_transport/lib'
[21.437s] Level 1:colcon.colcon_core.shell:create_environment_hook('compressed_image_transport', 'ld_library_path_lib')
[21.438s] INFO:colcon.colcon_core.shell:Creating environment hook '/home/marco/marco/uni/magistrale/IDS_project/install/compressed_image_transport/share/compressed_image_transport/hook/ld_library_path_lib.ps1'
[21.438s] INFO:colcon.colcon_core.shell:Creating environment descriptor '/home/marco/marco/uni/magistrale/IDS_project/install/compressed_image_transport/share/compressed_image_transport/hook/ld_library_path_lib.dsv'
[21.439s] INFO:colcon.colcon_core.shell:Creating environment hook '/home/marco/marco/uni/magistrale/IDS_project/install/compressed_image_transport/share/compressed_image_transport/hook/ld_library_path_lib.sh'
[21.440s] Level 1:colcon.colcon_core.environment:checking '/home/marco/marco/uni/magistrale/IDS_project/install/compressed_image_transport/bin'
[21.440s] Level 1:colcon.colcon_core.environment:checking '/home/marco/marco/uni/magistrale/IDS_project/install/compressed_image_transport/lib/pkgconfig/compressed_image_transport.pc'
[21.440s] Level 1:colcon.colcon_core.environment:checking '/home/marco/marco/uni/magistrale/IDS_project/install/compressed_image_transport/lib/python3.10/site-packages'
[21.440s] Level 1:colcon.colcon_core.environment:checking '/home/marco/marco/uni/magistrale/IDS_project/install/compressed_image_transport/bin'
[21.442s] INFO:colcon.colcon_core.shell:Creating package script '/home/marco/marco/uni/magistrale/IDS_project/install/compressed_image_transport/share/compressed_image_transport/package.ps1'
[21.443s] INFO:colcon.colcon_core.shell:Creating package descriptor '/home/marco/marco/uni/magistrale/IDS_project/install/compressed_image_transport/share/compressed_image_transport/package.dsv'
[21.446s] INFO:colcon.colcon_core.shell:Creating package script '/home/marco/marco/uni/magistrale/IDS_project/install/compressed_image_transport/share/compressed_image_transport/package.sh'
[21.447s] INFO:colcon.colcon_core.shell:Creating package script '/home/marco/marco/uni/magistrale/IDS_project/install/compressed_image_transport/share/compressed_image_transport/package.bash'
[21.448s] INFO:colcon.colcon_core.shell:Creating package script '/home/marco/marco/uni/magistrale/IDS_project/install/compressed_image_transport/share/compressed_image_transport/package.zsh'
[21.449s] Level 1:colcon.colcon_core.environment:create_file_with_runtime_dependencies(/home/marco/marco/uni/magistrale/IDS_project/install/compressed_image_transport/share/colcon-core/packages/compressed_image_transport)
[21.450s] Level 1:colcon.colcon_core.environment:create_environment_scripts_only(compressed_image_transport)
[21.451s] Level 1:colcon.colcon_core.environment:checking '/home/marco/marco/uni/magistrale/IDS_project/install/compressed_image_transport' for CMake module files
[21.452s] Level 1:colcon.colcon_core.environment:checking '/home/marco/marco/uni/magistrale/IDS_project/install/compressed_image_transport' for CMake config files
[21.452s] Level 1:colcon.colcon_core.shell:create_environment_hook('compressed_image_transport', 'cmake_prefix_path')
[21.452s] INFO:colcon.colcon_core.shell:Creating environment hook '/home/marco/marco/uni/magistrale/IDS_project/install/compressed_image_transport/share/compressed_image_transport/hook/cmake_prefix_path.ps1'
[21.454s] INFO:colcon.colcon_core.shell:Creating environment descriptor '/home/marco/marco/uni/magistrale/IDS_project/install/compressed_image_transport/share/compressed_image_transport/hook/cmake_prefix_path.dsv'
[21.455s] INFO:colcon.colcon_core.shell:Creating environment hook '/home/marco/marco/uni/magistrale/IDS_project/install/compressed_image_transport/share/compressed_image_transport/hook/cmake_prefix_path.sh'
[21.457s] Level 1:colcon.colcon_core.environment:checking '/home/marco/marco/uni/magistrale/IDS_project/install/compressed_image_transport/lib'
[21.457s] Level 1:colcon.colcon_core.shell:create_environment_hook('compressed_image_transport', 'ld_library_path_lib')
[21.458s] INFO:colcon.colcon_core.shell:Creating environment hook '/home/marco/marco/uni/magistrale/IDS_project/install/compressed_image_transport/share/compressed_image_transport/hook/ld_library_path_lib.ps1'
[21.460s] INFO:colcon.colcon_core.shell:Creating environment descriptor '/home/marco/marco/uni/magistrale/IDS_project/install/compressed_image_transport/share/compressed_image_transport/hook/ld_library_path_lib.dsv'
[21.460s] INFO:colcon.colcon_core.shell:Creating environment hook '/home/marco/marco/uni/magistrale/IDS_project/install/compressed_image_transport/share/compressed_image_transport/hook/ld_library_path_lib.sh'
[21.461s] Level 1:colcon.colcon_core.environment:checking '/home/marco/marco/uni/magistrale/IDS_project/install/compressed_image_transport/bin'
[21.461s] Level 1:colcon.colcon_core.environment:checking '/home/marco/marco/uni/magistrale/IDS_project/install/compressed_image_transport/lib/pkgconfig/compressed_image_transport.pc'
[21.462s] Level 1:colcon.colcon_core.environment:checking '/home/marco/marco/uni/magistrale/IDS_project/install/compressed_image_transport/lib/python3.10/site-packages'
[21.462s] Level 1:colcon.colcon_core.environment:checking '/home/marco/marco/uni/magistrale/IDS_project/install/compressed_image_transport/bin'
[21.464s] INFO:colcon.colcon_core.shell:Creating package script '/home/marco/marco/uni/magistrale/IDS_project/install/compressed_image_transport/share/compressed_image_transport/package.ps1'
[21.466s] INFO:colcon.colcon_core.shell:Creating package descriptor '/home/marco/marco/uni/magistrale/IDS_project/install/compressed_image_transport/share/compressed_image_transport/package.dsv'
[21.469s] INFO:colcon.colcon_core.shell:Creating package script '/home/marco/marco/uni/magistrale/IDS_project/install/compressed_image_transport/share/compressed_image_transport/package.sh'
[21.469s] INFO:colcon.colcon_core.shell:Creating package script '/home/marco/marco/uni/magistrale/IDS_project/install/compressed_image_transport/share/compressed_image_transport/package.bash'
[21.470s] INFO:colcon.colcon_core.shell:Creating package script '/home/marco/marco/uni/magistrale/IDS_project/install/compressed_image_transport/share/compressed_image_transport/package.zsh'
[21.470s] Level 1:colcon.colcon_core.environment:create_file_with_runtime_dependencies(/home/marco/marco/uni/magistrale/IDS_project/install/compressed_image_transport/share/colcon-core/packages/compressed_image_transport)
[22.268s] DEBUG:colcon.colcon_core.event_handler.log_command:Invoked command in '/home/marco/marco/uni/magistrale/IDS_project/build/theora_image_transport' returned '0': CMAKE_PREFIX_PATH=/opt/ros/humble /usr/bin/cmake --build /home/marco/marco/uni/magistrale/IDS_project/build/theora_image_transport -- -j8 -l8
[22.269s] DEBUG:colcon.colcon_core.event_handler.log_command:Invoking command in '/home/marco/marco/uni/magistrale/IDS_project/build/theora_image_transport': CMAKE_PREFIX_PATH=/opt/ros/humble /usr/bin/cmake --install /home/marco/marco/uni/magistrale/IDS_project/build/theora_image_transport
[22.319s] Level 1:colcon.colcon_core.environment:create_environment_scripts_only(theora_image_transport)
[22.319s] Level 1:colcon.colcon_core.environment:checking '/home/marco/marco/uni/magistrale/IDS_project/install/theora_image_transport' for CMake module files
[22.319s] DEBUG:colcon.colcon_core.event_handler.log_command:Invoked command in '/home/marco/marco/uni/magistrale/IDS_project/build/theora_image_transport' returned '0': CMAKE_PREFIX_PATH=/opt/ros/humble /usr/bin/cmake --install /home/marco/marco/uni/magistrale/IDS_project/build/theora_image_transport
[22.319s] Level 1:colcon.colcon_core.environment:checking '/home/marco/marco/uni/magistrale/IDS_project/install/theora_image_transport' for CMake config files
[22.320s] Level 1:colcon.colcon_core.shell:create_environment_hook('theora_image_transport', 'cmake_prefix_path')
[22.320s] INFO:colcon.colcon_core.shell:Creating environment hook '/home/marco/marco/uni/magistrale/IDS_project/install/theora_image_transport/share/theora_image_transport/hook/cmake_prefix_path.ps1'
[22.320s] INFO:colcon.colcon_core.shell:Creating environment descriptor '/home/marco/marco/uni/magistrale/IDS_project/install/theora_image_transport/share/theora_image_transport/hook/cmake_prefix_path.dsv'
[22.320s] INFO:colcon.colcon_core.shell:Creating environment hook '/home/marco/marco/uni/magistrale/IDS_project/install/theora_image_transport/share/theora_image_transport/hook/cmake_prefix_path.sh'
[22.321s] Level 1:colcon.colcon_core.environment:checking '/home/marco/marco/uni/magistrale/IDS_project/install/theora_image_transport/lib'
[22.321s] Level 1:colcon.colcon_core.shell:create_environment_hook('theora_image_transport', 'ld_library_path_lib')
[22.321s] INFO:colcon.colcon_core.shell:Creating environment hook '/home/marco/marco/uni/magistrale/IDS_project/install/theora_image_transport/share/theora_image_transport/hook/ld_library_path_lib.ps1'
[22.321s] INFO:colcon.colcon_core.shell:Creating environment descriptor '/home/marco/marco/uni/magistrale/IDS_project/install/theora_image_transport/share/theora_image_transport/hook/ld_library_path_lib.dsv'
[22.321s] INFO:colcon.colcon_core.shell:Creating environment hook '/home/marco/marco/uni/magistrale/IDS_project/install/theora_image_transport/share/theora_image_transport/hook/ld_library_path_lib.sh'
[22.321s] Level 1:colcon.colcon_core.environment:checking '/home/marco/marco/uni/magistrale/IDS_project/install/theora_image_transport/bin'
[22.321s] Level 1:colcon.colcon_core.environment:checking '/home/marco/marco/uni/magistrale/IDS_project/install/theora_image_transport/lib/pkgconfig/theora_image_transport.pc'
[22.321s] Level 1:colcon.colcon_core.environment:checking '/home/marco/marco/uni/magistrale/IDS_project/install/theora_image_transport/lib/python3.10/site-packages'
[22.322s] Level 1:colcon.colcon_core.environment:checking '/home/marco/marco/uni/magistrale/IDS_project/install/theora_image_transport/bin'
[22.322s] INFO:colcon.colcon_core.shell:Creating package script '/home/marco/marco/uni/magistrale/IDS_project/install/theora_image_transport/share/theora_image_transport/package.ps1'
[22.322s] INFO:colcon.colcon_core.shell:Creating package descriptor '/home/marco/marco/uni/magistrale/IDS_project/install/theora_image_transport/share/theora_image_transport/package.dsv'
[22.322s] INFO:colcon.colcon_core.shell:Creating package script '/home/marco/marco/uni/magistrale/IDS_project/install/theora_image_transport/share/theora_image_transport/package.sh'
[22.323s] INFO:colcon.colcon_core.shell:Creating package script '/home/marco/marco/uni/magistrale/IDS_project/install/theora_image_transport/share/theora_image_transport/package.bash'
[22.323s] INFO:colcon.colcon_core.shell:Creating package script '/home/marco/marco/uni/magistrale/IDS_project/install/theora_image_transport/share/theora_image_transport/package.zsh'
[22.323s] Level 1:colcon.colcon_core.environment:create_file_with_runtime_dependencies(/home/marco/marco/uni/magistrale/IDS_project/install/theora_image_transport/share/colcon-core/packages/theora_image_transport)
[22.323s] Level 1:colcon.colcon_core.environment:create_environment_scripts_only(theora_image_transport)
[22.324s] Level 1:colcon.colcon_core.environment:checking '/home/marco/marco/uni/magistrale/IDS_project/install/theora_image_transport' for CMake module files
[22.324s] Level 1:colcon.colcon_core.environment:checking '/home/marco/marco/uni/magistrale/IDS_project/install/theora_image_transport' for CMake config files
[22.324s] Level 1:colcon.colcon_core.shell:create_environment_hook('theora_image_transport', 'cmake_prefix_path')
[22.324s] INFO:colcon.colcon_core.shell:Creating environment hook '/home/marco/marco/uni/magistrale/IDS_project/install/theora_image_transport/share/theora_image_transport/hook/cmake_prefix_path.ps1'
[22.324s] INFO:colcon.colcon_core.shell:Creating environment descriptor '/home/marco/marco/uni/magistrale/IDS_project/install/theora_image_transport/share/theora_image_transport/hook/cmake_prefix_path.dsv'
[22.325s] INFO:colcon.colcon_core.shell:Creating environment hook '/home/marco/marco/uni/magistrale/IDS_project/install/theora_image_transport/share/theora_image_transport/hook/cmake_prefix_path.sh'
[22.325s] Level 1:colcon.colcon_core.environment:checking '/home/marco/marco/uni/magistrale/IDS_project/install/theora_image_transport/lib'
[22.325s] Level 1:colcon.colcon_core.shell:create_environment_hook('theora_image_transport', 'ld_library_path_lib')
[22.325s] INFO:colcon.colcon_core.shell:Creating environment hook '/home/marco/marco/uni/magistrale/IDS_project/install/theora_image_transport/share/theora_image_transport/hook/ld_library_path_lib.ps1'
[22.325s] INFO:colcon.colcon_core.shell:Creating environment descriptor '/home/marco/marco/uni/magistrale/IDS_project/install/theora_image_transport/share/theora_image_transport/hook/ld_library_path_lib.dsv'
[22.325s] INFO:colcon.colcon_core.shell:Creating environment hook '/home/marco/marco/uni/magistrale/IDS_project/install/theora_image_transport/share/theora_image_transport/hook/ld_library_path_lib.sh'
[22.326s] Level 1:colcon.colcon_core.environment:checking '/home/marco/marco/uni/magistrale/IDS_project/install/theora_image_transport/bin'
[22.326s] Level 1:colcon.colcon_core.environment:checking '/home/marco/marco/uni/magistrale/IDS_project/install/theora_image_transport/lib/pkgconfig/theora_image_transport.pc'
[22.326s] Level 1:colcon.colcon_core.environment:checking '/home/marco/marco/uni/magistrale/IDS_project/install/theora_image_transport/lib/python3.10/site-packages'
[22.326s] Level 1:colcon.colcon_core.environment:checking '/home/marco/marco/uni/magistrale/IDS_project/install/theora_image_transport/bin'
[22.326s] INFO:colcon.colcon_core.shell:Creating package script '/home/marco/marco/uni/magistrale/IDS_project/install/theora_image_transport/share/theora_image_transport/package.ps1'
[22.327s] INFO:colcon.colcon_core.shell:Creating package descriptor '/home/marco/marco/uni/magistrale/IDS_project/install/theora_image_transport/share/theora_image_transport/package.dsv'
[22.327s] INFO:colcon.colcon_core.shell:Creating package script '/home/marco/marco/uni/magistrale/IDS_project/install/theora_image_transport/share/theora_image_transport/package.sh'
[22.327s] INFO:colcon.colcon_core.shell:Creating package script '/home/marco/marco/uni/magistrale/IDS_project/install/theora_image_transport/share/theora_image_transport/package.bash'
[22.327s] INFO:colcon.colcon_core.shell:Creating package script '/home/marco/marco/uni/magistrale/IDS_project/install/theora_image_transport/share/theora_image_transport/package.zsh'
[22.328s] Level 1:colcon.colcon_core.environment:create_file_with_runtime_dependencies(/home/marco/marco/uni/magistrale/IDS_project/install/theora_image_transport/share/colcon-core/packages/theora_image_transport)
[22.328s] INFO:colcon.colcon_ros.task.ament_cmake.build:Building ROS package in '/home/marco/marco/uni/magistrale/IDS_project/ros2_ws/src/image_transport_plugins/image_transport_plugins' with build type 'ament_cmake'
[22.328s] INFO:colcon.colcon_cmake.task.cmake.build:Building CMake package in '/home/marco/marco/uni/magistrale/IDS_project/ros2_ws/src/image_transport_plugins/image_transport_plugins'
[22.328s] INFO:colcon.colcon_core.shell:Skip shell extension 'powershell' for command environment: Not usable outside of PowerShell
[22.328s] DEBUG:colcon.colcon_core.shell:Skip shell extension 'dsv' for command environment
[22.334s] DEBUG:colcon.colcon_core.event_handler.log_command:Invoking command in '/home/marco/marco/uni/magistrale/IDS_project/build/image_transport_plugins': AMENT_PREFIX_PATH=/home/marco/marco/uni/magistrale/IDS_project/install/theora_image_transport:/home/marco/marco/uni/magistrale/IDS_project/install/compressed_image_transport:/home/marco/marco/uni/magistrale/IDS_project/install/compressed_depth_image_transport:${AMENT_PREFIX_PATH} CMAKE_PREFIX_PATH=/home/marco/marco/uni/magistrale/IDS_project/install/theora_image_transport:/home/marco/marco/uni/magistrale/IDS_project/install/compressed_image_transport:/home/marco/marco/uni/magistrale/IDS_project/install/compressed_depth_image_transport:/opt/ros/humble LD_LIBRARY_PATH=/home/marco/marco/uni/magistrale/IDS_project/install/theora_image_transport/lib:/home/marco/marco/uni/magistrale/IDS_project/install/compressed_image_transport/lib:/home/marco/marco/uni/magistrale/IDS_project/install/compressed_depth_image_transport/lib:${LD_LIBRARY_PATH} PYTHONPATH=/home/marco/marco/uni/magistrale/IDS_project/install/theora_image_transport/local/lib/python3.10/dist-packages:${PYTHONPATH} /usr/bin/cmake /home/marco/marco/uni/magistrale/IDS_project/ros2_ws/src/image_transport_plugins/image_transport_plugins -DCMAKE_INSTALL_PREFIX=/home/marco/marco/uni/magistrale/IDS_project/install/image_transport_plugins
[22.933s] DEBUG:colcon.colcon_core.event_handler.log_command:Invoked command in '/home/marco/marco/uni/magistrale/IDS_project/build/image_transport_plugins' returned '0': AMENT_PREFIX_PATH=/home/marco/marco/uni/magistrale/IDS_project/install/theora_image_transport:/home/marco/marco/uni/magistrale/IDS_project/install/compressed_image_transport:/home/marco/marco/uni/magistrale/IDS_project/install/compressed_depth_image_transport:${AMENT_PREFIX_PATH} CMAKE_PREFIX_PATH=/home/marco/marco/uni/magistrale/IDS_project/install/theora_image_transport:/home/marco/marco/uni/magistrale/IDS_project/install/compressed_image_transport:/home/marco/marco/uni/magistrale/IDS_project/install/compressed_depth_image_transport:/opt/ros/humble LD_LIBRARY_PATH=/home/marco/marco/uni/magistrale/IDS_project/install/theora_image_transport/lib:/home/marco/marco/uni/magistrale/IDS_project/install/compressed_image_transport/lib:/home/marco/marco/uni/magistrale/IDS_project/install/compressed_depth_image_transport/lib:${LD_LIBRARY_PATH} PYTHONPATH=/home/marco/marco/uni/magistrale/IDS_project/install/theora_image_transport/local/lib/python3.10/dist-packages:${PYTHONPATH} /usr/bin/cmake /home/marco/marco/uni/magistrale/IDS_project/ros2_ws/src/image_transport_plugins/image_transport_plugins -DCMAKE_INSTALL_PREFIX=/home/marco/marco/uni/magistrale/IDS_project/install/image_transport_plugins
[22.936s] DEBUG:colcon.colcon_core.event_handler.log_command:Invoking command in '/home/marco/marco/uni/magistrale/IDS_project/build/image_transport_plugins': AMENT_PREFIX_PATH=/home/marco/marco/uni/magistrale/IDS_project/install/theora_image_transport:/home/marco/marco/uni/magistrale/IDS_project/install/compressed_image_transport:/home/marco/marco/uni/magistrale/IDS_project/install/compressed_depth_image_transport:${AMENT_PREFIX_PATH} CMAKE_PREFIX_PATH=/home/marco/marco/uni/magistrale/IDS_project/install/theora_image_transport:/home/marco/marco/uni/magistrale/IDS_project/install/compressed_image_transport:/home/marco/marco/uni/magistrale/IDS_project/install/compressed_depth_image_transport:/opt/ros/humble LD_LIBRARY_PATH=/home/marco/marco/uni/magistrale/IDS_project/install/theora_image_transport/lib:/home/marco/marco/uni/magistrale/IDS_project/install/compressed_image_transport/lib:/home/marco/marco/uni/magistrale/IDS_project/install/compressed_depth_image_transport/lib:${LD_LIBRARY_PATH} PYTHONPATH=/home/marco/marco/uni/magistrale/IDS_project/install/theora_image_transport/local/lib/python3.10/dist-packages:${PYTHONPATH} /usr/bin/cmake --build /home/marco/marco/uni/magistrale/IDS_project/build/image_transport_plugins -- -j8 -l8
[22.966s] DEBUG:colcon.colcon_core.event_handler.log_command:Invoked command in '/home/marco/marco/uni/magistrale/IDS_project/build/image_transport_plugins' returned '0': AMENT_PREFIX_PATH=/home/marco/marco/uni/magistrale/IDS_project/install/theora_image_transport:/home/marco/marco/uni/magistrale/IDS_project/install/compressed_image_transport:/home/marco/marco/uni/magistrale/IDS_project/install/compressed_depth_image_transport:${AMENT_PREFIX_PATH} CMAKE_PREFIX_PATH=/home/marco/marco/uni/magistrale/IDS_project/install/theora_image_transport:/home/marco/marco/uni/magistrale/IDS_project/install/compressed_image_transport:/home/marco/marco/uni/magistrale/IDS_project/install/compressed_depth_image_transport:/opt/ros/humble LD_LIBRARY_PATH=/home/marco/marco/uni/magistrale/IDS_project/install/theora_image_transport/lib:/home/marco/marco/uni/magistrale/IDS_project/install/compressed_image_transport/lib:/home/marco/marco/uni/magistrale/IDS_project/install/compressed_depth_image_transport/lib:${LD_LIBRARY_PATH} PYTHONPATH=/home/marco/marco/uni/magistrale/IDS_project/install/theora_image_transport/local/lib/python3.10/dist-packages:${PYTHONPATH} /usr/bin/cmake --build /home/marco/marco/uni/magistrale/IDS_project/build/image_transport_plugins -- -j8 -l8
[22.967s] DEBUG:colcon.colcon_core.event_handler.log_command:Invoking command in '/home/marco/marco/uni/magistrale/IDS_project/build/image_transport_plugins': AMENT_PREFIX_PATH=/home/marco/marco/uni/magistrale/IDS_project/install/theora_image_transport:/home/marco/marco/uni/magistrale/IDS_project/install/compressed_image_transport:/home/marco/marco/uni/magistrale/IDS_project/install/compressed_depth_image_transport:${AMENT_PREFIX_PATH} CMAKE_PREFIX_PATH=/home/marco/marco/uni/magistrale/IDS_project/install/theora_image_transport:/home/marco/marco/uni/magistrale/IDS_project/install/compressed_image_transport:/home/marco/marco/uni/magistrale/IDS_project/install/compressed_depth_image_transport:/opt/ros/humble LD_LIBRARY_PATH=/home/marco/marco/uni/magistrale/IDS_project/install/theora_image_transport/lib:/home/marco/marco/uni/magistrale/IDS_project/install/compressed_image_transport/lib:/home/marco/marco/uni/magistrale/IDS_project/install/compressed_depth_image_transport/lib:${LD_LIBRARY_PATH} PYTHONPATH=/home/marco/marco/uni/magistrale/IDS_project/install/theora_image_transport/local/lib/python3.10/dist-packages:${PYTHONPATH} /usr/bin/cmake --install /home/marco/marco/uni/magistrale/IDS_project/build/image_transport_plugins
[22.974s] Level 1:colcon.colcon_core.environment:create_environment_scripts_only(image_transport_plugins)
[22.974s] Level 1:colcon.colcon_core.environment:checking '/home/marco/marco/uni/magistrale/IDS_project/install/image_transport_plugins' for CMake module files
[22.975s] DEBUG:colcon.colcon_core.event_handler.log_command:Invoked command in '/home/marco/marco/uni/magistrale/IDS_project/build/image_transport_plugins' returned '0': AMENT_PREFIX_PATH=/home/marco/marco/uni/magistrale/IDS_project/install/theora_image_transport:/home/marco/marco/uni/magistrale/IDS_project/install/compressed_image_transport:/home/marco/marco/uni/magistrale/IDS_project/install/compressed_depth_image_transport:${AMENT_PREFIX_PATH} CMAKE_PREFIX_PATH=/home/marco/marco/uni/magistrale/IDS_project/install/theora_image_transport:/home/marco/marco/uni/magistrale/IDS_project/install/compressed_image_transport:/home/marco/marco/uni/magistrale/IDS_project/install/compressed_depth_image_transport:/opt/ros/humble LD_LIBRARY_PATH=/home/marco/marco/uni/magistrale/IDS_project/install/theora_image_transport/lib:/home/marco/marco/uni/magistrale/IDS_project/install/compressed_image_transport/lib:/home/marco/marco/uni/magistrale/IDS_project/install/compressed_depth_image_transport/lib:${LD_LIBRARY_PATH} PYTHONPATH=/home/marco/marco/uni/magistrale/IDS_project/install/theora_image_transport/local/lib/python3.10/dist-packages:${PYTHONPATH} /usr/bin/cmake --install /home/marco/marco/uni/magistrale/IDS_project/build/image_transport_plugins
[22.975s] Level 1:colcon.colcon_core.environment:checking '/home/marco/marco/uni/magistrale/IDS_project/install/image_transport_plugins' for CMake config files
[22.975s] Level 1:colcon.colcon_core.shell:create_environment_hook('image_transport_plugins', 'cmake_prefix_path')
[22.975s] INFO:colcon.colcon_core.shell:Creating environment hook '/home/marco/marco/uni/magistrale/IDS_project/install/image_transport_plugins/share/image_transport_plugins/hook/cmake_prefix_path.ps1'
[22.975s] INFO:colcon.colcon_core.shell:Creating environment descriptor '/home/marco/marco/uni/magistrale/IDS_project/install/image_transport_plugins/share/image_transport_plugins/hook/cmake_prefix_path.dsv'
[22.976s] INFO:colcon.colcon_core.shell:Creating environment hook '/home/marco/marco/uni/magistrale/IDS_project/install/image_transport_plugins/share/image_transport_plugins/hook/cmake_prefix_path.sh'
[22.976s] Level 1:colcon.colcon_core.environment:checking '/home/marco/marco/uni/magistrale/IDS_project/install/image_transport_plugins/bin'
[22.976s] Level 1:colcon.colcon_core.environment:checking '/home/marco/marco/uni/magistrale/IDS_project/install/image_transport_plugins/lib/pkgconfig/image_transport_plugins.pc'
[22.976s] Level 1:colcon.colcon_core.environment:checking '/home/marco/marco/uni/magistrale/IDS_project/install/image_transport_plugins/lib/python3.10/site-packages'
[22.976s] Level 1:colcon.colcon_core.environment:checking '/home/marco/marco/uni/magistrale/IDS_project/install/image_transport_plugins/bin'
[22.976s] INFO:colcon.colcon_core.shell:Creating package script '/home/marco/marco/uni/magistrale/IDS_project/install/image_transport_plugins/share/image_transport_plugins/package.ps1'
[22.977s] INFO:colcon.colcon_core.shell:Creating package descriptor '/home/marco/marco/uni/magistrale/IDS_project/install/image_transport_plugins/share/image_transport_plugins/package.dsv'
[22.977s] INFO:colcon.colcon_core.shell:Creating package script '/home/marco/marco/uni/magistrale/IDS_project/install/image_transport_plugins/share/image_transport_plugins/package.sh'
[22.977s] INFO:colcon.colcon_core.shell:Creating package script '/home/marco/marco/uni/magistrale/IDS_project/install/image_transport_plugins/share/image_transport_plugins/package.bash'
[22.977s] INFO:colcon.colcon_core.shell:Creating package script '/home/marco/marco/uni/magistrale/IDS_project/install/image_transport_plugins/share/image_transport_plugins/package.zsh'
[22.978s] Level 1:colcon.colcon_core.environment:create_file_with_runtime_dependencies(/home/marco/marco/uni/magistrale/IDS_project/install/image_transport_plugins/share/colcon-core/packages/image_transport_plugins)
[22.978s] Level 1:colcon.colcon_core.environment:create_environment_scripts_only(image_transport_plugins)
[22.978s] Level 1:colcon.colcon_core.environment:checking '/home/marco/marco/uni/magistrale/IDS_project/install/image_transport_plugins' for CMake module files
[22.978s] Level 1:colcon.colcon_core.environment:checking '/home/marco/marco/uni/magistrale/IDS_project/install/image_transport_plugins' for CMake config files
[22.978s] Level 1:colcon.colcon_core.shell:create_environment_hook('image_transport_plugins', 'cmake_prefix_path')
[22.978s] INFO:colcon.colcon_core.shell:Creating environment hook '/home/marco/marco/uni/magistrale/IDS_project/install/image_transport_plugins/share/image_transport_plugins/hook/cmake_prefix_path.ps1'
[22.979s] INFO:colcon.colcon_core.shell:Creating environment descriptor '/home/marco/marco/uni/magistrale/IDS_project/install/image_transport_plugins/share/image_transport_plugins/hook/cmake_prefix_path.dsv'
[22.979s] INFO:colcon.colcon_core.shell:Creating environment hook '/home/marco/marco/uni/magistrale/IDS_project/install/image_transport_plugins/share/image_transport_plugins/hook/cmake_prefix_path.sh'
[22.979s] Level 1:colcon.colcon_core.environment:checking '/home/marco/marco/uni/magistrale/IDS_project/install/image_transport_plugins/bin'
[22.979s] Level 1:colcon.colcon_core.environment:checking '/home/marco/marco/uni/magistrale/IDS_project/install/image_transport_plugins/lib/pkgconfig/image_transport_plugins.pc'
[22.979s] Level 1:colcon.colcon_core.environment:checking '/home/marco/marco/uni/magistrale/IDS_project/install/image_transport_plugins/lib/python3.10/site-packages'
[22.980s] Level 1:colcon.colcon_core.environment:checking '/home/marco/marco/uni/magistrale/IDS_project/install/image_transport_plugins/bin'
[22.980s] INFO:colcon.colcon_core.shell:Creating package script '/home/marco/marco/uni/magistrale/IDS_project/install/image_transport_plugins/share/image_transport_plugins/package.ps1'
[22.980s] INFO:colcon.colcon_core.shell:Creating package descriptor '/home/marco/marco/uni/magistrale/IDS_project/install/image_transport_plugins/share/image_transport_plugins/package.dsv'
[22.980s] INFO:colcon.colcon_core.shell:Creating package script '/home/marco/marco/uni/magistrale/IDS_project/install/image_transport_plugins/share/image_transport_plugins/package.sh'
[22.981s] INFO:colcon.colcon_core.shell:Creating package script '/home/marco/marco/uni/magistrale/IDS_project/install/image_transport_plugins/share/image_transport_plugins/package.bash'
[22.981s] INFO:colcon.colcon_core.shell:Creating package script '/home/marco/marco/uni/magistrale/IDS_project/install/image_transport_plugins/share/image_transport_plugins/package.zsh'
[22.981s] Level 1:colcon.colcon_core.environment:create_file_with_runtime_dependencies(/home/marco/marco/uni/magistrale/IDS_project/install/image_transport_plugins/share/colcon-core/packages/image_transport_plugins)
[22.981s] DEBUG:colcon.colcon_parallel_executor.executor.parallel:closing loop
[22.981s] DEBUG:colcon.colcon_parallel_executor.executor.parallel:loop closed
[22.982s] DEBUG:colcon.colcon_parallel_executor.executor.parallel:run_until_complete finished with '0'
[22.982s] DEBUG:colcon.colcon_core.event_reactor:joining thread
[22.985s] INFO:colcon.colcon_core.plugin_system:Skipping extension 'colcon_notification.desktop_notification.terminal_notifier': Not used on non-Darwin systems
[22.985s] INFO:colcon.colcon_core.plugin_system:Skipping extension 'colcon_notification.desktop_notification.win32': Not used on non-Windows systems
[22.985s] INFO:colcon.colcon_notification.desktop_notification:Sending desktop notification using 'notify2'
[22.993s] DEBUG:colcon.colcon_core.event_reactor:joined thread
[22.993s] INFO:colcon.colcon_core.shell:Creating prefix script '/home/marco/marco/uni/magistrale/IDS_project/install/local_setup.ps1'
[22.994s] INFO:colcon.colcon_core.shell:Creating prefix util module '/home/marco/marco/uni/magistrale/IDS_project/install/_local_setup_util_ps1.py'
[22.995s] INFO:colcon.colcon_core.shell:Creating prefix chain script '/home/marco/marco/uni/magistrale/IDS_project/install/setup.ps1'
[22.996s] INFO:colcon.colcon_core.shell:Creating prefix script '/home/marco/marco/uni/magistrale/IDS_project/install/local_setup.sh'
[22.996s] INFO:colcon.colcon_core.shell:Creating prefix util module '/home/marco/marco/uni/magistrale/IDS_project/install/_local_setup_util_sh.py'
[22.996s] INFO:colcon.colcon_core.shell:Creating prefix chain script '/home/marco/marco/uni/magistrale/IDS_project/install/setup.sh'
[22.997s] INFO:colcon.colcon_core.shell:Creating prefix script '/home/marco/marco/uni/magistrale/IDS_project/install/local_setup.bash'
[22.997s] INFO:colcon.colcon_core.shell:Creating prefix chain script '/home/marco/marco/uni/magistrale/IDS_project/install/setup.bash'
[22.998s] INFO:colcon.colcon_core.shell:Creating prefix script '/home/marco/marco/uni/magistrale/IDS_project/install/local_setup.zsh'
[22.998s] INFO:colcon.colcon_core.shell:Creating prefix chain script '/home/marco/marco/uni/magistrale/IDS_project/install/setup.zsh'
