[0.073s] DEBUG:colcon:Command line arguments: ['/usr/bin/colcon', 'build']
[0.073s] DEBUG:colcon:Parsed command line arguments: Namespace(log_base=None, log_level=None, verb_name='build', build_base='build', install_base='install', merge_install=False, symlink_install=False, test_result_base=None, continue_on_error=False, executor='parallel', parallel_workers=8, event_handlers=None, ignore_user_meta=False, metas=['./colcon.meta'], base_paths=['.'], packages_ignore=None, packages_ignore_regex=None, paths=None, packages_up_to=None, packages_up_to_regex=None, packages_above=None, packages_above_and_dependencies=None, packages_above_depth=None, packages_select_by_dep=None, packages_skip_by_dep=None, packages_skip_up_to=None, packages_select_build_failed=False, packages_skip_build_finished=False, packages_select_test_failures=False, packages_skip_test_passed=False, packages_select=None, packages_skip=None, packages_select_regex=None, packages_skip_regex=None, packages_start=None, packages_end=None, allow_overriding=[], cmake_args=None, cmake_target=None, cmake_target_skip_unavailable=False, cmake_clean_cache=False, cmake_clean_first=False, cmake_force_configure=False, ament_cmake_args=None, catkin_cmake_args=None, catkin_skip_building_tests=False, mixin_files=None, mixin=None, verb_parser=<colcon_mixin.mixin.mixin_argument.MixinArgumentDecorator object at 0x788b4925f9a0>, verb_extension=<colcon_core.verb.build.BuildVerb object at 0x788b493a9030>, main=<bound method BuildVerb.main of <colcon_core.verb.build.BuildVerb object at 0x788b493a9030>>, mixin_verb=('build',))
[0.102s] Level 1:colcon.colcon_core.package_discovery:discover_packages(colcon_meta) check parameters
[0.103s] Level 1:colcon.colcon_core.package_discovery:discover_packages(recursive) check parameters
[0.103s] Level 1:colcon.colcon_core.package_discovery:discover_packages(ignore) check parameters
[0.103s] Level 1:colcon.colcon_core.package_discovery:discover_packages(path) check parameters
[0.103s] Level 1:colcon.colcon_core.package_discovery:discover_packages(colcon_meta) discover
[0.103s] Level 1:colcon.colcon_core.package_discovery:discover_packages(recursive) discover
[0.103s] INFO:colcon.colcon_core.package_discovery:Crawling recursively for packages in '/home/marco/marco/uni/magistrale/IDS_project'
[0.103s] Level 1:colcon.colcon_core.package_identification:_identify(.) by extensions ['ignore', 'ignore_ament_install']
[0.103s] Level 1:colcon.colcon_core.package_identification:_identify(.) by extension 'ignore'
[0.103s] Level 1:colcon.colcon_core.package_identification:_identify(.) by extension 'ignore_ament_install'
[0.103s] Level 1:colcon.colcon_core.package_identification:_identify(.) by extensions ['colcon_pkg']
[0.103s] Level 1:colcon.colcon_core.package_identification:_identify(.) by extension 'colcon_pkg'
[0.103s] Level 1:colcon.colcon_core.package_identification:_identify(.) by extensions ['colcon_meta']
[0.103s] Level 1:colcon.colcon_core.package_identification:_identify(.) by extension 'colcon_meta'
[0.103s] Level 1:colcon.colcon_core.package_identification:_identify(.) by extensions ['ros']
[0.103s] Level 1:colcon.colcon_core.package_identification:_identify(.) by extension 'ros'
[0.123s] Level 1:colcon.colcon_core.package_identification:_identify(.) by extensions ['cmake', 'python']
[0.123s] Level 1:colcon.colcon_core.package_identification:_identify(.) by extension 'cmake'
[0.123s] Level 1:colcon.colcon_core.package_identification:_identify(.) by extension 'python'
[0.123s] Level 1:colcon.colcon_core.package_identification:_identify(.) by extensions ['python_setup_py']
[0.123s] Level 1:colcon.colcon_core.package_identification:_identify(.) by extension 'python_setup_py'
[0.123s] Level 1:colcon.colcon_core.package_identification:_identify(build) by extensions ['ignore', 'ignore_ament_install']
[0.123s] Level 1:colcon.colcon_core.package_identification:_identify(build) by extension 'ignore'
[0.123s] Level 1:colcon.colcon_core.package_identification:_identify(build) ignored
[0.124s] Level 1:colcon.colcon_core.package_identification:_identify(install) by extensions ['ignore', 'ignore_ament_install']
[0.124s] Level 1:colcon.colcon_core.package_identification:_identify(install) by extension 'ignore'
[0.124s] Level 1:colcon.colcon_core.package_identification:_identify(install) ignored
[0.124s] Level 1:colcon.colcon_core.package_identification:_identify(log) by extensions ['ignore', 'ignore_ament_install']
[0.124s] Level 1:colcon.colcon_core.package_identification:_identify(log) by extension 'ignore'
[0.124s] Level 1:colcon.colcon_core.package_identification:_identify(log) ignored
[0.124s] Level 1:colcon.colcon_core.package_identification:_identify(python_sim) by extensions ['ignore', 'ignore_ament_install']
[0.124s] Level 1:colcon.colcon_core.package_identification:_identify(python_sim) by extension 'ignore'
[0.124s] Level 1:colcon.colcon_core.package_identification:_identify(python_sim) by extension 'ignore_ament_install'
[0.124s] Level 1:colcon.colcon_core.package_identification:_identify(python_sim) by extensions ['colcon_pkg']
[0.124s] Level 1:colcon.colcon_core.package_identification:_identify(python_sim) by extension 'colcon_pkg'
[0.124s] Level 1:colcon.colcon_core.package_identification:_identify(python_sim) by extensions ['colcon_meta']
[0.124s] Level 1:colcon.colcon_core.package_identification:_identify(python_sim) by extension 'colcon_meta'
[0.124s] Level 1:colcon.colcon_core.package_identification:_identify(python_sim) by extensions ['ros']
[0.124s] Level 1:colcon.colcon_core.package_identification:_identify(python_sim) by extension 'ros'
[0.124s] Level 1:colcon.colcon_core.package_identification:_identify(python_sim) by extensions ['cmake', 'python']
[0.124s] Level 1:colcon.colcon_core.package_identification:_identify(python_sim) by extension 'cmake'
[0.124s] Level 1:colcon.colcon_core.package_identification:_identify(python_sim) by extension 'python'
[0.124s] Level 1:colcon.colcon_core.package_identification:_identify(python_sim) by extensions ['python_setup_py']
[0.124s] Level 1:colcon.colcon_core.package_identification:_identify(python_sim) by extension 'python_setup_py'
[0.124s] Level 1:colcon.colcon_core.package_identification:_identify(python_sim/__pycache__) by extensions ['ignore', 'ignore_ament_install']
[0.124s] Level 1:colcon.colcon_core.package_identification:_identify(python_sim/__pycache__) by extension 'ignore'
[0.124s] Level 1:colcon.colcon_core.package_identification:_identify(python_sim/__pycache__) by extension 'ignore_ament_install'
[0.124s] Level 1:colcon.colcon_core.package_identification:_identify(python_sim/__pycache__) by extensions ['colcon_pkg']
[0.124s] Level 1:colcon.colcon_core.package_identification:_identify(python_sim/__pycache__) by extension 'colcon_pkg'
[0.124s] Level 1:colcon.colcon_core.package_identification:_identify(python_sim/__pycache__) by extensions ['colcon_meta']
[0.124s] Level 1:colcon.colcon_core.package_identification:_identify(python_sim/__pycache__) by extension 'colcon_meta'
[0.124s] Level 1:colcon.colcon_core.package_identification:_identify(python_sim/__pycache__) by extensions ['ros']
[0.125s] Level 1:colcon.colcon_core.package_identification:_identify(python_sim/__pycache__) by extension 'ros'
[0.125s] Level 1:colcon.colcon_core.package_identification:_identify(python_sim/__pycache__) by extensions ['cmake', 'python']
[0.125s] Level 1:colcon.colcon_core.package_identification:_identify(python_sim/__pycache__) by extension 'cmake'
[0.125s] Level 1:colcon.colcon_core.package_identification:_identify(python_sim/__pycache__) by extension 'python'
[0.125s] Level 1:colcon.colcon_core.package_identification:_identify(python_sim/__pycache__) by extensions ['python_setup_py']
[0.125s] Level 1:colcon.colcon_core.package_identification:_identify(python_sim/__pycache__) by extension 'python_setup_py'
[0.125s] Level 1:colcon.colcon_core.package_identification:_identify(python_sim/localization) by extensions ['ignore', 'ignore_ament_install']
[0.125s] Level 1:colcon.colcon_core.package_identification:_identify(python_sim/localization) by extension 'ignore'
[0.125s] Level 1:colcon.colcon_core.package_identification:_identify(python_sim/localization) by extension 'ignore_ament_install'
[0.125s] Level 1:colcon.colcon_core.package_identification:_identify(python_sim/localization) by extensions ['colcon_pkg']
[0.125s] Level 1:colcon.colcon_core.package_identification:_identify(python_sim/localization) by extension 'colcon_pkg'
[0.125s] Level 1:colcon.colcon_core.package_identification:_identify(python_sim/localization) by extensions ['colcon_meta']
[0.125s] Level 1:colcon.colcon_core.package_identification:_identify(python_sim/localization) by extension 'colcon_meta'
[0.125s] Level 1:colcon.colcon_core.package_identification:_identify(python_sim/localization) by extensions ['ros']
[0.125s] Level 1:colcon.colcon_core.package_identification:_identify(python_sim/localization) by extension 'ros'
[0.125s] Level 1:colcon.colcon_core.package_identification:_identify(python_sim/localization) by extensions ['cmake', 'python']
[0.125s] Level 1:colcon.colcon_core.package_identification:_identify(python_sim/localization) by extension 'cmake'
[0.125s] Level 1:colcon.colcon_core.package_identification:_identify(python_sim/localization) by extension 'python'
[0.125s] Level 1:colcon.colcon_core.package_identification:_identify(python_sim/localization) by extensions ['python_setup_py']
[0.125s] Level 1:colcon.colcon_core.package_identification:_identify(python_sim/localization) by extension 'python_setup_py'
[0.125s] Level 1:colcon.colcon_core.package_identification:_identify(python_sim/localization/__pycache__) by extensions ['ignore', 'ignore_ament_install']
[0.125s] Level 1:colcon.colcon_core.package_identification:_identify(python_sim/localization/__pycache__) by extension 'ignore'
[0.125s] Level 1:colcon.colcon_core.package_identification:_identify(python_sim/localization/__pycache__) by extension 'ignore_ament_install'
[0.125s] Level 1:colcon.colcon_core.package_identification:_identify(python_sim/localization/__pycache__) by extensions ['colcon_pkg']
[0.125s] Level 1:colcon.colcon_core.package_identification:_identify(python_sim/localization/__pycache__) by extension 'colcon_pkg'
[0.125s] Level 1:colcon.colcon_core.package_identification:_identify(python_sim/localization/__pycache__) by extensions ['colcon_meta']
[0.125s] Level 1:colcon.colcon_core.package_identification:_identify(python_sim/localization/__pycache__) by extension 'colcon_meta'
[0.125s] Level 1:colcon.colcon_core.package_identification:_identify(python_sim/localization/__pycache__) by extensions ['ros']
[0.125s] Level 1:colcon.colcon_core.package_identification:_identify(python_sim/localization/__pycache__) by extension 'ros'
[0.125s] Level 1:colcon.colcon_core.package_identification:_identify(python_sim/localization/__pycache__) by extensions ['cmake', 'python']
[0.125s] Level 1:colcon.colcon_core.package_identification:_identify(python_sim/localization/__pycache__) by extension 'cmake'
[0.125s] Level 1:colcon.colcon_core.package_identification:_identify(python_sim/localization/__pycache__) by extension 'python'
[0.125s] Level 1:colcon.colcon_core.package_identification:_identify(python_sim/localization/__pycache__) by extensions ['python_setup_py']
[0.125s] Level 1:colcon.colcon_core.package_identification:_identify(python_sim/localization/__pycache__) by extension 'python_setup_py'
[0.125s] Level 1:colcon.colcon_core.package_identification:_identify(python_sim/test) by extensions ['ignore', 'ignore_ament_install']
[0.126s] Level 1:colcon.colcon_core.package_identification:_identify(python_sim/test) by extension 'ignore'
[0.126s] Level 1:colcon.colcon_core.package_identification:_identify(python_sim/test) by extension 'ignore_ament_install'
[0.126s] Level 1:colcon.colcon_core.package_identification:_identify(python_sim/test) by extensions ['colcon_pkg']
[0.126s] Level 1:colcon.colcon_core.package_identification:_identify(python_sim/test) by extension 'colcon_pkg'
[0.126s] Level 1:colcon.colcon_core.package_identification:_identify(python_sim/test) by extensions ['colcon_meta']
[0.126s] Level 1:colcon.colcon_core.package_identification:_identify(python_sim/test) by extension 'colcon_meta'
[0.126s] Level 1:colcon.colcon_core.package_identification:_identify(python_sim/test) by extensions ['ros']
[0.126s] Level 1:colcon.colcon_core.package_identification:_identify(python_sim/test) by extension 'ros'
[0.126s] Level 1:colcon.colcon_core.package_identification:_identify(python_sim/test) by extensions ['cmake', 'python']
[0.126s] Level 1:colcon.colcon_core.package_identification:_identify(python_sim/test) by extension 'cmake'
[0.126s] Level 1:colcon.colcon_core.package_identification:_identify(python_sim/test) by extension 'python'
[0.126s] Level 1:colcon.colcon_core.package_identification:_identify(python_sim/test) by extensions ['python_setup_py']
[0.126s] Level 1:colcon.colcon_core.package_identification:_identify(python_sim/test) by extension 'python_setup_py'
[0.126s] Level 1:colcon.colcon_core.package_identification:_identify(python_sim/vision) by extensions ['ignore', 'ignore_ament_install']
[0.126s] Level 1:colcon.colcon_core.package_identification:_identify(python_sim/vision) by extension 'ignore'
[0.126s] Level 1:colcon.colcon_core.package_identification:_identify(python_sim/vision) by extension 'ignore_ament_install'
[0.126s] Level 1:colcon.colcon_core.package_identification:_identify(python_sim/vision) by extensions ['colcon_pkg']
[0.126s] Level 1:colcon.colcon_core.package_identification:_identify(python_sim/vision) by extension 'colcon_pkg'
[0.126s] Level 1:colcon.colcon_core.package_identification:_identify(python_sim/vision) by extensions ['colcon_meta']
[0.126s] Level 1:colcon.colcon_core.package_identification:_identify(python_sim/vision) by extension 'colcon_meta'
[0.126s] Level 1:colcon.colcon_core.package_identification:_identify(python_sim/vision) by extensions ['ros']
[0.126s] Level 1:colcon.colcon_core.package_identification:_identify(python_sim/vision) by extension 'ros'
[0.126s] Level 1:colcon.colcon_core.package_identification:_identify(python_sim/vision) by extensions ['cmake', 'python']
[0.126s] Level 1:colcon.colcon_core.package_identification:_identify(python_sim/vision) by extension 'cmake'
[0.126s] Level 1:colcon.colcon_core.package_identification:_identify(python_sim/vision) by extension 'python'
[0.126s] Level 1:colcon.colcon_core.package_identification:_identify(python_sim/vision) by extensions ['python_setup_py']
[0.126s] Level 1:colcon.colcon_core.package_identification:_identify(python_sim/vision) by extension 'python_setup_py'
[0.126s] Level 1:colcon.colcon_core.package_identification:_identify(python_sim/vision/aruco_library) by extensions ['ignore', 'ignore_ament_install']
[0.126s] Level 1:colcon.colcon_core.package_identification:_identify(python_sim/vision/aruco_library) by extension 'ignore'
[0.126s] Level 1:colcon.colcon_core.package_identification:_identify(python_sim/vision/aruco_library) by extension 'ignore_ament_install'
[0.126s] Level 1:colcon.colcon_core.package_identification:_identify(python_sim/vision/aruco_library) by extensions ['colcon_pkg']
[0.126s] Level 1:colcon.colcon_core.package_identification:_identify(python_sim/vision/aruco_library) by extension 'colcon_pkg'
[0.126s] Level 1:colcon.colcon_core.package_identification:_identify(python_sim/vision/aruco_library) by extensions ['colcon_meta']
[0.126s] Level 1:colcon.colcon_core.package_identification:_identify(python_sim/vision/aruco_library) by extension 'colcon_meta'
[0.126s] Level 1:colcon.colcon_core.package_identification:_identify(python_sim/vision/aruco_library) by extensions ['ros']
[0.126s] Level 1:colcon.colcon_core.package_identification:_identify(python_sim/vision/aruco_library) by extension 'ros'
[0.126s] Level 1:colcon.colcon_core.package_identification:_identify(python_sim/vision/aruco_library) by extensions ['cmake', 'python']
[0.126s] Level 1:colcon.colcon_core.package_identification:_identify(python_sim/vision/aruco_library) by extension 'cmake'
[0.127s] Level 1:colcon.colcon_core.package_identification:_identify(python_sim/vision/aruco_library) by extension 'python'
[0.127s] Level 1:colcon.colcon_core.package_identification:_identify(python_sim/vision/aruco_library) by extensions ['python_setup_py']
[0.127s] Level 1:colcon.colcon_core.package_identification:_identify(python_sim/vision/aruco_library) by extension 'python_setup_py'
[0.127s] Level 1:colcon.colcon_core.package_identification:_identify(python_sim/vision/test_videos) by extensions ['ignore', 'ignore_ament_install']
[0.127s] Level 1:colcon.colcon_core.package_identification:_identify(python_sim/vision/test_videos) by extension 'ignore'
[0.127s] Level 1:colcon.colcon_core.package_identification:_identify(python_sim/vision/test_videos) by extension 'ignore_ament_install'
[0.127s] Level 1:colcon.colcon_core.package_identification:_identify(python_sim/vision/test_videos) by extensions ['colcon_pkg']
[0.127s] Level 1:colcon.colcon_core.package_identification:_identify(python_sim/vision/test_videos) by extension 'colcon_pkg'
[0.127s] Level 1:colcon.colcon_core.package_identification:_identify(python_sim/vision/test_videos) by extensions ['colcon_meta']
[0.127s] Level 1:colcon.colcon_core.package_identification:_identify(python_sim/vision/test_videos) by extension 'colcon_meta'
[0.127s] Level 1:colcon.colcon_core.package_identification:_identify(python_sim/vision/test_videos) by extensions ['ros']
[0.127s] Level 1:colcon.colcon_core.package_identification:_identify(python_sim/vision/test_videos) by extension 'ros'
[0.127s] Level 1:colcon.colcon_core.package_identification:_identify(python_sim/vision/test_videos) by extensions ['cmake', 'python']
[0.127s] Level 1:colcon.colcon_core.package_identification:_identify(python_sim/vision/test_videos) by extension 'cmake'
[0.127s] Level 1:colcon.colcon_core.package_identification:_identify(python_sim/vision/test_videos) by extension 'python'
[0.127s] Level 1:colcon.colcon_core.package_identification:_identify(python_sim/vision/test_videos) by extensions ['python_setup_py']
[0.127s] Level 1:colcon.colcon_core.package_identification:_identify(python_sim/vision/test_videos) by extension 'python_setup_py'
[0.127s] Level 1:colcon.colcon_core.package_identification:_identify(ros2_ws) by extensions ['ignore', 'ignore_ament_install']
[0.127s] Level 1:colcon.colcon_core.package_identification:_identify(ros2_ws) by extension 'ignore'
[0.127s] Level 1:colcon.colcon_core.package_identification:_identify(ros2_ws) by extension 'ignore_ament_install'
[0.127s] Level 1:colcon.colcon_core.package_identification:_identify(ros2_ws) by extensions ['colcon_pkg']
[0.127s] Level 1:colcon.colcon_core.package_identification:_identify(ros2_ws) by extension 'colcon_pkg'
[0.127s] Level 1:colcon.colcon_core.package_identification:_identify(ros2_ws) by extensions ['colcon_meta']
[0.127s] Level 1:colcon.colcon_core.package_identification:_identify(ros2_ws) by extension 'colcon_meta'
[0.127s] Level 1:colcon.colcon_core.package_identification:_identify(ros2_ws) by extensions ['ros']
[0.127s] Level 1:colcon.colcon_core.package_identification:_identify(ros2_ws) by extension 'ros'
[0.127s] Level 1:colcon.colcon_core.package_identification:_identify(ros2_ws) by extensions ['cmake', 'python']
[0.127s] Level 1:colcon.colcon_core.package_identification:_identify(ros2_ws) by extension 'cmake'
[0.127s] Level 1:colcon.colcon_core.package_identification:_identify(ros2_ws) by extension 'python'
[0.127s] Level 1:colcon.colcon_core.package_identification:_identify(ros2_ws) by extensions ['python_setup_py']
[0.127s] Level 1:colcon.colcon_core.package_identification:_identify(ros2_ws) by extension 'python_setup_py'
[0.127s] Level 1:colcon.colcon_core.package_identification:_identify(ros2_ws/build) by extensions ['ignore', 'ignore_ament_install']
[0.127s] Level 1:colcon.colcon_core.package_identification:_identify(ros2_ws/build) by extension 'ignore'
[0.127s] Level 1:colcon.colcon_core.package_identification:_identify(ros2_ws/build) ignored
[0.127s] Level 1:colcon.colcon_core.package_identification:_identify(ros2_ws/install) by extensions ['ignore', 'ignore_ament_install']
[0.127s] Level 1:colcon.colcon_core.package_identification:_identify(ros2_ws/install) by extension 'ignore'
[0.127s] Level 1:colcon.colcon_core.package_identification:_identify(ros2_ws/install) ignored
[0.128s] Level 1:colcon.colcon_core.package_identification:_identify(ros2_ws/launch) by extensions ['ignore', 'ignore_ament_install']
[0.128s] Level 1:colcon.colcon_core.package_identification:_identify(ros2_ws/launch) by extension 'ignore'
[0.128s] Level 1:colcon.colcon_core.package_identification:_identify(ros2_ws/launch) by extension 'ignore_ament_install'
[0.128s] Level 1:colcon.colcon_core.package_identification:_identify(ros2_ws/launch) by extensions ['colcon_pkg']
[0.128s] Level 1:colcon.colcon_core.package_identification:_identify(ros2_ws/launch) by extension 'colcon_pkg'
[0.128s] Level 1:colcon.colcon_core.package_identification:_identify(ros2_ws/launch) by extensions ['colcon_meta']
[0.128s] Level 1:colcon.colcon_core.package_identification:_identify(ros2_ws/launch) by extension 'colcon_meta'
[0.128s] Level 1:colcon.colcon_core.package_identification:_identify(ros2_ws/launch) by extensions ['ros']
[0.128s] Level 1:colcon.colcon_core.package_identification:_identify(ros2_ws/launch) by extension 'ros'
[0.128s] Level 1:colcon.colcon_core.package_identification:_identify(ros2_ws/launch) by extensions ['cmake', 'python']
[0.128s] Level 1:colcon.colcon_core.package_identification:_identify(ros2_ws/launch) by extension 'cmake'
[0.128s] Level 1:colcon.colcon_core.package_identification:_identify(ros2_ws/launch) by extension 'python'
[0.128s] Level 1:colcon.colcon_core.package_identification:_identify(ros2_ws/launch) by extensions ['python_setup_py']
[0.128s] Level 1:colcon.colcon_core.package_identification:_identify(ros2_ws/launch) by extension 'python_setup_py'
[0.128s] Level 1:colcon.colcon_core.package_identification:_identify(ros2_ws/launch/__pycache__) by extensions ['ignore', 'ignore_ament_install']
[0.128s] Level 1:colcon.colcon_core.package_identification:_identify(ros2_ws/launch/__pycache__) by extension 'ignore'
[0.128s] Level 1:colcon.colcon_core.package_identification:_identify(ros2_ws/launch/__pycache__) by extension 'ignore_ament_install'
[0.128s] Level 1:colcon.colcon_core.package_identification:_identify(ros2_ws/launch/__pycache__) by extensions ['colcon_pkg']
[0.128s] Level 1:colcon.colcon_core.package_identification:_identify(ros2_ws/launch/__pycache__) by extension 'colcon_pkg'
[0.128s] Level 1:colcon.colcon_core.package_identification:_identify(ros2_ws/launch/__pycache__) by extensions ['colcon_meta']
[0.128s] Level 1:colcon.colcon_core.package_identification:_identify(ros2_ws/launch/__pycache__) by extension 'colcon_meta'
[0.128s] Level 1:colcon.colcon_core.package_identification:_identify(ros2_ws/launch/__pycache__) by extensions ['ros']
[0.128s] Level 1:colcon.colcon_core.package_identification:_identify(ros2_ws/launch/__pycache__) by extension 'ros'
[0.128s] Level 1:colcon.colcon_core.package_identification:_identify(ros2_ws/launch/__pycache__) by extensions ['cmake', 'python']
[0.128s] Level 1:colcon.colcon_core.package_identification:_identify(ros2_ws/launch/__pycache__) by extension 'cmake'
[0.128s] Level 1:colcon.colcon_core.package_identification:_identify(ros2_ws/launch/__pycache__) by extension 'python'
[0.128s] Level 1:colcon.colcon_core.package_identification:_identify(ros2_ws/launch/__pycache__) by extensions ['python_setup_py']
[0.128s] Level 1:colcon.colcon_core.package_identification:_identify(ros2_ws/launch/__pycache__) by extension 'python_setup_py'
[0.128s] Level 1:colcon.colcon_core.package_identification:_identify(ros2_ws/log) by extensions ['ignore', 'ignore_ament_install']
[0.128s] Level 1:colcon.colcon_core.package_identification:_identify(ros2_ws/log) by extension 'ignore'
[0.128s] Level 1:colcon.colcon_core.package_identification:_identify(ros2_ws/log) ignored
[0.128s] Level 1:colcon.colcon_core.package_identification:_identify(ros2_ws/src) by extensions ['ignore', 'ignore_ament_install']
[0.128s] Level 1:colcon.colcon_core.package_identification:_identify(ros2_ws/src) by extension 'ignore'
[0.128s] Level 1:colcon.colcon_core.package_identification:_identify(ros2_ws/src) by extension 'ignore_ament_install'
[0.128s] Level 1:colcon.colcon_core.package_identification:_identify(ros2_ws/src) by extensions ['colcon_pkg']
[0.128s] Level 1:colcon.colcon_core.package_identification:_identify(ros2_ws/src) by extension 'colcon_pkg'
[0.129s] Level 1:colcon.colcon_core.package_identification:_identify(ros2_ws/src) by extensions ['colcon_meta']
[0.129s] Level 1:colcon.colcon_core.package_identification:_identify(ros2_ws/src) by extension 'colcon_meta'
[0.129s] Level 1:colcon.colcon_core.package_identification:_identify(ros2_ws/src) by extensions ['ros']
[0.129s] Level 1:colcon.colcon_core.package_identification:_identify(ros2_ws/src) by extension 'ros'
[0.129s] Level 1:colcon.colcon_core.package_identification:_identify(ros2_ws/src) by extensions ['cmake', 'python']
[0.129s] Level 1:colcon.colcon_core.package_identification:_identify(ros2_ws/src) by extension 'cmake'
[0.129s] Level 1:colcon.colcon_core.package_identification:_identify(ros2_ws/src) by extension 'python'
[0.129s] Level 1:colcon.colcon_core.package_identification:_identify(ros2_ws/src) by extensions ['python_setup_py']
[0.129s] Level 1:colcon.colcon_core.package_identification:_identify(ros2_ws/src) by extension 'python_setup_py'
[0.129s] Level 1:colcon.colcon_core.package_identification:_identify(ros2_ws/src/image_transport_plugins) by extensions ['ignore', 'ignore_ament_install']
[0.129s] Level 1:colcon.colcon_core.package_identification:_identify(ros2_ws/src/image_transport_plugins) by extension 'ignore'
[0.129s] Level 1:colcon.colcon_core.package_identification:_identify(ros2_ws/src/image_transport_plugins) by extension 'ignore_ament_install'
[0.129s] Level 1:colcon.colcon_core.package_identification:_identify(ros2_ws/src/image_transport_plugins) by extensions ['colcon_pkg']
[0.129s] Level 1:colcon.colcon_core.package_identification:_identify(ros2_ws/src/image_transport_plugins) by extension 'colcon_pkg'
[0.129s] Level 1:colcon.colcon_core.package_identification:_identify(ros2_ws/src/image_transport_plugins) by extensions ['colcon_meta']
[0.129s] Level 1:colcon.colcon_core.package_identification:_identify(ros2_ws/src/image_transport_plugins) by extension 'colcon_meta'
[0.129s] Level 1:colcon.colcon_core.package_identification:_identify(ros2_ws/src/image_transport_plugins) by extensions ['ros']
[0.129s] Level 1:colcon.colcon_core.package_identification:_identify(ros2_ws/src/image_transport_plugins) by extension 'ros'
[0.129s] Level 1:colcon.colcon_core.package_identification:_identify(ros2_ws/src/image_transport_plugins) by extensions ['cmake', 'python']
[0.129s] Level 1:colcon.colcon_core.package_identification:_identify(ros2_ws/src/image_transport_plugins) by extension 'cmake'
[0.129s] Level 1:colcon.colcon_core.package_identification:_identify(ros2_ws/src/image_transport_plugins) by extension 'python'
[0.129s] Level 1:colcon.colcon_core.package_identification:_identify(ros2_ws/src/image_transport_plugins) by extensions ['python_setup_py']
[0.129s] Level 1:colcon.colcon_core.package_identification:_identify(ros2_ws/src/image_transport_plugins) by extension 'python_setup_py'
[0.129s] Level 1:colcon.colcon_core.package_identification:_identify(ros2_ws/src/image_transport_plugins/compressed_depth_image_transport) by extensions ['ignore', 'ignore_ament_install']
[0.129s] Level 1:colcon.colcon_core.package_identification:_identify(ros2_ws/src/image_transport_plugins/compressed_depth_image_transport) by extension 'ignore'
[0.129s] Level 1:colcon.colcon_core.package_identification:_identify(ros2_ws/src/image_transport_plugins/compressed_depth_image_transport) by extension 'ignore_ament_install'
[0.129s] Level 1:colcon.colcon_core.package_identification:_identify(ros2_ws/src/image_transport_plugins/compressed_depth_image_transport) by extensions ['colcon_pkg']
[0.129s] Level 1:colcon.colcon_core.package_identification:_identify(ros2_ws/src/image_transport_plugins/compressed_depth_image_transport) by extension 'colcon_pkg'
[0.129s] Level 1:colcon.colcon_core.package_identification:_identify(ros2_ws/src/image_transport_plugins/compressed_depth_image_transport) by extensions ['colcon_meta']
[0.129s] Level 1:colcon.colcon_core.package_identification:_identify(ros2_ws/src/image_transport_plugins/compressed_depth_image_transport) by extension 'colcon_meta'
[0.129s] Level 1:colcon.colcon_core.package_identification:_identify(ros2_ws/src/image_transport_plugins/compressed_depth_image_transport) by extensions ['ros']
[0.129s] Level 1:colcon.colcon_core.package_identification:_identify(ros2_ws/src/image_transport_plugins/compressed_depth_image_transport) by extension 'ros'
[0.131s] DEBUG:colcon.colcon_core.package_identification:Package 'ros2_ws/src/image_transport_plugins/compressed_depth_image_transport' with type 'ros.ament_cmake' and name 'compressed_depth_image_transport'
[0.131s] Level 1:colcon.colcon_core.package_identification:_identify(ros2_ws/src/image_transport_plugins/compressed_image_transport) by extensions ['ignore', 'ignore_ament_install']
[0.131s] Level 1:colcon.colcon_core.package_identification:_identify(ros2_ws/src/image_transport_plugins/compressed_image_transport) by extension 'ignore'
[0.131s] Level 1:colcon.colcon_core.package_identification:_identify(ros2_ws/src/image_transport_plugins/compressed_image_transport) by extension 'ignore_ament_install'
[0.131s] Level 1:colcon.colcon_core.package_identification:_identify(ros2_ws/src/image_transport_plugins/compressed_image_transport) by extensions ['colcon_pkg']
[0.131s] Level 1:colcon.colcon_core.package_identification:_identify(ros2_ws/src/image_transport_plugins/compressed_image_transport) by extension 'colcon_pkg'
[0.131s] Level 1:colcon.colcon_core.package_identification:_identify(ros2_ws/src/image_transport_plugins/compressed_image_transport) by extensions ['colcon_meta']
[0.131s] Level 1:colcon.colcon_core.package_identification:_identify(ros2_ws/src/image_transport_plugins/compressed_image_transport) by extension 'colcon_meta'
[0.132s] Level 1:colcon.colcon_core.package_identification:_identify(ros2_ws/src/image_transport_plugins/compressed_image_transport) by extensions ['ros']
[0.132s] Level 1:colcon.colcon_core.package_identification:_identify(ros2_ws/src/image_transport_plugins/compressed_image_transport) by extension 'ros'
[0.132s] DEBUG:colcon.colcon_core.package_identification:Package 'ros2_ws/src/image_transport_plugins/compressed_image_transport' with type 'ros.ament_cmake' and name 'compressed_image_transport'
[0.132s] Level 1:colcon.colcon_core.package_identification:_identify(ros2_ws/src/image_transport_plugins/image_transport_plugins) by extensions ['ignore', 'ignore_ament_install']
[0.132s] Level 1:colcon.colcon_core.package_identification:_identify(ros2_ws/src/image_transport_plugins/image_transport_plugins) by extension 'ignore'
[0.132s] Level 1:colcon.colcon_core.package_identification:_identify(ros2_ws/src/image_transport_plugins/image_transport_plugins) by extension 'ignore_ament_install'
[0.132s] Level 1:colcon.colcon_core.package_identification:_identify(ros2_ws/src/image_transport_plugins/image_transport_plugins) by extensions ['colcon_pkg']
[0.132s] Level 1:colcon.colcon_core.package_identification:_identify(ros2_ws/src/image_transport_plugins/image_transport_plugins) by extension 'colcon_pkg'
[0.132s] Level 1:colcon.colcon_core.package_identification:_identify(ros2_ws/src/image_transport_plugins/image_transport_plugins) by extensions ['colcon_meta']
[0.132s] Level 1:colcon.colcon_core.package_identification:_identify(ros2_ws/src/image_transport_plugins/image_transport_plugins) by extension 'colcon_meta'
[0.132s] Level 1:colcon.colcon_core.package_identification:_identify(ros2_ws/src/image_transport_plugins/image_transport_plugins) by extensions ['ros']
[0.132s] Level 1:colcon.colcon_core.package_identification:_identify(ros2_ws/src/image_transport_plugins/image_transport_plugins) by extension 'ros'
[0.133s] DEBUG:colcon.colcon_core.package_identification:Package 'ros2_ws/src/image_transport_plugins/image_transport_plugins' with type 'ros.ament_cmake' and name 'image_transport_plugins'
[0.133s] Level 1:colcon.colcon_core.package_identification:_identify(ros2_ws/src/image_transport_plugins/theora_image_transport) by extensions ['ignore', 'ignore_ament_install']
[0.133s] Level 1:colcon.colcon_core.package_identification:_identify(ros2_ws/src/image_transport_plugins/theora_image_transport) by extension 'ignore'
[0.133s] Level 1:colcon.colcon_core.package_identification:_identify(ros2_ws/src/image_transport_plugins/theora_image_transport) by extension 'ignore_ament_install'
[0.133s] Level 1:colcon.colcon_core.package_identification:_identify(ros2_ws/src/image_transport_plugins/theora_image_transport) by extensions ['colcon_pkg']
[0.133s] Level 1:colcon.colcon_core.package_identification:_identify(ros2_ws/src/image_transport_plugins/theora_image_transport) by extension 'colcon_pkg'
[0.133s] Level 1:colcon.colcon_core.package_identification:_identify(ros2_ws/src/image_transport_plugins/theora_image_transport) by extensions ['colcon_meta']
[0.133s] Level 1:colcon.colcon_core.package_identification:_identify(ros2_ws/src/image_transport_plugins/theora_image_transport) by extension 'colcon_meta'
[0.133s] Level 1:colcon.colcon_core.package_identification:_identify(ros2_ws/src/image_transport_plugins/theora_image_transport) by extensions ['ros']
[0.133s] Level 1:colcon.colcon_core.package_identification:_identify(ros2_ws/src/image_transport_plugins/theora_image_transport) by extension 'ros'
[0.134s] DEBUG:colcon.colcon_core.package_identification:Package 'ros2_ws/src/image_transport_plugins/theora_image_transport' with type 'ros.ament_cmake' and name 'theora_image_transport'
[0.134s] Level 1:colcon.colcon_core.package_identification:_identify(ros2_ws/src/image_transport_plugins/zstd_image_transport) by extensions ['ignore', 'ignore_ament_install']
[0.134s] Level 1:colcon.colcon_core.package_identification:_identify(ros2_ws/src/image_transport_plugins/zstd_image_transport) by extension 'ignore'
[0.134s] Level 1:colcon.colcon_core.package_identification:_identify(ros2_ws/src/image_transport_plugins/zstd_image_transport) by extension 'ignore_ament_install'
[0.134s] Level 1:colcon.colcon_core.package_identification:_identify(ros2_ws/src/image_transport_plugins/zstd_image_transport) by extensions ['colcon_pkg']
[0.134s] Level 1:colcon.colcon_core.package_identification:_identify(ros2_ws/src/image_transport_plugins/zstd_image_transport) by extension 'colcon_pkg'
[0.134s] Level 1:colcon.colcon_core.package_identification:_identify(ros2_ws/src/image_transport_plugins/zstd_image_transport) by extensions ['colcon_meta']
[0.134s] Level 1:colcon.colcon_core.package_identification:_identify(ros2_ws/src/image_transport_plugins/zstd_image_transport) by extension 'colcon_meta'
[0.134s] Level 1:colcon.colcon_core.package_identification:_identify(ros2_ws/src/image_transport_plugins/zstd_image_transport) by extensions ['ros']
[0.134s] Level 1:colcon.colcon_core.package_identification:_identify(ros2_ws/src/image_transport_plugins/zstd_image_transport) by extension 'ros'
[0.134s] Level 1:colcon.colcon_core.package_identification:_identify(ros2_ws/src/image_transport_plugins/zstd_image_transport) by extensions ['cmake', 'python']
[0.134s] Level 1:colcon.colcon_core.package_identification:_identify(ros2_ws/src/image_transport_plugins/zstd_image_transport) by extension 'cmake'
[0.134s] Level 1:colcon.colcon_core.package_identification:_identify(ros2_ws/src/image_transport_plugins/zstd_image_transport) by extension 'python'
[0.134s] Level 1:colcon.colcon_core.package_identification:_identify(ros2_ws/src/image_transport_plugins/zstd_image_transport) by extensions ['python_setup_py']
[0.134s] Level 1:colcon.colcon_core.package_identification:_identify(ros2_ws/src/image_transport_plugins/zstd_image_transport) by extension 'python_setup_py'
[0.134s] Level 1:colcon.colcon_core.package_identification:_identify(ros2_ws/src/image_transport_plugins/zstd_image_transport/src) by extensions ['ignore', 'ignore_ament_install']
[0.134s] Level 1:colcon.colcon_core.package_identification:_identify(ros2_ws/src/image_transport_plugins/zstd_image_transport/src) by extension 'ignore'
[0.134s] Level 1:colcon.colcon_core.package_identification:_identify(ros2_ws/src/image_transport_plugins/zstd_image_transport/src) by extension 'ignore_ament_install'
[0.134s] Level 1:colcon.colcon_core.package_identification:_identify(ros2_ws/src/image_transport_plugins/zstd_image_transport/src) by extensions ['colcon_pkg']
[0.134s] Level 1:colcon.colcon_core.package_identification:_identify(ros2_ws/src/image_transport_plugins/zstd_image_transport/src) by extension 'colcon_pkg'
[0.134s] Level 1:colcon.colcon_core.package_identification:_identify(ros2_ws/src/image_transport_plugins/zstd_image_transport/src) by extensions ['colcon_meta']
[0.134s] Level 1:colcon.colcon_core.package_identification:_identify(ros2_ws/src/image_transport_plugins/zstd_image_transport/src) by extension 'colcon_meta'
[0.134s] Level 1:colcon.colcon_core.package_identification:_identify(ros2_ws/src/image_transport_plugins/zstd_image_transport/src) by extensions ['ros']
[0.134s] Level 1:colcon.colcon_core.package_identification:_identify(ros2_ws/src/image_transport_plugins/zstd_image_transport/src) by extension 'ros'
[0.134s] Level 1:colcon.colcon_core.package_identification:_identify(ros2_ws/src/image_transport_plugins/zstd_image_transport/src) by extensions ['cmake', 'python']
[0.134s] Level 1:colcon.colcon_core.package_identification:_identify(ros2_ws/src/image_transport_plugins/zstd_image_transport/src) by extension 'cmake'
[0.135s] Level 1:colcon.colcon_core.package_identification:_identify(ros2_ws/src/image_transport_plugins/zstd_image_transport/src) by extension 'python'
[0.135s] Level 1:colcon.colcon_core.package_identification:_identify(ros2_ws/src/image_transport_plugins/zstd_image_transport/src) by extensions ['python_setup_py']
[0.135s] Level 1:colcon.colcon_core.package_identification:_identify(ros2_ws/src/image_transport_plugins/zstd_image_transport/src) by extension 'python_setup_py'
[0.135s] Level 1:colcon.colcon_core.package_identification:_identify(ros2_ws/src/limo_control) by extensions ['ignore', 'ignore_ament_install']
[0.135s] Level 1:colcon.colcon_core.package_identification:_identify(ros2_ws/src/limo_control) by extension 'ignore'
[0.135s] Level 1:colcon.colcon_core.package_identification:_identify(ros2_ws/src/limo_control) by extension 'ignore_ament_install'
[0.135s] Level 1:colcon.colcon_core.package_identification:_identify(ros2_ws/src/limo_control) by extensions ['colcon_pkg']
[0.135s] Level 1:colcon.colcon_core.package_identification:_identify(ros2_ws/src/limo_control) by extension 'colcon_pkg'
[0.135s] Level 1:colcon.colcon_core.package_identification:_identify(ros2_ws/src/limo_control) by extensions ['colcon_meta']
[0.135s] Level 1:colcon.colcon_core.package_identification:_identify(ros2_ws/src/limo_control) by extension 'colcon_meta'
[0.135s] Level 1:colcon.colcon_core.package_identification:_identify(ros2_ws/src/limo_control) by extensions ['ros']
[0.135s] Level 1:colcon.colcon_core.package_identification:_identify(ros2_ws/src/limo_control) by extension 'ros'
[0.135s] DEBUG:colcon.colcon_core.package_identification:Package 'ros2_ws/src/limo_control' with type 'ros.ament_python' and name 'limo_control'
[0.135s] Level 1:colcon.colcon_core.package_identification:_identify(ros2_ws/src/limo_description) by extensions ['ignore', 'ignore_ament_install']
[0.135s] Level 1:colcon.colcon_core.package_identification:_identify(ros2_ws/src/limo_description) by extension 'ignore'
[0.135s] Level 1:colcon.colcon_core.package_identification:_identify(ros2_ws/src/limo_description) by extension 'ignore_ament_install'
[0.135s] Level 1:colcon.colcon_core.package_identification:_identify(ros2_ws/src/limo_description) by extensions ['colcon_pkg']
[0.135s] Level 1:colcon.colcon_core.package_identification:_identify(ros2_ws/src/limo_description) by extension 'colcon_pkg'
[0.135s] Level 1:colcon.colcon_core.package_identification:_identify(ros2_ws/src/limo_description) by extensions ['colcon_meta']
[0.135s] Level 1:colcon.colcon_core.package_identification:_identify(ros2_ws/src/limo_description) by extension 'colcon_meta'
[0.135s] Level 1:colcon.colcon_core.package_identification:_identify(ros2_ws/src/limo_description) by extensions ['ros']
[0.135s] Level 1:colcon.colcon_core.package_identification:_identify(ros2_ws/src/limo_description) by extension 'ros'
[0.136s] DEBUG:colcon.colcon_core.package_identification:Package 'ros2_ws/src/limo_description' with type 'ros.ament_python' and name 'limo_description'
[0.136s] Level 1:colcon.colcon_core.package_identification:_identify(ros2_ws/src/localization) by extensions ['ignore', 'ignore_ament_install']
[0.136s] Level 1:colcon.colcon_core.package_identification:_identify(ros2_ws/src/localization) by extension 'ignore'
[0.136s] Level 1:colcon.colcon_core.package_identification:_identify(ros2_ws/src/localization) by extension 'ignore_ament_install'
[0.136s] Level 1:colcon.colcon_core.package_identification:_identify(ros2_ws/src/localization) by extensions ['colcon_pkg']
[0.136s] Level 1:colcon.colcon_core.package_identification:_identify(ros2_ws/src/localization) by extension 'colcon_pkg'
[0.136s] Level 1:colcon.colcon_core.package_identification:_identify(ros2_ws/src/localization) by extensions ['colcon_meta']
[0.136s] Level 1:colcon.colcon_core.package_identification:_identify(ros2_ws/src/localization) by extension 'colcon_meta'
[0.136s] Level 1:colcon.colcon_core.package_identification:_identify(ros2_ws/src/localization) by extensions ['ros']
[0.136s] Level 1:colcon.colcon_core.package_identification:_identify(ros2_ws/src/localization) by extension 'ros'
[0.136s] DEBUG:colcon.colcon_core.package_identification:Package 'ros2_ws/src/localization' with type 'ros.ament_python' and name 'localization'
[0.136s] Level 1:colcon.colcon_core.package_identification:_identify(ros2_ws/src/plots) by extensions ['ignore', 'ignore_ament_install']
[0.136s] Level 1:colcon.colcon_core.package_identification:_identify(ros2_ws/src/plots) by extension 'ignore'
[0.136s] Level 1:colcon.colcon_core.package_identification:_identify(ros2_ws/src/plots) by extension 'ignore_ament_install'
[0.136s] Level 1:colcon.colcon_core.package_identification:_identify(ros2_ws/src/plots) by extensions ['colcon_pkg']
[0.136s] Level 1:colcon.colcon_core.package_identification:_identify(ros2_ws/src/plots) by extension 'colcon_pkg'
[0.137s] Level 1:colcon.colcon_core.package_identification:_identify(ros2_ws/src/plots) by extensions ['colcon_meta']
[0.137s] Level 1:colcon.colcon_core.package_identification:_identify(ros2_ws/src/plots) by extension 'colcon_meta'
[0.137s] Level 1:colcon.colcon_core.package_identification:_identify(ros2_ws/src/plots) by extensions ['ros']
[0.137s] Level 1:colcon.colcon_core.package_identification:_identify(ros2_ws/src/plots) by extension 'ros'
[0.137s] DEBUG:colcon.colcon_core.package_identification:Package 'ros2_ws/src/plots' with type 'ros.ament_python' and name 'plots'
[0.137s] Level 1:colcon.colcon_core.package_identification:_identify(ros2_ws/src/project_interfaces) by extensions ['ignore', 'ignore_ament_install']
[0.137s] Level 1:colcon.colcon_core.package_identification:_identify(ros2_ws/src/project_interfaces) by extension 'ignore'
[0.137s] Level 1:colcon.colcon_core.package_identification:_identify(ros2_ws/src/project_interfaces) by extension 'ignore_ament_install'
[0.137s] Level 1:colcon.colcon_core.package_identification:_identify(ros2_ws/src/project_interfaces) by extensions ['colcon_pkg']
[0.137s] Level 1:colcon.colcon_core.package_identification:_identify(ros2_ws/src/project_interfaces) by extension 'colcon_pkg'
[0.137s] Level 1:colcon.colcon_core.package_identification:_identify(ros2_ws/src/project_interfaces) by extensions ['colcon_meta']
[0.137s] Level 1:colcon.colcon_core.package_identification:_identify(ros2_ws/src/project_interfaces) by extension 'colcon_meta'
[0.137s] Level 1:colcon.colcon_core.package_identification:_identify(ros2_ws/src/project_interfaces) by extensions ['ros']
[0.137s] Level 1:colcon.colcon_core.package_identification:_identify(ros2_ws/src/project_interfaces) by extension 'ros'
[0.137s] DEBUG:colcon.colcon_core.package_identification:Package 'ros2_ws/src/project_interfaces' with type 'ros.ament_cmake' and name 'project_interfaces'
[0.138s] Level 1:colcon.colcon_core.package_identification:_identify(ros2_ws/src/simulation) by extensions ['ignore', 'ignore_ament_install']
[0.138s] Level 1:colcon.colcon_core.package_identification:_identify(ros2_ws/src/simulation) by extension 'ignore'
[0.138s] Level 1:colcon.colcon_core.package_identification:_identify(ros2_ws/src/simulation) by extension 'ignore_ament_install'
[0.138s] Level 1:colcon.colcon_core.package_identification:_identify(ros2_ws/src/simulation) by extensions ['colcon_pkg']
[0.138s] Level 1:colcon.colcon_core.package_identification:_identify(ros2_ws/src/simulation) by extension 'colcon_pkg'
[0.138s] Level 1:colcon.colcon_core.package_identification:_identify(ros2_ws/src/simulation) by extensions ['colcon_meta']
[0.138s] Level 1:colcon.colcon_core.package_identification:_identify(ros2_ws/src/simulation) by extension 'colcon_meta'
[0.138s] Level 1:colcon.colcon_core.package_identification:_identify(ros2_ws/src/simulation) by extensions ['ros']
[0.138s] Level 1:colcon.colcon_core.package_identification:_identify(ros2_ws/src/simulation) by extension 'ros'
[0.138s] DEBUG:colcon.colcon_core.package_identification:Package 'ros2_ws/src/simulation' with type 'ros.ament_python' and name 'simulation'
[0.138s] Level 1:colcon.colcon_core.package_identification:_identify(ros2_ws/src/vision) by extensions ['ignore', 'ignore_ament_install']
[0.138s] Level 1:colcon.colcon_core.package_identification:_identify(ros2_ws/src/vision) by extension 'ignore'
[0.138s] Level 1:colcon.colcon_core.package_identification:_identify(ros2_ws/src/vision) by extension 'ignore_ament_install'
[0.138s] Level 1:colcon.colcon_core.package_identification:_identify(ros2_ws/src/vision) by extensions ['colcon_pkg']
[0.138s] Level 1:colcon.colcon_core.package_identification:_identify(ros2_ws/src/vision) by extension 'colcon_pkg'
[0.138s] Level 1:colcon.colcon_core.package_identification:_identify(ros2_ws/src/vision) by extensions ['colcon_meta']
[0.138s] Level 1:colcon.colcon_core.package_identification:_identify(ros2_ws/src/vision) by extension 'colcon_meta'
[0.138s] Level 1:colcon.colcon_core.package_identification:_identify(ros2_ws/src/vision) by extensions ['ros']
[0.138s] Level 1:colcon.colcon_core.package_identification:_identify(ros2_ws/src/vision) by extension 'ros'
[0.139s] DEBUG:colcon.colcon_core.package_identification:Package 'ros2_ws/src/vision' with type 'ros.ament_python' and name 'vision'
[0.139s] Level 1:colcon.colcon_core.package_discovery:discover_packages(recursive) using defaults
[0.139s] Level 1:colcon.colcon_core.package_discovery:discover_packages(ignore) discover
[0.139s] Level 1:colcon.colcon_core.package_discovery:discover_packages(ignore) using defaults
[0.139s] Level 1:colcon.colcon_core.package_discovery:discover_packages(path) discover
[0.139s] Level 1:colcon.colcon_core.package_discovery:discover_packages(path) using defaults
[0.156s] Level 1:colcon.colcon_core.package_discovery:discover_packages(prefix_path) check parameters
[0.156s] Level 1:colcon.colcon_core.package_discovery:discover_packages(prefix_path) discover
[0.157s] DEBUG:colcon.colcon_installed_package_information.package_discovery:Found 11 installed packages in /home/marco/marco/uni/magistrale/IDS_project/ros2_ws/install
[0.158s] DEBUG:colcon.colcon_installed_package_information.package_discovery:Found 235 installed packages in /opt/ros/humble
[0.159s] Level 1:colcon.colcon_core.package_discovery:discover_packages(prefix_path) using defaults
[0.193s] Level 5:colcon.colcon_core.verb:set package 'compressed_depth_image_transport' build argument 'cmake_args' from command line to 'None'
[0.193s] Level 5:colcon.colcon_core.verb:set package 'compressed_depth_image_transport' build argument 'cmake_target' from command line to 'None'
[0.193s] Level 5:colcon.colcon_core.verb:set package 'compressed_depth_image_transport' build argument 'cmake_target_skip_unavailable' from command line to 'False'
[0.193s] Level 5:colcon.colcon_core.verb:set package 'compressed_depth_image_transport' build argument 'cmake_clean_cache' from command line to 'False'
[0.193s] Level 5:colcon.colcon_core.verb:set package 'compressed_depth_image_transport' build argument 'cmake_clean_first' from command line to 'False'
[0.193s] Level 5:colcon.colcon_core.verb:set package 'compressed_depth_image_transport' build argument 'cmake_force_configure' from command line to 'False'
[0.193s] Level 5:colcon.colcon_core.verb:set package 'compressed_depth_image_transport' build argument 'ament_cmake_args' from command line to 'None'
[0.193s] Level 5:colcon.colcon_core.verb:set package 'compressed_depth_image_transport' build argument 'catkin_cmake_args' from command line to 'None'
[0.193s] Level 5:colcon.colcon_core.verb:set package 'compressed_depth_image_transport' build argument 'catkin_skip_building_tests' from command line to 'False'
[0.193s] DEBUG:colcon.colcon_core.verb:Building package 'compressed_depth_image_transport' with the following arguments: {'ament_cmake_args': None, 'build_base': '/home/marco/marco/uni/magistrale/IDS_project/build/compressed_depth_image_transport', 'catkin_cmake_args': None, 'catkin_skip_building_tests': False, 'cmake_args': None, 'cmake_clean_cache': False, 'cmake_clean_first': False, 'cmake_force_configure': False, 'cmake_target': None, 'cmake_target_skip_unavailable': False, 'install_base': '/home/marco/marco/uni/magistrale/IDS_project/install/compressed_depth_image_transport', 'merge_install': False, 'path': '/home/marco/marco/uni/magistrale/IDS_project/ros2_ws/src/image_transport_plugins/compressed_depth_image_transport', 'symlink_install': False, 'test_result_base': None}
[0.193s] Level 5:colcon.colcon_core.verb:set package 'compressed_image_transport' build argument 'cmake_args' from command line to 'None'
[0.193s] Level 5:colcon.colcon_core.verb:set package 'compressed_image_transport' build argument 'cmake_target' from command line to 'None'
[0.193s] Level 5:colcon.colcon_core.verb:set package 'compressed_image_transport' build argument 'cmake_target_skip_unavailable' from command line to 'False'
[0.193s] Level 5:colcon.colcon_core.verb:set package 'compressed_image_transport' build argument 'cmake_clean_cache' from command line to 'False'
[0.193s] Level 5:colcon.colcon_core.verb:set package 'compressed_image_transport' build argument 'cmake_clean_first' from command line to 'False'
[0.193s] Level 5:colcon.colcon_core.verb:set package 'compressed_image_transport' build argument 'cmake_force_configure' from command line to 'False'
[0.193s] Level 5:colcon.colcon_core.verb:set package 'compressed_image_transport' build argument 'ament_cmake_args' from command line to 'None'
[0.193s] Level 5:colcon.colcon_core.verb:set package 'compressed_image_transport' build argument 'catkin_cmake_args' from command line to 'None'
[0.193s] Level 5:colcon.colcon_core.verb:set package 'compressed_image_transport' build argument 'catkin_skip_building_tests' from command line to 'False'
[0.193s] DEBUG:colcon.colcon_core.verb:Building package 'compressed_image_transport' with the following arguments: {'ament_cmake_args': None, 'build_base': '/home/marco/marco/uni/magistrale/IDS_project/build/compressed_image_transport', 'catkin_cmake_args': None, 'catkin_skip_building_tests': False, 'cmake_args': None, 'cmake_clean_cache': False, 'cmake_clean_first': False, 'cmake_force_configure': False, 'cmake_target': None, 'cmake_target_skip_unavailable': False, 'install_base': '/home/marco/marco/uni/magistrale/IDS_project/install/compressed_image_transport', 'merge_install': False, 'path': '/home/marco/marco/uni/magistrale/IDS_project/ros2_ws/src/image_transport_plugins/compressed_image_transport', 'symlink_install': False, 'test_result_base': None}
[0.193s] Level 5:colcon.colcon_core.verb:set package 'limo_control' build argument 'cmake_args' from command line to 'None'
[0.193s] Level 5:colcon.colcon_core.verb:set package 'limo_control' build argument 'cmake_target' from command line to 'None'
[0.193s] Level 5:colcon.colcon_core.verb:set package 'limo_control' build argument 'cmake_target_skip_unavailable' from command line to 'False'
[0.193s] Level 5:colcon.colcon_core.verb:set package 'limo_control' build argument 'cmake_clean_cache' from command line to 'False'
[0.193s] Level 5:colcon.colcon_core.verb:set package 'limo_control' build argument 'cmake_clean_first' from command line to 'False'
[0.193s] Level 5:colcon.colcon_core.verb:set package 'limo_control' build argument 'cmake_force_configure' from command line to 'False'
[0.194s] Level 5:colcon.colcon_core.verb:set package 'limo_control' build argument 'ament_cmake_args' from command line to 'None'
[0.194s] Level 5:colcon.colcon_core.verb:set package 'limo_control' build argument 'catkin_cmake_args' from command line to 'None'
[0.194s] Level 5:colcon.colcon_core.verb:set package 'limo_control' build argument 'catkin_skip_building_tests' from command line to 'False'
[0.194s] DEBUG:colcon.colcon_core.verb:Building package 'limo_control' with the following arguments: {'ament_cmake_args': None, 'build_base': '/home/marco/marco/uni/magistrale/IDS_project/build/limo_control', 'catkin_cmake_args': None, 'catkin_skip_building_tests': False, 'cmake_args': None, 'cmake_clean_cache': False, 'cmake_clean_first': False, 'cmake_force_configure': False, 'cmake_target': None, 'cmake_target_skip_unavailable': False, 'install_base': '/home/marco/marco/uni/magistrale/IDS_project/install/limo_control', 'merge_install': False, 'path': '/home/marco/marco/uni/magistrale/IDS_project/ros2_ws/src/limo_control', 'symlink_install': False, 'test_result_base': None}
[0.194s] Level 5:colcon.colcon_core.verb:set package 'limo_description' build argument 'cmake_args' from command line to 'None'
[0.194s] Level 5:colcon.colcon_core.verb:set package 'limo_description' build argument 'cmake_target' from command line to 'None'
[0.194s] Level 5:colcon.colcon_core.verb:set package 'limo_description' build argument 'cmake_target_skip_unavailable' from command line to 'False'
[0.194s] Level 5:colcon.colcon_core.verb:set package 'limo_description' build argument 'cmake_clean_cache' from command line to 'False'
[0.194s] Level 5:colcon.colcon_core.verb:set package 'limo_description' build argument 'cmake_clean_first' from command line to 'False'
[0.194s] Level 5:colcon.colcon_core.verb:set package 'limo_description' build argument 'cmake_force_configure' from command line to 'False'
[0.194s] Level 5:colcon.colcon_core.verb:set package 'limo_description' build argument 'ament_cmake_args' from command line to 'None'
[0.194s] Level 5:colcon.colcon_core.verb:set package 'limo_description' build argument 'catkin_cmake_args' from command line to 'None'
[0.194s] Level 5:colcon.colcon_core.verb:set package 'limo_description' build argument 'catkin_skip_building_tests' from command line to 'False'
[0.194s] DEBUG:colcon.colcon_core.verb:Building package 'limo_description' with the following arguments: {'ament_cmake_args': None, 'build_base': '/home/marco/marco/uni/magistrale/IDS_project/build/limo_description', 'catkin_cmake_args': None, 'catkin_skip_building_tests': False, 'cmake_args': None, 'cmake_clean_cache': False, 'cmake_clean_first': False, 'cmake_force_configure': False, 'cmake_target': None, 'cmake_target_skip_unavailable': False, 'install_base': '/home/marco/marco/uni/magistrale/IDS_project/install/limo_description', 'merge_install': False, 'path': '/home/marco/marco/uni/magistrale/IDS_project/ros2_ws/src/limo_description', 'symlink_install': False, 'test_result_base': None}
[0.194s] Level 5:colcon.colcon_core.verb:set package 'localization' build argument 'cmake_args' from command line to 'None'
[0.194s] Level 5:colcon.colcon_core.verb:set package 'localization' build argument 'cmake_target' from command line to 'None'
[0.194s] Level 5:colcon.colcon_core.verb:set package 'localization' build argument 'cmake_target_skip_unavailable' from command line to 'False'
[0.194s] Level 5:colcon.colcon_core.verb:set package 'localization' build argument 'cmake_clean_cache' from command line to 'False'
[0.194s] Level 5:colcon.colcon_core.verb:set package 'localization' build argument 'cmake_clean_first' from command line to 'False'
[0.194s] Level 5:colcon.colcon_core.verb:set package 'localization' build argument 'cmake_force_configure' from command line to 'False'
[0.194s] Level 5:colcon.colcon_core.verb:set package 'localization' build argument 'ament_cmake_args' from command line to 'None'
[0.194s] Level 5:colcon.colcon_core.verb:set package 'localization' build argument 'catkin_cmake_args' from command line to 'None'
[0.194s] Level 5:colcon.colcon_core.verb:set package 'localization' build argument 'catkin_skip_building_tests' from command line to 'False'
[0.194s] DEBUG:colcon.colcon_core.verb:Building package 'localization' with the following arguments: {'ament_cmake_args': None, 'build_base': '/home/marco/marco/uni/magistrale/IDS_project/build/localization', 'catkin_cmake_args': None, 'catkin_skip_building_tests': False, 'cmake_args': None, 'cmake_clean_cache': False, 'cmake_clean_first': False, 'cmake_force_configure': False, 'cmake_target': None, 'cmake_target_skip_unavailable': False, 'install_base': '/home/marco/marco/uni/magistrale/IDS_project/install/localization', 'merge_install': False, 'path': '/home/marco/marco/uni/magistrale/IDS_project/ros2_ws/src/localization', 'symlink_install': False, 'test_result_base': None}
[0.194s] Level 5:colcon.colcon_core.verb:set package 'plots' build argument 'cmake_args' from command line to 'None'
[0.194s] Level 5:colcon.colcon_core.verb:set package 'plots' build argument 'cmake_target' from command line to 'None'
[0.194s] Level 5:colcon.colcon_core.verb:set package 'plots' build argument 'cmake_target_skip_unavailable' from command line to 'False'
[0.194s] Level 5:colcon.colcon_core.verb:set package 'plots' build argument 'cmake_clean_cache' from command line to 'False'
[0.194s] Level 5:colcon.colcon_core.verb:set package 'plots' build argument 'cmake_clean_first' from command line to 'False'
[0.194s] Level 5:colcon.colcon_core.verb:set package 'plots' build argument 'cmake_force_configure' from command line to 'False'
[0.194s] Level 5:colcon.colcon_core.verb:set package 'plots' build argument 'ament_cmake_args' from command line to 'None'
[0.194s] Level 5:colcon.colcon_core.verb:set package 'plots' build argument 'catkin_cmake_args' from command line to 'None'
[0.194s] Level 5:colcon.colcon_core.verb:set package 'plots' build argument 'catkin_skip_building_tests' from command line to 'False'
[0.194s] DEBUG:colcon.colcon_core.verb:Building package 'plots' with the following arguments: {'ament_cmake_args': None, 'build_base': '/home/marco/marco/uni/magistrale/IDS_project/build/plots', 'catkin_cmake_args': None, 'catkin_skip_building_tests': False, 'cmake_args': None, 'cmake_clean_cache': False, 'cmake_clean_first': False, 'cmake_force_configure': False, 'cmake_target': None, 'cmake_target_skip_unavailable': False, 'install_base': '/home/marco/marco/uni/magistrale/IDS_project/install/plots', 'merge_install': False, 'path': '/home/marco/marco/uni/magistrale/IDS_project/ros2_ws/src/plots', 'symlink_install': False, 'test_result_base': None}
[0.195s] Level 5:colcon.colcon_core.verb:set package 'project_interfaces' build argument 'cmake_args' from command line to 'None'
[0.195s] Level 5:colcon.colcon_core.verb:set package 'project_interfaces' build argument 'cmake_target' from command line to 'None'
[0.195s] Level 5:colcon.colcon_core.verb:set package 'project_interfaces' build argument 'cmake_target_skip_unavailable' from command line to 'False'
[0.195s] Level 5:colcon.colcon_core.verb:set package 'project_interfaces' build argument 'cmake_clean_cache' from command line to 'False'
[0.195s] Level 5:colcon.colcon_core.verb:set package 'project_interfaces' build argument 'cmake_clean_first' from command line to 'False'
[0.195s] Level 5:colcon.colcon_core.verb:set package 'project_interfaces' build argument 'cmake_force_configure' from command line to 'False'
[0.195s] Level 5:colcon.colcon_core.verb:set package 'project_interfaces' build argument 'ament_cmake_args' from command line to 'None'
[0.195s] Level 5:colcon.colcon_core.verb:set package 'project_interfaces' build argument 'catkin_cmake_args' from command line to 'None'
[0.195s] Level 5:colcon.colcon_core.verb:set package 'project_interfaces' build argument 'catkin_skip_building_tests' from command line to 'False'
[0.195s] DEBUG:colcon.colcon_core.verb:Building package 'project_interfaces' with the following arguments: {'ament_cmake_args': None, 'build_base': '/home/marco/marco/uni/magistrale/IDS_project/build/project_interfaces', 'catkin_cmake_args': None, 'catkin_skip_building_tests': False, 'cmake_args': None, 'cmake_clean_cache': False, 'cmake_clean_first': False, 'cmake_force_configure': False, 'cmake_target': None, 'cmake_target_skip_unavailable': False, 'install_base': '/home/marco/marco/uni/magistrale/IDS_project/install/project_interfaces', 'merge_install': False, 'path': '/home/marco/marco/uni/magistrale/IDS_project/ros2_ws/src/project_interfaces', 'symlink_install': False, 'test_result_base': None}
[0.195s] Level 5:colcon.colcon_core.verb:set package 'simulation' build argument 'cmake_args' from command line to 'None'
[0.195s] Level 5:colcon.colcon_core.verb:set package 'simulation' build argument 'cmake_target' from command line to 'None'
[0.195s] Level 5:colcon.colcon_core.verb:set package 'simulation' build argument 'cmake_target_skip_unavailable' from command line to 'False'
[0.195s] Level 5:colcon.colcon_core.verb:set package 'simulation' build argument 'cmake_clean_cache' from command line to 'False'
[0.195s] Level 5:colcon.colcon_core.verb:set package 'simulation' build argument 'cmake_clean_first' from command line to 'False'
[0.195s] Level 5:colcon.colcon_core.verb:set package 'simulation' build argument 'cmake_force_configure' from command line to 'False'
[0.195s] Level 5:colcon.colcon_core.verb:set package 'simulation' build argument 'ament_cmake_args' from command line to 'None'
[0.195s] Level 5:colcon.colcon_core.verb:set package 'simulation' build argument 'catkin_cmake_args' from command line to 'None'
[0.195s] Level 5:colcon.colcon_core.verb:set package 'simulation' build argument 'catkin_skip_building_tests' from command line to 'False'
[0.195s] DEBUG:colcon.colcon_core.verb:Building package 'simulation' with the following arguments: {'ament_cmake_args': None, 'build_base': '/home/marco/marco/uni/magistrale/IDS_project/build/simulation', 'catkin_cmake_args': None, 'catkin_skip_building_tests': False, 'cmake_args': None, 'cmake_clean_cache': False, 'cmake_clean_first': False, 'cmake_force_configure': False, 'cmake_target': None, 'cmake_target_skip_unavailable': False, 'install_base': '/home/marco/marco/uni/magistrale/IDS_project/install/simulation', 'merge_install': False, 'path': '/home/marco/marco/uni/magistrale/IDS_project/ros2_ws/src/simulation', 'symlink_install': False, 'test_result_base': None}
[0.195s] Level 5:colcon.colcon_core.verb:set package 'theora_image_transport' build argument 'cmake_args' from command line to 'None'
[0.195s] Level 5:colcon.colcon_core.verb:set package 'theora_image_transport' build argument 'cmake_target' from command line to 'None'
[0.195s] Level 5:colcon.colcon_core.verb:set package 'theora_image_transport' build argument 'cmake_target_skip_unavailable' from command line to 'False'
[0.195s] Level 5:colcon.colcon_core.verb:set package 'theora_image_transport' build argument 'cmake_clean_cache' from command line to 'False'
[0.195s] Level 5:colcon.colcon_core.verb:set package 'theora_image_transport' build argument 'cmake_clean_first' from command line to 'False'
[0.195s] Level 5:colcon.colcon_core.verb:set package 'theora_image_transport' build argument 'cmake_force_configure' from command line to 'False'
[0.195s] Level 5:colcon.colcon_core.verb:set package 'theora_image_transport' build argument 'ament_cmake_args' from command line to 'None'
[0.195s] Level 5:colcon.colcon_core.verb:set package 'theora_image_transport' build argument 'catkin_cmake_args' from command line to 'None'
[0.195s] Level 5:colcon.colcon_core.verb:set package 'theora_image_transport' build argument 'catkin_skip_building_tests' from command line to 'False'
[0.195s] DEBUG:colcon.colcon_core.verb:Building package 'theora_image_transport' with the following arguments: {'ament_cmake_args': None, 'build_base': '/home/marco/marco/uni/magistrale/IDS_project/build/theora_image_transport', 'catkin_cmake_args': None, 'catkin_skip_building_tests': False, 'cmake_args': None, 'cmake_clean_cache': False, 'cmake_clean_first': False, 'cmake_force_configure': False, 'cmake_target': None, 'cmake_target_skip_unavailable': False, 'install_base': '/home/marco/marco/uni/magistrale/IDS_project/install/theora_image_transport', 'merge_install': False, 'path': '/home/marco/marco/uni/magistrale/IDS_project/ros2_ws/src/image_transport_plugins/theora_image_transport', 'symlink_install': False, 'test_result_base': None}
[0.195s] Level 5:colcon.colcon_core.verb:set package 'vision' build argument 'cmake_args' from command line to 'None'
[0.195s] Level 5:colcon.colcon_core.verb:set package 'vision' build argument 'cmake_target' from command line to 'None'
[0.195s] Level 5:colcon.colcon_core.verb:set package 'vision' build argument 'cmake_target_skip_unavailable' from command line to 'False'
[0.195s] Level 5:colcon.colcon_core.verb:set package 'vision' build argument 'cmake_clean_cache' from command line to 'False'
[0.195s] Level 5:colcon.colcon_core.verb:set package 'vision' build argument 'cmake_clean_first' from command line to 'False'
[0.196s] Level 5:colcon.colcon_core.verb:set package 'vision' build argument 'cmake_force_configure' from command line to 'False'
[0.196s] Level 5:colcon.colcon_core.verb:set package 'vision' build argument 'ament_cmake_args' from command line to 'None'
[0.196s] Level 5:colcon.colcon_core.verb:set package 'vision' build argument 'catkin_cmake_args' from command line to 'None'
[0.196s] Level 5:colcon.colcon_core.verb:set package 'vision' build argument 'catkin_skip_building_tests' from command line to 'False'
[0.196s] DEBUG:colcon.colcon_core.verb:Building package 'vision' with the following arguments: {'ament_cmake_args': None, 'build_base': '/home/marco/marco/uni/magistrale/IDS_project/build/vision', 'catkin_cmake_args': None, 'catkin_skip_building_tests': False, 'cmake_args': None, 'cmake_clean_cache': False, 'cmake_clean_first': False, 'cmake_force_configure': False, 'cmake_target': None, 'cmake_target_skip_unavailable': False, 'install_base': '/home/marco/marco/uni/magistrale/IDS_project/install/vision', 'merge_install': False, 'path': '/home/marco/marco/uni/magistrale/IDS_project/ros2_ws/src/vision', 'symlink_install': False, 'test_result_base': None}
[0.196s] Level 5:colcon.colcon_core.verb:set package 'image_transport_plugins' build argument 'cmake_args' from command line to 'None'
[0.196s] Level 5:colcon.colcon_core.verb:set package 'image_transport_plugins' build argument 'cmake_target' from command line to 'None'
[0.196s] Level 5:colcon.colcon_core.verb:set package 'image_transport_plugins' build argument 'cmake_target_skip_unavailable' from command line to 'False'
[0.196s] Level 5:colcon.colcon_core.verb:set package 'image_transport_plugins' build argument 'cmake_clean_cache' from command line to 'False'
[0.196s] Level 5:colcon.colcon_core.verb:set package 'image_transport_plugins' build argument 'cmake_clean_first' from command line to 'False'
[0.196s] Level 5:colcon.colcon_core.verb:set package 'image_transport_plugins' build argument 'cmake_force_configure' from command line to 'False'
[0.196s] Level 5:colcon.colcon_core.verb:set package 'image_transport_plugins' build argument 'ament_cmake_args' from command line to 'None'
[0.196s] Level 5:colcon.colcon_core.verb:set package 'image_transport_plugins' build argument 'catkin_cmake_args' from command line to 'None'
[0.196s] Level 5:colcon.colcon_core.verb:set package 'image_transport_plugins' build argument 'catkin_skip_building_tests' from command line to 'False'
[0.196s] DEBUG:colcon.colcon_core.verb:Building package 'image_transport_plugins' with the following arguments: {'ament_cmake_args': None, 'build_base': '/home/marco/marco/uni/magistrale/IDS_project/build/image_transport_plugins', 'catkin_cmake_args': None, 'catkin_skip_building_tests': False, 'cmake_args': None, 'cmake_clean_cache': False, 'cmake_clean_first': False, 'cmake_force_configure': False, 'cmake_target': None, 'cmake_target_skip_unavailable': False, 'install_base': '/home/marco/marco/uni/magistrale/IDS_project/install/image_transport_plugins', 'merge_install': False, 'path': '/home/marco/marco/uni/magistrale/IDS_project/ros2_ws/src/image_transport_plugins/image_transport_plugins', 'symlink_install': False, 'test_result_base': None}
[0.196s] INFO:colcon.colcon_core.executor:Executing jobs using 'parallel' executor
[0.197s] DEBUG:colcon.colcon_parallel_executor.executor.parallel:run_until_complete
[0.197s] INFO:colcon.colcon_ros.task.ament_cmake.build:Building ROS package in '/home/marco/marco/uni/magistrale/IDS_project/ros2_ws/src/image_transport_plugins/compressed_depth_image_transport' with build type 'ament_cmake'
[0.197s] INFO:colcon.colcon_cmake.task.cmake.build:Building CMake package in '/home/marco/marco/uni/magistrale/IDS_project/ros2_ws/src/image_transport_plugins/compressed_depth_image_transport'
[0.199s] INFO:colcon.colcon_core.plugin_system:Skipping extension 'colcon_core.shell.bat': Not used on non-Windows systems
[0.199s] INFO:colcon.colcon_core.shell:Skip shell extension 'powershell' for command environment: Not usable outside of PowerShell
[0.199s] DEBUG:colcon.colcon_core.shell:Skip shell extension 'dsv' for command environment
[0.202s] INFO:colcon.colcon_ros.task.ament_cmake.build:Building ROS package in '/home/marco/marco/uni/magistrale/IDS_project/ros2_ws/src/image_transport_plugins/compressed_image_transport' with build type 'ament_cmake'
[0.202s] INFO:colcon.colcon_cmake.task.cmake.build:Building CMake package in '/home/marco/marco/uni/magistrale/IDS_project/ros2_ws/src/image_transport_plugins/compressed_image_transport'
[0.202s] INFO:colcon.colcon_core.shell:Skip shell extension 'powershell' for command environment: Not usable outside of PowerShell
[0.202s] DEBUG:colcon.colcon_core.shell:Skip shell extension 'dsv' for command environment
[0.205s] INFO:colcon.colcon_ros.task.ament_cmake.build:Building ROS package in '/home/marco/marco/uni/magistrale/IDS_project/ros2_ws/src/image_transport_plugins/theora_image_transport' with build type 'ament_cmake'
[0.205s] INFO:colcon.colcon_cmake.task.cmake.build:Building CMake package in '/home/marco/marco/uni/magistrale/IDS_project/ros2_ws/src/image_transport_plugins/theora_image_transport'
[0.205s] INFO:colcon.colcon_core.shell:Skip shell extension 'powershell' for command environment: Not usable outside of PowerShell
[0.205s] DEBUG:colcon.colcon_core.shell:Skip shell extension 'dsv' for command environment
[0.207s] INFO:colcon.colcon_ros.task.ament_python.build:Building ROS package in '/home/marco/marco/uni/magistrale/IDS_project/ros2_ws/src/limo_control' with build type 'ament_python'
[0.207s] Level 1:colcon.colcon_core.shell:create_environment_hook('limo_control', 'ament_prefix_path')
[0.207s] INFO:colcon.colcon_core.shell:Creating environment hook '/home/marco/marco/uni/magistrale/IDS_project/install/limo_control/share/limo_control/hook/ament_prefix_path.ps1'
[0.208s] INFO:colcon.colcon_core.shell:Creating environment descriptor '/home/marco/marco/uni/magistrale/IDS_project/install/limo_control/share/limo_control/hook/ament_prefix_path.dsv'
[0.208s] INFO:colcon.colcon_core.shell:Creating environment hook '/home/marco/marco/uni/magistrale/IDS_project/install/limo_control/share/limo_control/hook/ament_prefix_path.sh'
[0.209s] INFO:colcon.colcon_core.shell:Skip shell extension 'powershell' for command environment: Not usable outside of PowerShell
[0.209s] DEBUG:colcon.colcon_core.shell:Skip shell extension 'dsv' for command environment
[0.211s] INFO:colcon.colcon_ros.task.ament_python.build:Building ROS package in '/home/marco/marco/uni/magistrale/IDS_project/ros2_ws/src/limo_description' with build type 'ament_python'
[0.211s] Level 1:colcon.colcon_core.shell:create_environment_hook('limo_description', 'ament_prefix_path')
[0.212s] INFO:colcon.colcon_core.shell:Creating environment hook '/home/marco/marco/uni/magistrale/IDS_project/install/limo_description/share/limo_description/hook/ament_prefix_path.ps1'
[0.212s] INFO:colcon.colcon_core.shell:Creating environment descriptor '/home/marco/marco/uni/magistrale/IDS_project/install/limo_description/share/limo_description/hook/ament_prefix_path.dsv'
[0.212s] INFO:colcon.colcon_core.shell:Creating environment hook '/home/marco/marco/uni/magistrale/IDS_project/install/limo_description/share/limo_description/hook/ament_prefix_path.sh'
[0.213s] INFO:colcon.colcon_core.shell:Skip shell extension 'powershell' for command environment: Not usable outside of PowerShell
[0.213s] DEBUG:colcon.colcon_core.shell:Skip shell extension 'dsv' for command environment
[0.215s] INFO:colcon.colcon_ros.task.ament_python.build:Building ROS package in '/home/marco/marco/uni/magistrale/IDS_project/ros2_ws/src/localization' with build type 'ament_python'
[0.215s] Level 1:colcon.colcon_core.shell:create_environment_hook('localization', 'ament_prefix_path')
[0.215s] INFO:colcon.colcon_core.shell:Creating environment hook '/home/marco/marco/uni/magistrale/IDS_project/install/localization/share/localization/hook/ament_prefix_path.ps1'
[0.216s] INFO:colcon.colcon_core.shell:Creating environment descriptor '/home/marco/marco/uni/magistrale/IDS_project/install/localization/share/localization/hook/ament_prefix_path.dsv'
[0.216s] INFO:colcon.colcon_core.shell:Creating environment hook '/home/marco/marco/uni/magistrale/IDS_project/install/localization/share/localization/hook/ament_prefix_path.sh'
[0.217s] INFO:colcon.colcon_core.shell:Skip shell extension 'powershell' for command environment: Not usable outside of PowerShell
[0.217s] DEBUG:colcon.colcon_core.shell:Skip shell extension 'dsv' for command environment
[0.219s] INFO:colcon.colcon_ros.task.ament_python.build:Building ROS package in '/home/marco/marco/uni/magistrale/IDS_project/ros2_ws/src/plots' with build type 'ament_python'
[0.219s] Level 1:colcon.colcon_core.shell:create_environment_hook('plots', 'ament_prefix_path')
[0.219s] INFO:colcon.colcon_core.shell:Creating environment hook '/home/marco/marco/uni/magistrale/IDS_project/install/plots/share/plots/hook/ament_prefix_path.ps1'
[0.219s] INFO:colcon.colcon_core.shell:Creating environment descriptor '/home/marco/marco/uni/magistrale/IDS_project/install/plots/share/plots/hook/ament_prefix_path.dsv'
[0.219s] INFO:colcon.colcon_core.shell:Creating environment hook '/home/marco/marco/uni/magistrale/IDS_project/install/plots/share/plots/hook/ament_prefix_path.sh'
[0.220s] INFO:colcon.colcon_core.shell:Skip shell extension 'powershell' for command environment: Not usable outside of PowerShell
[0.220s] DEBUG:colcon.colcon_core.shell:Skip shell extension 'dsv' for command environment
[0.222s] INFO:colcon.colcon_ros.task.ament_cmake.build:Building ROS package in '/home/marco/marco/uni/magistrale/IDS_project/ros2_ws/src/project_interfaces' with build type 'ament_cmake'
[0.222s] INFO:colcon.colcon_cmake.task.cmake.build:Building CMake package in '/home/marco/marco/uni/magistrale/IDS_project/ros2_ws/src/project_interfaces'
[0.222s] INFO:colcon.colcon_core.shell:Skip shell extension 'powershell' for command environment: Not usable outside of PowerShell
[0.223s] DEBUG:colcon.colcon_core.shell:Skip shell extension 'dsv' for command environment
[0.228s] DEBUG:colcon.colcon_core.event_handler.log_command:Invoking command in '/home/marco/marco/uni/magistrale/IDS_project/build/compressed_depth_image_transport': CMAKE_PREFIX_PATH=${CMAKE_PREFIX_PATH}:/home/marco/marco/uni/magistrale/IDS_project/ros2_ws/install/vision:/home/marco/marco/uni/magistrale/IDS_project/ros2_ws/install/simulation:/home/marco/marco/uni/magistrale/IDS_project/ros2_ws/install/plots:/home/marco/marco/uni/magistrale/IDS_project/ros2_ws/install/localization:/home/marco/marco/uni/magistrale/IDS_project/ros2_ws/install/limo_description:/home/marco/marco/uni/magistrale/IDS_project/ros2_ws/install/limo_control:/opt/ros/humble /usr/bin/cmake /home/marco/marco/uni/magistrale/IDS_project/ros2_ws/src/image_transport_plugins/compressed_depth_image_transport -DCMAKE_INSTALL_PREFIX=/home/marco/marco/uni/magistrale/IDS_project/install/compressed_depth_image_transport
[0.231s] DEBUG:colcon.colcon_core.event_handler.log_command:Invoking command in '/home/marco/marco/uni/magistrale/IDS_project/build/compressed_image_transport': CMAKE_PREFIX_PATH=${CMAKE_PREFIX_PATH}:/home/marco/marco/uni/magistrale/IDS_project/ros2_ws/install/vision:/home/marco/marco/uni/magistrale/IDS_project/ros2_ws/install/simulation:/home/marco/marco/uni/magistrale/IDS_project/ros2_ws/install/plots:/home/marco/marco/uni/magistrale/IDS_project/ros2_ws/install/localization:/home/marco/marco/uni/magistrale/IDS_project/ros2_ws/install/limo_description:/home/marco/marco/uni/magistrale/IDS_project/ros2_ws/install/limo_control:/opt/ros/humble /usr/bin/cmake /home/marco/marco/uni/magistrale/IDS_project/ros2_ws/src/image_transport_plugins/compressed_image_transport -DCMAKE_INSTALL_PREFIX=/home/marco/marco/uni/magistrale/IDS_project/install/compressed_image_transport
[0.233s] DEBUG:colcon.colcon_core.event_handler.log_command:Invoking command in '/home/marco/marco/uni/magistrale/IDS_project/build/theora_image_transport': CMAKE_PREFIX_PATH=${CMAKE_PREFIX_PATH}:/home/marco/marco/uni/magistrale/IDS_project/ros2_ws/install/vision:/home/marco/marco/uni/magistrale/IDS_project/ros2_ws/install/simulation:/home/marco/marco/uni/magistrale/IDS_project/ros2_ws/install/plots:/home/marco/marco/uni/magistrale/IDS_project/ros2_ws/install/localization:/home/marco/marco/uni/magistrale/IDS_project/ros2_ws/install/limo_description:/home/marco/marco/uni/magistrale/IDS_project/ros2_ws/install/limo_control:/opt/ros/humble /usr/bin/cmake /home/marco/marco/uni/magistrale/IDS_project/ros2_ws/src/image_transport_plugins/theora_image_transport -DCMAKE_INSTALL_PREFIX=/home/marco/marco/uni/magistrale/IDS_project/install/theora_image_transport
[0.410s] INFO:colcon.colcon_core.task.python.build:Building Python package in '/home/marco/marco/uni/magistrale/IDS_project/ros2_ws/src/limo_control'
[0.411s] INFO:colcon.colcon_core.shell:Skip shell extension 'powershell' for command environment: Not usable outside of PowerShell
[0.411s] DEBUG:colcon.colcon_core.shell:Skip shell extension 'dsv' for command environment
[0.611s] INFO:colcon.colcon_core.task.python.build:Building Python package in '/home/marco/marco/uni/magistrale/IDS_project/ros2_ws/src/limo_description'
[0.611s] INFO:colcon.colcon_core.shell:Skip shell extension 'powershell' for command environment: Not usable outside of PowerShell
[0.611s] DEBUG:colcon.colcon_core.shell:Skip shell extension 'dsv' for command environment
[0.880s] INFO:colcon.colcon_core.task.python.build:Building Python package in '/home/marco/marco/uni/magistrale/IDS_project/ros2_ws/src/localization'
[0.881s] INFO:colcon.colcon_core.shell:Skip shell extension 'powershell' for command environment: Not usable outside of PowerShell
[0.881s] DEBUG:colcon.colcon_core.shell:Skip shell extension 'dsv' for command environment
[1.093s] INFO:colcon.colcon_core.task.python.build:Building Python package in '/home/marco/marco/uni/magistrale/IDS_project/ros2_ws/src/plots'
[1.093s] INFO:colcon.colcon_core.shell:Skip shell extension 'powershell' for command environment: Not usable outside of PowerShell
[1.093s] DEBUG:colcon.colcon_core.shell:Skip shell extension 'dsv' for command environment
[1.102s] DEBUG:colcon.colcon_core.event_handler.log_command:Invoking command in '/home/marco/marco/uni/magistrale/IDS_project/build/project_interfaces': CMAKE_PREFIX_PATH=${CMAKE_PREFIX_PATH}:/home/marco/marco/uni/magistrale/IDS_project/ros2_ws/install/vision:/home/marco/marco/uni/magistrale/IDS_project/ros2_ws/install/simulation:/home/marco/marco/uni/magistrale/IDS_project/ros2_ws/install/plots:/home/marco/marco/uni/magistrale/IDS_project/ros2_ws/install/localization:/home/marco/marco/uni/magistrale/IDS_project/ros2_ws/install/limo_description:/home/marco/marco/uni/magistrale/IDS_project/ros2_ws/install/limo_control:/opt/ros/humble /usr/bin/cmake /home/marco/marco/uni/magistrale/IDS_project/ros2_ws/src/project_interfaces -DCMAKE_INSTALL_PREFIX=/home/marco/marco/uni/magistrale/IDS_project/install/project_interfaces
[1.882s] DEBUG:colcon.colcon_core.event_handler.log_command:Invoking command in '/home/marco/marco/uni/magistrale/IDS_project/ros2_ws/src/limo_control': PYTHONPATH=/home/marco/marco/uni/magistrale/IDS_project/build/limo_control/prefix_override:/usr/lib/python3/dist-packages/colcon_core/task/python/colcon_distutils_commands:/home/marco/marco/uni/magistrale/IDS_project/install/limo_control/lib/python3.10/site-packages:${PYTHONPATH} /usr/bin/python3 -W ignore:setup.py install is deprecated -W ignore:easy_install command is deprecated setup.py egg_info --egg-base ../../../build/limo_control build --build-base /home/marco/marco/uni/magistrale/IDS_project/build/limo_control/build install --record /home/marco/marco/uni/magistrale/IDS_project/build/limo_control/install.log --single-version-externally-managed install_data
[1.980s] DEBUG:colcon.colcon_core.event_handler.log_command:Invoking command in '/home/marco/marco/uni/magistrale/IDS_project/ros2_ws/src/limo_description': PYTHONPATH=/home/marco/marco/uni/magistrale/IDS_project/build/limo_description/prefix_override:/usr/lib/python3/dist-packages/colcon_core/task/python/colcon_distutils_commands:/home/marco/marco/uni/magistrale/IDS_project/install/limo_description/lib/python3.10/site-packages:${PYTHONPATH} /usr/bin/python3 -W ignore:setup.py install is deprecated -W ignore:easy_install command is deprecated setup.py egg_info --egg-base ../../../build/limo_description build --build-base /home/marco/marco/uni/magistrale/IDS_project/build/limo_description/build install --record /home/marco/marco/uni/magistrale/IDS_project/build/limo_description/install.log --single-version-externally-managed install_data
[2.079s] DEBUG:colcon.colcon_core.event_handler.log_command:Invoking command in '/home/marco/marco/uni/magistrale/IDS_project/ros2_ws/src/plots': PYTHONPATH=/home/marco/marco/uni/magistrale/IDS_project/build/plots/prefix_override:/usr/lib/python3/dist-packages/colcon_core/task/python/colcon_distutils_commands:/home/marco/marco/uni/magistrale/IDS_project/install/plots/lib/python3.10/site-packages:${PYTHONPATH} /usr/bin/python3 -W ignore:setup.py install is deprecated -W ignore:easy_install command is deprecated setup.py egg_info --egg-base ../../../build/plots build --build-base /home/marco/marco/uni/magistrale/IDS_project/build/plots/build install --record /home/marco/marco/uni/magistrale/IDS_project/build/plots/install.log --single-version-externally-managed install_data
[2.093s] DEBUG:colcon.colcon_core.event_handler.log_command:Invoking command in '/home/marco/marco/uni/magistrale/IDS_project/ros2_ws/src/localization': PYTHONPATH=/home/marco/marco/uni/magistrale/IDS_project/build/localization/prefix_override:/usr/lib/python3/dist-packages/colcon_core/task/python/colcon_distutils_commands:/home/marco/marco/uni/magistrale/IDS_project/install/localization/lib/python3.10/site-packages:${PYTHONPATH} /usr/bin/python3 -W ignore:setup.py install is deprecated -W ignore:easy_install command is deprecated setup.py egg_info --egg-base ../../../build/localization build --build-base /home/marco/marco/uni/magistrale/IDS_project/build/localization/build install --record /home/marco/marco/uni/magistrale/IDS_project/build/localization/install.log --single-version-externally-managed install_data
[2.753s] Level 1:colcon.colcon_core.environment:checking '/home/marco/marco/uni/magistrale/IDS_project/install/plots' for CMake module files
[2.759s] Level 1:colcon.colcon_core.environment:checking '/home/marco/marco/uni/magistrale/IDS_project/install/plots' for CMake config files
[2.760s] Level 1:colcon.colcon_core.environment:checking '/home/marco/marco/uni/magistrale/IDS_project/install/plots/lib'
[2.760s] Level 1:colcon.colcon_core.environment:checking '/home/marco/marco/uni/magistrale/IDS_project/install/plots/bin'
[2.760s] Level 1:colcon.colcon_core.environment:checking '/home/marco/marco/uni/magistrale/IDS_project/install/plots/lib/pkgconfig/plots.pc'
[2.760s] Level 1:colcon.colcon_core.environment:checking '/home/marco/marco/uni/magistrale/IDS_project/install/plots/lib/python3.10/site-packages'
[2.761s] Level 1:colcon.colcon_core.shell:create_environment_hook('plots', 'pythonpath')
[2.761s] INFO:colcon.colcon_core.shell:Creating environment hook '/home/marco/marco/uni/magistrale/IDS_project/install/plots/share/plots/hook/pythonpath.ps1'
[2.763s] DEBUG:colcon.colcon_core.event_handler.log_command:Invoked command in '/home/marco/marco/uni/magistrale/IDS_project/ros2_ws/src/plots' returned '0': PYTHONPATH=/home/marco/marco/uni/magistrale/IDS_project/build/plots/prefix_override:/usr/lib/python3/dist-packages/colcon_core/task/python/colcon_distutils_commands:/home/marco/marco/uni/magistrale/IDS_project/install/plots/lib/python3.10/site-packages:${PYTHONPATH} /usr/bin/python3 -W ignore:setup.py install is deprecated -W ignore:easy_install command is deprecated setup.py egg_info --egg-base ../../../build/plots build --build-base /home/marco/marco/uni/magistrale/IDS_project/build/plots/build install --record /home/marco/marco/uni/magistrale/IDS_project/build/plots/install.log --single-version-externally-managed install_data
[2.765s] INFO:colcon.colcon_core.shell:Creating environment descriptor '/home/marco/marco/uni/magistrale/IDS_project/install/plots/share/plots/hook/pythonpath.dsv'
[2.766s] INFO:colcon.colcon_core.shell:Creating environment hook '/home/marco/marco/uni/magistrale/IDS_project/install/plots/share/plots/hook/pythonpath.sh'
[2.766s] Level 1:colcon.colcon_core.environment:checking '/home/marco/marco/uni/magistrale/IDS_project/install/plots/bin'
[2.766s] Level 1:colcon.colcon_core.environment:create_environment_scripts_only(plots)
[2.767s] INFO:colcon.colcon_core.shell:Creating package script '/home/marco/marco/uni/magistrale/IDS_project/install/plots/share/plots/package.ps1'
[2.770s] INFO:colcon.colcon_core.shell:Creating package descriptor '/home/marco/marco/uni/magistrale/IDS_project/install/plots/share/plots/package.dsv'
[2.771s] INFO:colcon.colcon_core.shell:Creating package script '/home/marco/marco/uni/magistrale/IDS_project/install/plots/share/plots/package.sh'
[2.772s] INFO:colcon.colcon_core.shell:Creating package script '/home/marco/marco/uni/magistrale/IDS_project/install/plots/share/plots/package.bash'
[2.773s] INFO:colcon.colcon_core.shell:Creating package script '/home/marco/marco/uni/magistrale/IDS_project/install/plots/share/plots/package.zsh'
[2.774s] Level 1:colcon.colcon_core.environment:create_file_with_runtime_dependencies(/home/marco/marco/uni/magistrale/IDS_project/install/plots/share/colcon-core/packages/plots)
[2.774s] INFO:colcon.colcon_ros.task.ament_python.build:Building ROS package in '/home/marco/marco/uni/magistrale/IDS_project/ros2_ws/src/simulation' with build type 'ament_python'
[2.774s] Level 1:colcon.colcon_core.shell:create_environment_hook('simulation', 'ament_prefix_path')
[2.775s] INFO:colcon.colcon_core.shell:Creating environment hook '/home/marco/marco/uni/magistrale/IDS_project/install/simulation/share/simulation/hook/ament_prefix_path.ps1'
[2.778s] INFO:colcon.colcon_core.shell:Creating environment descriptor '/home/marco/marco/uni/magistrale/IDS_project/install/simulation/share/simulation/hook/ament_prefix_path.dsv'
[2.779s] INFO:colcon.colcon_core.shell:Creating environment hook '/home/marco/marco/uni/magistrale/IDS_project/install/simulation/share/simulation/hook/ament_prefix_path.sh'
[2.780s] INFO:colcon.colcon_core.shell:Skip shell extension 'powershell' for command environment: Not usable outside of PowerShell
[2.780s] DEBUG:colcon.colcon_core.shell:Skip shell extension 'dsv' for command environment
[2.789s] Level 1:colcon.colcon_core.environment:checking '/home/marco/marco/uni/magistrale/IDS_project/install/limo_control' for CMake module files
[2.789s] Level 1:colcon.colcon_core.environment:checking '/home/marco/marco/uni/magistrale/IDS_project/install/limo_control' for CMake config files
[2.790s] Level 1:colcon.colcon_core.environment:checking '/home/marco/marco/uni/magistrale/IDS_project/install/limo_control/lib'
[2.790s] Level 1:colcon.colcon_core.environment:checking '/home/marco/marco/uni/magistrale/IDS_project/install/limo_control/bin'
[2.790s] Level 1:colcon.colcon_core.environment:checking '/home/marco/marco/uni/magistrale/IDS_project/install/limo_control/lib/pkgconfig/limo_control.pc'
[2.790s] Level 1:colcon.colcon_core.environment:checking '/home/marco/marco/uni/magistrale/IDS_project/install/limo_control/lib/python3.10/site-packages'
[2.790s] Level 1:colcon.colcon_core.shell:create_environment_hook('limo_control', 'pythonpath')
[2.790s] INFO:colcon.colcon_core.shell:Creating environment hook '/home/marco/marco/uni/magistrale/IDS_project/install/limo_control/share/limo_control/hook/pythonpath.ps1'
[2.791s] INFO:colcon.colcon_core.shell:Creating environment descriptor '/home/marco/marco/uni/magistrale/IDS_project/install/limo_control/share/limo_control/hook/pythonpath.dsv'
[2.795s] DEBUG:colcon.colcon_core.event_handler.log_command:Invoked command in '/home/marco/marco/uni/magistrale/IDS_project/ros2_ws/src/limo_control' returned '0': PYTHONPATH=/home/marco/marco/uni/magistrale/IDS_project/build/limo_control/prefix_override:/usr/lib/python3/dist-packages/colcon_core/task/python/colcon_distutils_commands:/home/marco/marco/uni/magistrale/IDS_project/install/limo_control/lib/python3.10/site-packages:${PYTHONPATH} /usr/bin/python3 -W ignore:setup.py install is deprecated -W ignore:easy_install command is deprecated setup.py egg_info --egg-base ../../../build/limo_control build --build-base /home/marco/marco/uni/magistrale/IDS_project/build/limo_control/build install --record /home/marco/marco/uni/magistrale/IDS_project/build/limo_control/install.log --single-version-externally-managed install_data
[2.797s] INFO:colcon.colcon_core.shell:Creating environment hook '/home/marco/marco/uni/magistrale/IDS_project/install/limo_control/share/limo_control/hook/pythonpath.sh'
[2.797s] Level 1:colcon.colcon_core.environment:checking '/home/marco/marco/uni/magistrale/IDS_project/install/limo_control/bin'
[2.798s] Level 1:colcon.colcon_core.environment:create_environment_scripts_only(limo_control)
[2.802s] INFO:colcon.colcon_core.shell:Creating package script '/home/marco/marco/uni/magistrale/IDS_project/install/limo_control/share/limo_control/package.ps1'
[2.803s] INFO:colcon.colcon_core.shell:Creating package descriptor '/home/marco/marco/uni/magistrale/IDS_project/install/limo_control/share/limo_control/package.dsv'
[2.804s] INFO:colcon.colcon_core.shell:Creating package script '/home/marco/marco/uni/magistrale/IDS_project/install/limo_control/share/limo_control/package.sh'
[2.804s] INFO:colcon.colcon_core.shell:Creating package script '/home/marco/marco/uni/magistrale/IDS_project/install/limo_control/share/limo_control/package.bash'
[2.804s] INFO:colcon.colcon_core.shell:Creating package script '/home/marco/marco/uni/magistrale/IDS_project/install/limo_control/share/limo_control/package.zsh'
[2.805s] Level 1:colcon.colcon_core.environment:create_file_with_runtime_dependencies(/home/marco/marco/uni/magistrale/IDS_project/install/limo_control/share/colcon-core/packages/limo_control)
[2.809s] INFO:colcon.colcon_ros.task.ament_python.build:Building ROS package in '/home/marco/marco/uni/magistrale/IDS_project/ros2_ws/src/vision' with build type 'ament_python'
[2.810s] Level 1:colcon.colcon_core.shell:create_environment_hook('vision', 'ament_prefix_path')
[2.814s] INFO:colcon.colcon_core.shell:Creating environment hook '/home/marco/marco/uni/magistrale/IDS_project/install/vision/share/vision/hook/ament_prefix_path.ps1'
[2.815s] INFO:colcon.colcon_core.shell:Creating environment descriptor '/home/marco/marco/uni/magistrale/IDS_project/install/vision/share/vision/hook/ament_prefix_path.dsv'
[2.815s] INFO:colcon.colcon_core.shell:Creating environment hook '/home/marco/marco/uni/magistrale/IDS_project/install/vision/share/vision/hook/ament_prefix_path.sh'
[2.816s] INFO:colcon.colcon_core.shell:Skip shell extension 'powershell' for command environment: Not usable outside of PowerShell
[2.816s] DEBUG:colcon.colcon_core.shell:Skip shell extension 'dsv' for command environment
[3.101s] INFO:colcon.colcon_core.task.python.build:Building Python package in '/home/marco/marco/uni/magistrale/IDS_project/ros2_ws/src/simulation'
[3.102s] INFO:colcon.colcon_core.shell:Skip shell extension 'powershell' for command environment: Not usable outside of PowerShell
[3.102s] DEBUG:colcon.colcon_core.shell:Skip shell extension 'dsv' for command environment
[3.110s] Level 1:colcon.colcon_core.environment:checking '/home/marco/marco/uni/magistrale/IDS_project/install/limo_description' for CMake module files
[3.111s] DEBUG:colcon.colcon_core.event_handler.log_command:Invoked command in '/home/marco/marco/uni/magistrale/IDS_project/ros2_ws/src/limo_description' returned '0': PYTHONPATH=/home/marco/marco/uni/magistrale/IDS_project/build/limo_description/prefix_override:/usr/lib/python3/dist-packages/colcon_core/task/python/colcon_distutils_commands:/home/marco/marco/uni/magistrale/IDS_project/install/limo_description/lib/python3.10/site-packages:${PYTHONPATH} /usr/bin/python3 -W ignore:setup.py install is deprecated -W ignore:easy_install command is deprecated setup.py egg_info --egg-base ../../../build/limo_description build --build-base /home/marco/marco/uni/magistrale/IDS_project/build/limo_description/build install --record /home/marco/marco/uni/magistrale/IDS_project/build/limo_description/install.log --single-version-externally-managed install_data
[3.112s] Level 1:colcon.colcon_core.environment:checking '/home/marco/marco/uni/magistrale/IDS_project/install/limo_description' for CMake config files
[3.112s] Level 1:colcon.colcon_core.environment:checking '/home/marco/marco/uni/magistrale/IDS_project/install/limo_description/lib'
[3.112s] Level 1:colcon.colcon_core.environment:checking '/home/marco/marco/uni/magistrale/IDS_project/install/limo_description/bin'
[3.112s] Level 1:colcon.colcon_core.environment:checking '/home/marco/marco/uni/magistrale/IDS_project/install/limo_description/lib/pkgconfig/limo_description.pc'
[3.112s] Level 1:colcon.colcon_core.environment:checking '/home/marco/marco/uni/magistrale/IDS_project/install/limo_description/lib/python3.10/site-packages'
[3.113s] Level 1:colcon.colcon_core.shell:create_environment_hook('limo_description', 'pythonpath')
[3.113s] INFO:colcon.colcon_core.shell:Creating environment hook '/home/marco/marco/uni/magistrale/IDS_project/install/limo_description/share/limo_description/hook/pythonpath.ps1'
[3.113s] INFO:colcon.colcon_core.shell:Creating environment descriptor '/home/marco/marco/uni/magistrale/IDS_project/install/limo_description/share/limo_description/hook/pythonpath.dsv'
[3.114s] INFO:colcon.colcon_core.shell:Creating environment hook '/home/marco/marco/uni/magistrale/IDS_project/install/limo_description/share/limo_description/hook/pythonpath.sh'
[3.114s] Level 1:colcon.colcon_core.environment:checking '/home/marco/marco/uni/magistrale/IDS_project/install/limo_description/bin'
[3.115s] Level 1:colcon.colcon_core.environment:create_environment_scripts_only(limo_description)
[3.115s] INFO:colcon.colcon_core.shell:Creating package script '/home/marco/marco/uni/magistrale/IDS_project/install/limo_description/share/limo_description/package.ps1'
[3.118s] INFO:colcon.colcon_core.shell:Creating package descriptor '/home/marco/marco/uni/magistrale/IDS_project/install/limo_description/share/limo_description/package.dsv'
[3.119s] INFO:colcon.colcon_core.shell:Creating package script '/home/marco/marco/uni/magistrale/IDS_project/install/limo_description/share/limo_description/package.sh'
[3.119s] INFO:colcon.colcon_core.shell:Creating package script '/home/marco/marco/uni/magistrale/IDS_project/install/limo_description/share/limo_description/package.bash'
[3.120s] INFO:colcon.colcon_core.shell:Creating package script '/home/marco/marco/uni/magistrale/IDS_project/install/limo_description/share/limo_description/package.zsh'
[3.120s] Level 1:colcon.colcon_core.environment:create_file_with_runtime_dependencies(/home/marco/marco/uni/magistrale/IDS_project/install/limo_description/share/colcon-core/packages/limo_description)
[3.121s] Level 1:colcon.colcon_core.environment:checking '/home/marco/marco/uni/magistrale/IDS_project/install/localization' for CMake module files
[3.121s] Level 1:colcon.colcon_core.environment:checking '/home/marco/marco/uni/magistrale/IDS_project/install/localization' for CMake config files
[3.121s] Level 1:colcon.colcon_core.environment:checking '/home/marco/marco/uni/magistrale/IDS_project/install/localization/lib'
[3.122s] Level 1:colcon.colcon_core.environment:checking '/home/marco/marco/uni/magistrale/IDS_project/install/localization/bin'
[3.122s] Level 1:colcon.colcon_core.environment:checking '/home/marco/marco/uni/magistrale/IDS_project/install/localization/lib/pkgconfig/localization.pc'
[3.122s] Level 1:colcon.colcon_core.environment:checking '/home/marco/marco/uni/magistrale/IDS_project/install/localization/lib/python3.10/site-packages'
[3.122s] Level 1:colcon.colcon_core.shell:create_environment_hook('localization', 'pythonpath')
[3.122s] INFO:colcon.colcon_core.shell:Creating environment hook '/home/marco/marco/uni/magistrale/IDS_project/install/localization/share/localization/hook/pythonpath.ps1'
[3.123s] INFO:colcon.colcon_core.shell:Creating environment descriptor '/home/marco/marco/uni/magistrale/IDS_project/install/localization/share/localization/hook/pythonpath.dsv'
[3.123s] INFO:colcon.colcon_core.shell:Creating environment hook '/home/marco/marco/uni/magistrale/IDS_project/install/localization/share/localization/hook/pythonpath.sh'
[3.124s] DEBUG:colcon.colcon_core.event_handler.log_command:Invoked command in '/home/marco/marco/uni/magistrale/IDS_project/ros2_ws/src/localization' returned '0': PYTHONPATH=/home/marco/marco/uni/magistrale/IDS_project/build/localization/prefix_override:/usr/lib/python3/dist-packages/colcon_core/task/python/colcon_distutils_commands:/home/marco/marco/uni/magistrale/IDS_project/install/localization/lib/python3.10/site-packages:${PYTHONPATH} /usr/bin/python3 -W ignore:setup.py install is deprecated -W ignore:easy_install command is deprecated setup.py egg_info --egg-base ../../../build/localization build --build-base /home/marco/marco/uni/magistrale/IDS_project/build/localization/build install --record /home/marco/marco/uni/magistrale/IDS_project/build/localization/install.log --single-version-externally-managed install_data
[3.126s] Level 1:colcon.colcon_core.environment:checking '/home/marco/marco/uni/magistrale/IDS_project/install/localization/bin'
[3.126s] Level 1:colcon.colcon_core.environment:create_environment_scripts_only(localization)
[3.127s] INFO:colcon.colcon_core.shell:Creating package script '/home/marco/marco/uni/magistrale/IDS_project/install/localization/share/localization/package.ps1'
[3.127s] INFO:colcon.colcon_core.shell:Creating package descriptor '/home/marco/marco/uni/magistrale/IDS_project/install/localization/share/localization/package.dsv'
[3.128s] INFO:colcon.colcon_core.shell:Creating package script '/home/marco/marco/uni/magistrale/IDS_project/install/localization/share/localization/package.sh'
[3.128s] INFO:colcon.colcon_core.shell:Creating package script '/home/marco/marco/uni/magistrale/IDS_project/install/localization/share/localization/package.bash'
[3.129s] INFO:colcon.colcon_core.shell:Creating package script '/home/marco/marco/uni/magistrale/IDS_project/install/localization/share/localization/package.zsh'
[3.129s] Level 1:colcon.colcon_core.environment:create_file_with_runtime_dependencies(/home/marco/marco/uni/magistrale/IDS_project/install/localization/share/colcon-core/packages/localization)
[3.130s] DEBUG:colcon.colcon_core.event_handler.log_command:Invoked command in '/home/marco/marco/uni/magistrale/IDS_project/build/compressed_image_transport' returned '0': CMAKE_PREFIX_PATH=${CMAKE_PREFIX_PATH}:/home/marco/marco/uni/magistrale/IDS_project/ros2_ws/install/vision:/home/marco/marco/uni/magistrale/IDS_project/ros2_ws/install/simulation:/home/marco/marco/uni/magistrale/IDS_project/ros2_ws/install/plots:/home/marco/marco/uni/magistrale/IDS_project/ros2_ws/install/localization:/home/marco/marco/uni/magistrale/IDS_project/ros2_ws/install/limo_description:/home/marco/marco/uni/magistrale/IDS_project/ros2_ws/install/limo_control:/opt/ros/humble /usr/bin/cmake /home/marco/marco/uni/magistrale/IDS_project/ros2_ws/src/image_transport_plugins/compressed_image_transport -DCMAKE_INSTALL_PREFIX=/home/marco/marco/uni/magistrale/IDS_project/install/compressed_image_transport
[3.132s] DEBUG:colcon.colcon_core.event_handler.log_command:Invoking command in '/home/marco/marco/uni/magistrale/IDS_project/build/compressed_image_transport': CMAKE_PREFIX_PATH=${CMAKE_PREFIX_PATH}:/home/marco/marco/uni/magistrale/IDS_project/ros2_ws/install/vision:/home/marco/marco/uni/magistrale/IDS_project/ros2_ws/install/simulation:/home/marco/marco/uni/magistrale/IDS_project/ros2_ws/install/plots:/home/marco/marco/uni/magistrale/IDS_project/ros2_ws/install/localization:/home/marco/marco/uni/magistrale/IDS_project/ros2_ws/install/limo_description:/home/marco/marco/uni/magistrale/IDS_project/ros2_ws/install/limo_control:/opt/ros/humble /usr/bin/cmake --build /home/marco/marco/uni/magistrale/IDS_project/build/compressed_image_transport -- -j8 -l8
[3.424s] INFO:colcon.colcon_core.task.python.build:Building Python package in '/home/marco/marco/uni/magistrale/IDS_project/ros2_ws/src/vision'
[3.424s] INFO:colcon.colcon_core.shell:Skip shell extension 'powershell' for command environment: Not usable outside of PowerShell
[3.424s] DEBUG:colcon.colcon_core.shell:Skip shell extension 'dsv' for command environment
[3.441s] DEBUG:colcon.colcon_core.event_handler.log_command:Invoked command in '/home/marco/marco/uni/magistrale/IDS_project/build/compressed_depth_image_transport' returned '0': CMAKE_PREFIX_PATH=${CMAKE_PREFIX_PATH}:/home/marco/marco/uni/magistrale/IDS_project/ros2_ws/install/vision:/home/marco/marco/uni/magistrale/IDS_project/ros2_ws/install/simulation:/home/marco/marco/uni/magistrale/IDS_project/ros2_ws/install/plots:/home/marco/marco/uni/magistrale/IDS_project/ros2_ws/install/localization:/home/marco/marco/uni/magistrale/IDS_project/ros2_ws/install/limo_description:/home/marco/marco/uni/magistrale/IDS_project/ros2_ws/install/limo_control:/opt/ros/humble /usr/bin/cmake /home/marco/marco/uni/magistrale/IDS_project/ros2_ws/src/image_transport_plugins/compressed_depth_image_transport -DCMAKE_INSTALL_PREFIX=/home/marco/marco/uni/magistrale/IDS_project/install/compressed_depth_image_transport
[3.442s] DEBUG:colcon.colcon_core.event_handler.log_command:Invoking command in '/home/marco/marco/uni/magistrale/IDS_project/build/compressed_depth_image_transport': CMAKE_PREFIX_PATH=${CMAKE_PREFIX_PATH}:/home/marco/marco/uni/magistrale/IDS_project/ros2_ws/install/vision:/home/marco/marco/uni/magistrale/IDS_project/ros2_ws/install/simulation:/home/marco/marco/uni/magistrale/IDS_project/ros2_ws/install/plots:/home/marco/marco/uni/magistrale/IDS_project/ros2_ws/install/localization:/home/marco/marco/uni/magistrale/IDS_project/ros2_ws/install/limo_description:/home/marco/marco/uni/magistrale/IDS_project/ros2_ws/install/limo_control:/opt/ros/humble /usr/bin/cmake --build /home/marco/marco/uni/magistrale/IDS_project/build/compressed_depth_image_transport -- -j8 -l8
[4.422s] DEBUG:colcon.colcon_core.event_handler.log_command:Invoking command in '/home/marco/marco/uni/magistrale/IDS_project/ros2_ws/src/simulation': PYTHONPATH=/home/marco/marco/uni/magistrale/IDS_project/build/simulation/prefix_override:/usr/lib/python3/dist-packages/colcon_core/task/python/colcon_distutils_commands:/home/marco/marco/uni/magistrale/IDS_project/install/simulation/lib/python3.10/site-packages:${PYTHONPATH} /usr/bin/python3 -W ignore:setup.py install is deprecated -W ignore:easy_install command is deprecated setup.py egg_info --egg-base ../../../build/simulation build --build-base /home/marco/marco/uni/magistrale/IDS_project/build/simulation/build install --record /home/marco/marco/uni/magistrale/IDS_project/build/simulation/install.log --single-version-externally-managed install_data
[4.442s] DEBUG:colcon.colcon_core.event_handler.log_command:Invoking command in '/home/marco/marco/uni/magistrale/IDS_project/ros2_ws/src/vision': PYTHONPATH=/home/marco/marco/uni/magistrale/IDS_project/build/vision/prefix_override:/usr/lib/python3/dist-packages/colcon_core/task/python/colcon_distutils_commands:/home/marco/marco/uni/magistrale/IDS_project/install/vision/lib/python3.10/site-packages:${PYTHONPATH} /usr/bin/python3 -W ignore:setup.py install is deprecated -W ignore:easy_install command is deprecated setup.py egg_info --egg-base ../../../build/vision build --build-base /home/marco/marco/uni/magistrale/IDS_project/build/vision/build install --record /home/marco/marco/uni/magistrale/IDS_project/build/vision/install.log --single-version-externally-managed install_data
[4.913s] DEBUG:colcon.colcon_core.event_handler.log_command:Invoked command in '/home/marco/marco/uni/magistrale/IDS_project/build/project_interfaces' returned '0': CMAKE_PREFIX_PATH=${CMAKE_PREFIX_PATH}:/home/marco/marco/uni/magistrale/IDS_project/ros2_ws/install/vision:/home/marco/marco/uni/magistrale/IDS_project/ros2_ws/install/simulation:/home/marco/marco/uni/magistrale/IDS_project/ros2_ws/install/plots:/home/marco/marco/uni/magistrale/IDS_project/ros2_ws/install/localization:/home/marco/marco/uni/magistrale/IDS_project/ros2_ws/install/limo_description:/home/marco/marco/uni/magistrale/IDS_project/ros2_ws/install/limo_control:/opt/ros/humble /usr/bin/cmake /home/marco/marco/uni/magistrale/IDS_project/ros2_ws/src/project_interfaces -DCMAKE_INSTALL_PREFIX=/home/marco/marco/uni/magistrale/IDS_project/install/project_interfaces
[4.913s] DEBUG:colcon.colcon_core.event_handler.log_command:Invoking command in '/home/marco/marco/uni/magistrale/IDS_project/build/project_interfaces': CMAKE_PREFIX_PATH=${CMAKE_PREFIX_PATH}:/home/marco/marco/uni/magistrale/IDS_project/ros2_ws/install/vision:/home/marco/marco/uni/magistrale/IDS_project/ros2_ws/install/simulation:/home/marco/marco/uni/magistrale/IDS_project/ros2_ws/install/plots:/home/marco/marco/uni/magistrale/IDS_project/ros2_ws/install/localization:/home/marco/marco/uni/magistrale/IDS_project/ros2_ws/install/limo_description:/home/marco/marco/uni/magistrale/IDS_project/ros2_ws/install/limo_control:/opt/ros/humble /usr/bin/cmake --build /home/marco/marco/uni/magistrale/IDS_project/build/project_interfaces -- -j8 -l8
[5.650s] Level 1:colcon.colcon_core.environment:checking '/home/marco/marco/uni/magistrale/IDS_project/install/vision' for CMake module files
[5.651s] Level 1:colcon.colcon_core.environment:checking '/home/marco/marco/uni/magistrale/IDS_project/install/vision' for CMake config files
[5.651s] Level 1:colcon.colcon_core.environment:checking '/home/marco/marco/uni/magistrale/IDS_project/install/vision/lib'
[5.651s] Level 1:colcon.colcon_core.environment:checking '/home/marco/marco/uni/magistrale/IDS_project/install/vision/bin'
[5.652s] Level 1:colcon.colcon_core.environment:checking '/home/marco/marco/uni/magistrale/IDS_project/install/vision/lib/pkgconfig/vision.pc'
[5.652s] Level 1:colcon.colcon_core.environment:checking '/home/marco/marco/uni/magistrale/IDS_project/install/vision/lib/python3.10/site-packages'
[5.652s] Level 1:colcon.colcon_core.shell:create_environment_hook('vision', 'pythonpath')
[5.652s] INFO:colcon.colcon_core.shell:Creating environment hook '/home/marco/marco/uni/magistrale/IDS_project/install/vision/share/vision/hook/pythonpath.ps1'
[5.653s] DEBUG:colcon.colcon_core.event_handler.log_command:Invoked command in '/home/marco/marco/uni/magistrale/IDS_project/ros2_ws/src/vision' returned '0': PYTHONPATH=/home/marco/marco/uni/magistrale/IDS_project/build/vision/prefix_override:/usr/lib/python3/dist-packages/colcon_core/task/python/colcon_distutils_commands:/home/marco/marco/uni/magistrale/IDS_project/install/vision/lib/python3.10/site-packages:${PYTHONPATH} /usr/bin/python3 -W ignore:setup.py install is deprecated -W ignore:easy_install command is deprecated setup.py egg_info --egg-base ../../../build/vision build --build-base /home/marco/marco/uni/magistrale/IDS_project/build/vision/build install --record /home/marco/marco/uni/magistrale/IDS_project/build/vision/install.log --single-version-externally-managed install_data
[5.653s] INFO:colcon.colcon_core.shell:Creating environment descriptor '/home/marco/marco/uni/magistrale/IDS_project/install/vision/share/vision/hook/pythonpath.dsv'
[5.654s] INFO:colcon.colcon_core.shell:Creating environment hook '/home/marco/marco/uni/magistrale/IDS_project/install/vision/share/vision/hook/pythonpath.sh'
[5.658s] Level 1:colcon.colcon_core.environment:checking '/home/marco/marco/uni/magistrale/IDS_project/install/vision/bin'
[5.658s] Level 1:colcon.colcon_core.environment:create_environment_scripts_only(vision)
[5.658s] INFO:colcon.colcon_core.shell:Creating package script '/home/marco/marco/uni/magistrale/IDS_project/install/vision/share/vision/package.ps1'
[5.659s] INFO:colcon.colcon_core.shell:Creating package descriptor '/home/marco/marco/uni/magistrale/IDS_project/install/vision/share/vision/package.dsv'
[5.662s] INFO:colcon.colcon_core.shell:Creating package script '/home/marco/marco/uni/magistrale/IDS_project/install/vision/share/vision/package.sh'
[5.662s] INFO:colcon.colcon_core.shell:Creating package script '/home/marco/marco/uni/magistrale/IDS_project/install/vision/share/vision/package.bash'
[5.663s] INFO:colcon.colcon_core.shell:Creating package script '/home/marco/marco/uni/magistrale/IDS_project/install/vision/share/vision/package.zsh'
[5.663s] Level 1:colcon.colcon_core.environment:create_file_with_runtime_dependencies(/home/marco/marco/uni/magistrale/IDS_project/install/vision/share/colcon-core/packages/vision)
[6.112s] Level 1:colcon.colcon_core.environment:checking '/home/marco/marco/uni/magistrale/IDS_project/install/simulation' for CMake module files
[6.112s] Level 1:colcon.colcon_core.environment:checking '/home/marco/marco/uni/magistrale/IDS_project/install/simulation' for CMake config files
[6.113s] Level 1:colcon.colcon_core.environment:checking '/home/marco/marco/uni/magistrale/IDS_project/install/simulation/lib'
[6.113s] Level 1:colcon.colcon_core.environment:checking '/home/marco/marco/uni/magistrale/IDS_project/install/simulation/bin'
[6.113s] Level 1:colcon.colcon_core.environment:checking '/home/marco/marco/uni/magistrale/IDS_project/install/simulation/lib/pkgconfig/simulation.pc'
[6.113s] Level 1:colcon.colcon_core.environment:checking '/home/marco/marco/uni/magistrale/IDS_project/install/simulation/lib/python3.10/site-packages'
[6.113s] Level 1:colcon.colcon_core.shell:create_environment_hook('simulation', 'pythonpath')
[6.114s] INFO:colcon.colcon_core.shell:Creating environment hook '/home/marco/marco/uni/magistrale/IDS_project/install/simulation/share/simulation/hook/pythonpath.ps1'
[6.114s] INFO:colcon.colcon_core.shell:Creating environment descriptor '/home/marco/marco/uni/magistrale/IDS_project/install/simulation/share/simulation/hook/pythonpath.dsv'
[6.123s] DEBUG:colcon.colcon_core.event_handler.log_command:Invoked command in '/home/marco/marco/uni/magistrale/IDS_project/ros2_ws/src/simulation' returned '0': PYTHONPATH=/home/marco/marco/uni/magistrale/IDS_project/build/simulation/prefix_override:/usr/lib/python3/dist-packages/colcon_core/task/python/colcon_distutils_commands:/home/marco/marco/uni/magistrale/IDS_project/install/simulation/lib/python3.10/site-packages:${PYTHONPATH} /usr/bin/python3 -W ignore:setup.py install is deprecated -W ignore:easy_install command is deprecated setup.py egg_info --egg-base ../../../build/simulation build --build-base /home/marco/marco/uni/magistrale/IDS_project/build/simulation/build install --record /home/marco/marco/uni/magistrale/IDS_project/build/simulation/install.log --single-version-externally-managed install_data
[6.125s] INFO:colcon.colcon_core.shell:Creating environment hook '/home/marco/marco/uni/magistrale/IDS_project/install/simulation/share/simulation/hook/pythonpath.sh'
[6.126s] Level 1:colcon.colcon_core.environment:checking '/home/marco/marco/uni/magistrale/IDS_project/install/simulation/bin'
[6.126s] Level 1:colcon.colcon_core.environment:create_environment_scripts_only(simulation)
[6.129s] INFO:colcon.colcon_core.shell:Creating package script '/home/marco/marco/uni/magistrale/IDS_project/install/simulation/share/simulation/package.ps1'
[6.134s] INFO:colcon.colcon_core.shell:Creating package descriptor '/home/marco/marco/uni/magistrale/IDS_project/install/simulation/share/simulation/package.dsv'
[6.135s] INFO:colcon.colcon_core.shell:Creating package script '/home/marco/marco/uni/magistrale/IDS_project/install/simulation/share/simulation/package.sh'
[6.135s] INFO:colcon.colcon_core.shell:Creating package script '/home/marco/marco/uni/magistrale/IDS_project/install/simulation/share/simulation/package.bash'
[6.136s] INFO:colcon.colcon_core.shell:Creating package script '/home/marco/marco/uni/magistrale/IDS_project/install/simulation/share/simulation/package.zsh'
[6.136s] Level 1:colcon.colcon_core.environment:create_file_with_runtime_dependencies(/home/marco/marco/uni/magistrale/IDS_project/install/simulation/share/colcon-core/packages/simulation)
[6.341s] DEBUG:colcon.colcon_core.event_handler.log_command:Invoked command in '/home/marco/marco/uni/magistrale/IDS_project/build/theora_image_transport' returned '0': CMAKE_PREFIX_PATH=${CMAKE_PREFIX_PATH}:/home/marco/marco/uni/magistrale/IDS_project/ros2_ws/install/vision:/home/marco/marco/uni/magistrale/IDS_project/ros2_ws/install/simulation:/home/marco/marco/uni/magistrale/IDS_project/ros2_ws/install/plots:/home/marco/marco/uni/magistrale/IDS_project/ros2_ws/install/localization:/home/marco/marco/uni/magistrale/IDS_project/ros2_ws/install/limo_description:/home/marco/marco/uni/magistrale/IDS_project/ros2_ws/install/limo_control:/opt/ros/humble /usr/bin/cmake /home/marco/marco/uni/magistrale/IDS_project/ros2_ws/src/image_transport_plugins/theora_image_transport -DCMAKE_INSTALL_PREFIX=/home/marco/marco/uni/magistrale/IDS_project/install/theora_image_transport
[6.342s] DEBUG:colcon.colcon_core.event_handler.log_command:Invoking command in '/home/marco/marco/uni/magistrale/IDS_project/build/theora_image_transport': CMAKE_PREFIX_PATH=${CMAKE_PREFIX_PATH}:/home/marco/marco/uni/magistrale/IDS_project/ros2_ws/install/vision:/home/marco/marco/uni/magistrale/IDS_project/ros2_ws/install/simulation:/home/marco/marco/uni/magistrale/IDS_project/ros2_ws/install/plots:/home/marco/marco/uni/magistrale/IDS_project/ros2_ws/install/localization:/home/marco/marco/uni/magistrale/IDS_project/ros2_ws/install/limo_description:/home/marco/marco/uni/magistrale/IDS_project/ros2_ws/install/limo_control:/opt/ros/humble /usr/bin/cmake --build /home/marco/marco/uni/magistrale/IDS_project/build/theora_image_transport -- -j8 -l8
[16.362s] DEBUG:colcon.colcon_core.event_handler.log_command:Invoked command in '/home/marco/marco/uni/magistrale/IDS_project/build/project_interfaces' returned '0': CMAKE_PREFIX_PATH=${CMAKE_PREFIX_PATH}:/home/marco/marco/uni/magistrale/IDS_project/ros2_ws/install/vision:/home/marco/marco/uni/magistrale/IDS_project/ros2_ws/install/simulation:/home/marco/marco/uni/magistrale/IDS_project/ros2_ws/install/plots:/home/marco/marco/uni/magistrale/IDS_project/ros2_ws/install/localization:/home/marco/marco/uni/magistrale/IDS_project/ros2_ws/install/limo_description:/home/marco/marco/uni/magistrale/IDS_project/ros2_ws/install/limo_control:/opt/ros/humble /usr/bin/cmake --build /home/marco/marco/uni/magistrale/IDS_project/build/project_interfaces -- -j8 -l8
[16.385s] DEBUG:colcon.colcon_core.event_handler.log_command:Invoking command in '/home/marco/marco/uni/magistrale/IDS_project/build/project_interfaces': CMAKE_PREFIX_PATH=${CMAKE_PREFIX_PATH}:/home/marco/marco/uni/magistrale/IDS_project/ros2_ws/install/vision:/home/marco/marco/uni/magistrale/IDS_project/ros2_ws/install/simulation:/home/marco/marco/uni/magistrale/IDS_project/ros2_ws/install/plots:/home/marco/marco/uni/magistrale/IDS_project/ros2_ws/install/localization:/home/marco/marco/uni/magistrale/IDS_project/ros2_ws/install/limo_description:/home/marco/marco/uni/magistrale/IDS_project/ros2_ws/install/limo_control:/opt/ros/humble /usr/bin/cmake --install /home/marco/marco/uni/magistrale/IDS_project/build/project_interfaces
[16.657s] Level 1:colcon.colcon_core.environment:create_environment_scripts_only(project_interfaces)
[16.658s] Level 1:colcon.colcon_core.environment:checking '/home/marco/marco/uni/magistrale/IDS_project/install/project_interfaces' for CMake module files
[16.659s] Level 1:colcon.colcon_core.environment:checking '/home/marco/marco/uni/magistrale/IDS_project/install/project_interfaces' for CMake config files
[16.659s] Level 1:colcon.colcon_core.shell:create_environment_hook('project_interfaces', 'cmake_prefix_path')
[16.659s] INFO:colcon.colcon_core.shell:Creating environment hook '/home/marco/marco/uni/magistrale/IDS_project/install/project_interfaces/share/project_interfaces/hook/cmake_prefix_path.ps1'
[16.661s] DEBUG:colcon.colcon_core.event_handler.log_command:Invoked command in '/home/marco/marco/uni/magistrale/IDS_project/build/project_interfaces' returned '0': CMAKE_PREFIX_PATH=${CMAKE_PREFIX_PATH}:/home/marco/marco/uni/magistrale/IDS_project/ros2_ws/install/vision:/home/marco/marco/uni/magistrale/IDS_project/ros2_ws/install/simulation:/home/marco/marco/uni/magistrale/IDS_project/ros2_ws/install/plots:/home/marco/marco/uni/magistrale/IDS_project/ros2_ws/install/localization:/home/marco/marco/uni/magistrale/IDS_project/ros2_ws/install/limo_description:/home/marco/marco/uni/magistrale/IDS_project/ros2_ws/install/limo_control:/opt/ros/humble /usr/bin/cmake --install /home/marco/marco/uni/magistrale/IDS_project/build/project_interfaces
[16.661s] INFO:colcon.colcon_core.shell:Creating environment descriptor '/home/marco/marco/uni/magistrale/IDS_project/install/project_interfaces/share/project_interfaces/hook/cmake_prefix_path.dsv'
[16.661s] INFO:colcon.colcon_core.shell:Creating environment hook '/home/marco/marco/uni/magistrale/IDS_project/install/project_interfaces/share/project_interfaces/hook/cmake_prefix_path.sh'
[16.662s] Level 1:colcon.colcon_core.environment:checking '/home/marco/marco/uni/magistrale/IDS_project/install/project_interfaces/lib'
[16.662s] Level 1:colcon.colcon_core.shell:create_environment_hook('project_interfaces', 'ld_library_path_lib')
[16.662s] INFO:colcon.colcon_core.shell:Creating environment hook '/home/marco/marco/uni/magistrale/IDS_project/install/project_interfaces/share/project_interfaces/hook/ld_library_path_lib.ps1'
[16.663s] INFO:colcon.colcon_core.shell:Creating environment descriptor '/home/marco/marco/uni/magistrale/IDS_project/install/project_interfaces/share/project_interfaces/hook/ld_library_path_lib.dsv'
[16.664s] INFO:colcon.colcon_core.shell:Creating environment hook '/home/marco/marco/uni/magistrale/IDS_project/install/project_interfaces/share/project_interfaces/hook/ld_library_path_lib.sh'
[16.665s] Level 1:colcon.colcon_core.environment:checking '/home/marco/marco/uni/magistrale/IDS_project/install/project_interfaces/bin'
[16.665s] Level 1:colcon.colcon_core.environment:checking '/home/marco/marco/uni/magistrale/IDS_project/install/project_interfaces/lib/pkgconfig/project_interfaces.pc'
[16.665s] Level 1:colcon.colcon_core.environment:checking '/home/marco/marco/uni/magistrale/IDS_project/install/project_interfaces/lib/python3.10/site-packages'
[16.665s] Level 1:colcon.colcon_core.environment:checking '/home/marco/marco/uni/magistrale/IDS_project/install/project_interfaces/bin'
[16.666s] INFO:colcon.colcon_core.shell:Creating package script '/home/marco/marco/uni/magistrale/IDS_project/install/project_interfaces/share/project_interfaces/package.ps1'
[16.667s] INFO:colcon.colcon_core.shell:Creating package descriptor '/home/marco/marco/uni/magistrale/IDS_project/install/project_interfaces/share/project_interfaces/package.dsv'
[16.668s] INFO:colcon.colcon_core.shell:Creating package script '/home/marco/marco/uni/magistrale/IDS_project/install/project_interfaces/share/project_interfaces/package.sh'
[16.669s] INFO:colcon.colcon_core.shell:Creating package script '/home/marco/marco/uni/magistrale/IDS_project/install/project_interfaces/share/project_interfaces/package.bash'
[16.669s] INFO:colcon.colcon_core.shell:Creating package script '/home/marco/marco/uni/magistrale/IDS_project/install/project_interfaces/share/project_interfaces/package.zsh'
[16.670s] Level 1:colcon.colcon_core.environment:create_file_with_runtime_dependencies(/home/marco/marco/uni/magistrale/IDS_project/install/project_interfaces/share/colcon-core/packages/project_interfaces)
[16.670s] Level 1:colcon.colcon_core.environment:create_environment_scripts_only(project_interfaces)
[16.671s] Level 1:colcon.colcon_core.environment:checking '/home/marco/marco/uni/magistrale/IDS_project/install/project_interfaces' for CMake module files
[16.672s] Level 1:colcon.colcon_core.environment:checking '/home/marco/marco/uni/magistrale/IDS_project/install/project_interfaces' for CMake config files
[16.672s] Level 1:colcon.colcon_core.shell:create_environment_hook('project_interfaces', 'cmake_prefix_path')
[16.673s] INFO:colcon.colcon_core.shell:Creating environment hook '/home/marco/marco/uni/magistrale/IDS_project/install/project_interfaces/share/project_interfaces/hook/cmake_prefix_path.ps1'
[16.673s] INFO:colcon.colcon_core.shell:Creating environment descriptor '/home/marco/marco/uni/magistrale/IDS_project/install/project_interfaces/share/project_interfaces/hook/cmake_prefix_path.dsv'
[16.674s] INFO:colcon.colcon_core.shell:Creating environment hook '/home/marco/marco/uni/magistrale/IDS_project/install/project_interfaces/share/project_interfaces/hook/cmake_prefix_path.sh'
[16.675s] Level 1:colcon.colcon_core.environment:checking '/home/marco/marco/uni/magistrale/IDS_project/install/project_interfaces/lib'
[16.675s] Level 1:colcon.colcon_core.shell:create_environment_hook('project_interfaces', 'ld_library_path_lib')
[16.675s] INFO:colcon.colcon_core.shell:Creating environment hook '/home/marco/marco/uni/magistrale/IDS_project/install/project_interfaces/share/project_interfaces/hook/ld_library_path_lib.ps1'
[16.675s] INFO:colcon.colcon_core.shell:Creating environment descriptor '/home/marco/marco/uni/magistrale/IDS_project/install/project_interfaces/share/project_interfaces/hook/ld_library_path_lib.dsv'
[16.676s] INFO:colcon.colcon_core.shell:Creating environment hook '/home/marco/marco/uni/magistrale/IDS_project/install/project_interfaces/share/project_interfaces/hook/ld_library_path_lib.sh'
[16.676s] Level 1:colcon.colcon_core.environment:checking '/home/marco/marco/uni/magistrale/IDS_project/install/project_interfaces/bin'
[16.677s] Level 1:colcon.colcon_core.environment:checking '/home/marco/marco/uni/magistrale/IDS_project/install/project_interfaces/lib/pkgconfig/project_interfaces.pc'
[16.677s] Level 1:colcon.colcon_core.environment:checking '/home/marco/marco/uni/magistrale/IDS_project/install/project_interfaces/lib/python3.10/site-packages'
[16.677s] Level 1:colcon.colcon_core.environment:checking '/home/marco/marco/uni/magistrale/IDS_project/install/project_interfaces/bin'
[16.678s] INFO:colcon.colcon_core.shell:Creating package script '/home/marco/marco/uni/magistrale/IDS_project/install/project_interfaces/share/project_interfaces/package.ps1'
[16.679s] INFO:colcon.colcon_core.shell:Creating package descriptor '/home/marco/marco/uni/magistrale/IDS_project/install/project_interfaces/share/project_interfaces/package.dsv'
[16.679s] INFO:colcon.colcon_core.shell:Creating package script '/home/marco/marco/uni/magistrale/IDS_project/install/project_interfaces/share/project_interfaces/package.sh'
[16.680s] INFO:colcon.colcon_core.shell:Creating package script '/home/marco/marco/uni/magistrale/IDS_project/install/project_interfaces/share/project_interfaces/package.bash'
[16.681s] INFO:colcon.colcon_core.shell:Creating package script '/home/marco/marco/uni/magistrale/IDS_project/install/project_interfaces/share/project_interfaces/package.zsh'
[16.681s] Level 1:colcon.colcon_core.environment:create_file_with_runtime_dependencies(/home/marco/marco/uni/magistrale/IDS_project/install/project_interfaces/share/colcon-core/packages/project_interfaces)
[19.543s] DEBUG:colcon.colcon_parallel_executor.executor.parallel:run_until_complete was interrupted
[19.544s] DEBUG:colcon.colcon_parallel_executor.executor.parallel:run_until_complete again
[19.552s] Level 1:colcon.colcon_core.environment:create_environment_scripts_only(compressed_depth_image_transport)
[19.552s] Level 1:colcon.colcon_core.environment:checking '/home/marco/marco/uni/magistrale/IDS_project/install/compressed_depth_image_transport' for CMake module files
[19.553s] Level 1:colcon.colcon_core.environment:checking '/home/marco/marco/uni/magistrale/IDS_project/install/compressed_depth_image_transport' for CMake config files
[19.554s] Level 1:colcon.colcon_core.environment:checking '/home/marco/marco/uni/magistrale/IDS_project/install/compressed_depth_image_transport/bin'
[19.554s] Level 1:colcon.colcon_core.environment:checking '/home/marco/marco/uni/magistrale/IDS_project/install/compressed_depth_image_transport/lib/pkgconfig/compressed_depth_image_transport.pc'
[19.554s] Level 1:colcon.colcon_core.environment:checking '/home/marco/marco/uni/magistrale/IDS_project/install/compressed_depth_image_transport/lib/python3.10/site-packages'
[19.554s] Level 1:colcon.colcon_core.environment:checking '/home/marco/marco/uni/magistrale/IDS_project/install/compressed_depth_image_transport/bin'
[19.555s] DEBUG:colcon.colcon_core.event_handler.log_command:Invoked command in '/home/marco/marco/uni/magistrale/IDS_project/build/compressed_depth_image_transport' returned '-2': CMAKE_PREFIX_PATH=${CMAKE_PREFIX_PATH}:/home/marco/marco/uni/magistrale/IDS_project/ros2_ws/install/vision:/home/marco/marco/uni/magistrale/IDS_project/ros2_ws/install/simulation:/home/marco/marco/uni/magistrale/IDS_project/ros2_ws/install/plots:/home/marco/marco/uni/magistrale/IDS_project/ros2_ws/install/localization:/home/marco/marco/uni/magistrale/IDS_project/ros2_ws/install/limo_description:/home/marco/marco/uni/magistrale/IDS_project/ros2_ws/install/limo_control:/opt/ros/humble /usr/bin/cmake --build /home/marco/marco/uni/magistrale/IDS_project/build/compressed_depth_image_transport -- -j8 -l8
[19.555s] INFO:colcon.colcon_core.shell:Creating package script '/home/marco/marco/uni/magistrale/IDS_project/install/compressed_depth_image_transport/share/compressed_depth_image_transport/package.ps1'
[19.556s] INFO:colcon.colcon_core.shell:Creating package descriptor '/home/marco/marco/uni/magistrale/IDS_project/install/compressed_depth_image_transport/share/compressed_depth_image_transport/package.dsv'
[19.557s] INFO:colcon.colcon_core.shell:Creating package script '/home/marco/marco/uni/magistrale/IDS_project/install/compressed_depth_image_transport/share/compressed_depth_image_transport/package.sh'
[19.557s] INFO:colcon.colcon_core.shell:Creating package script '/home/marco/marco/uni/magistrale/IDS_project/install/compressed_depth_image_transport/share/compressed_depth_image_transport/package.bash'
[19.557s] INFO:colcon.colcon_core.shell:Creating package script '/home/marco/marco/uni/magistrale/IDS_project/install/compressed_depth_image_transport/share/compressed_depth_image_transport/package.zsh'
[19.558s] Level 1:colcon.colcon_core.environment:create_file_with_runtime_dependencies(/home/marco/marco/uni/magistrale/IDS_project/install/compressed_depth_image_transport/share/colcon-core/packages/compressed_depth_image_transport)
[19.615s] DEBUG:colcon.colcon_parallel_executor.executor.parallel:run_until_complete finished
[19.615s] DEBUG:colcon.colcon_parallel_executor.executor.parallel:closing loop
[19.615s] DEBUG:colcon.colcon_parallel_executor.executor.parallel:loop closed
[19.616s] DEBUG:colcon.colcon_core.event_reactor:joining thread
[19.624s] INFO:colcon.colcon_core.plugin_system:Skipping extension 'colcon_notification.desktop_notification.terminal_notifier': Not used on non-Darwin systems
[19.624s] INFO:colcon.colcon_core.plugin_system:Skipping extension 'colcon_notification.desktop_notification.win32': Not used on non-Windows systems
[19.624s] INFO:colcon.colcon_notification.desktop_notification:Sending desktop notification using 'notify2'
[19.639s] DEBUG:colcon.colcon_core.event_reactor:joined thread
[19.639s] INFO:colcon.colcon_core.shell:Creating prefix script '/home/marco/marco/uni/magistrale/IDS_project/install/local_setup.ps1'
[19.640s] INFO:colcon.colcon_core.shell:Creating prefix util module '/home/marco/marco/uni/magistrale/IDS_project/install/_local_setup_util_ps1.py'
[19.642s] INFO:colcon.colcon_core.shell:Creating prefix chain script '/home/marco/marco/uni/magistrale/IDS_project/install/setup.ps1'
[19.644s] INFO:colcon.colcon_core.shell:Creating prefix script '/home/marco/marco/uni/magistrale/IDS_project/install/local_setup.sh'
[19.644s] INFO:colcon.colcon_core.shell:Creating prefix util module '/home/marco/marco/uni/magistrale/IDS_project/install/_local_setup_util_sh.py'
[19.645s] INFO:colcon.colcon_core.shell:Creating prefix chain script '/home/marco/marco/uni/magistrale/IDS_project/install/setup.sh'
[19.646s] INFO:colcon.colcon_core.shell:Creating prefix script '/home/marco/marco/uni/magistrale/IDS_project/install/local_setup.bash'
[19.647s] INFO:colcon.colcon_core.shell:Creating prefix chain script '/home/marco/marco/uni/magistrale/IDS_project/install/setup.bash'
[19.648s] INFO:colcon.colcon_core.shell:Creating prefix script '/home/marco/marco/uni/magistrale/IDS_project/install/local_setup.zsh'
[19.648s] INFO:colcon.colcon_core.shell:Creating prefix chain script '/home/marco/marco/uni/magistrale/IDS_project/install/setup.zsh'
