timestamp,dt,x0,x1,x2,std_x0,std_x1,std_x2,trace_P,eig_min_P,sym_err_P,phi_trace,v,w,source
1785598256.595985,0.100000,0.500000,0.000000,0.000000,0.316244,0.316228,0.316244,0.300020,0.100000,0.000000,3.000000,0.000000,0.000000,filler
1785598256.768167,0.172182,0.500000,0.000000,0.000000,0.316290,0.316228,0.316290,0.300079,0.100000,0.000000,3.000000,0.000000,0.000000,filler
1785598256.965561,0.197394,0.500000,0.000000,0.000000,0.316352,0.316228,0.316352,0.300157,0.100000,0.000000,3.000000,0.000000,0.000000,filler
1785598257.165045,0.199484,0.500000,0.000000,0.000000,0.316415,0.316228,0.316415,0.300237,0.100000,0.000000,3.000000,0.000000,0.000000,filler
1785598257.365117,0.200072,0.500000,0.000000,0.000000,0.316478,0.316228,0.316478,0.300317,0.100000,0.000000,3.000000,0.000000,0.000000,filler
1785598257.565771,0.200654,0.500000,0.000000,0.000000,0.316542,0.316228,0.316542,0.300397,0.100000,0.000000,3.000000,0.000000,0.000000,filler
1785598257.765848,0.200077,0.500000,0.000000,0.000000,0.316605,0.316228,0.316605,0.300477,0.100000,0.000000,3.000000,0.000000,0.000000,filler
1785598257.866255,0.100407,0.500000,0.000000,0.000000,0.316621,0.316228,0.316621,0.300498,0.100000,0.000000,3.000000,0.000000,0.000000,filler
1785598258.065066,0.198811,0.500000,0.000000,0.000000,0.316683,0.316228,0.316683,0.300577,0.100000,0.000000,3.000000,0.000000,0.000000,filler
1785598258.165150,0.100084,0.500000,0.000000,0.000000,0.316699,0.316228,0.316699,0.300597,0.100000,0.000000,3.000000,0.000000,0.000000,filler
1785598258.265322,0.100172,0.500000,0.000000,0.000000,0.316715,0.316228,0.316715,0.300617,0.100000,0.000000,3.000000,0.000000,0.000000,filler
1785598258.466033,0.200711,0.500000,0.000000,0.000000,0.316779,0.316228,0.316779,0.300697,0.100000,0.000000,3.000000,0.000000,0.000000,filler
1785598258.566215,0.100181,0.500000,0.000000,0.000000,0.316794,0.316228,0.316794,0.300717,0.100000,0.000000,3.000000,0.000000,0.000000,filler
1785598258.765304,0.199089,0.500000,0.000000,0.000000,0.316857,0.316228,0.316857,0.300797,0.100000,0.000000,3.000000,0.000000,0.000000,filler
1785598258.865528,0.100224,0.500000,0.000000,0.000000,0.316873,0.316228,0.316873,0.300817,0.100000,0.000000,3.000000,0.000000,0.000000,filler
1785598259.065464,0.199936,0.500000,0.000000,0.000000,0.316936,0.316228,0.316936,0.300897,0.100000,0.000000,3.000000,0.000000,0.000000,filler
1785598259.265466,0.200002,0.500000,0.000000,0.000000,0.316999,0.316228,0.316999,0.300977,0.100000,0.000000,3.000000,0.000000,0.000000,filler
1785598259.466249,0.200783,0.500000,0.000000,0.000000,0.317063,0.316228,0.317063,0.301057,0.100000,0.000000,3.000000,0.000000,0.000000,filler
1785598259.666611,0.200362,0.500000,0.000000,0.000000,0.317126,0.316228,0.317126,0.301138,0.100000,0.000000,3.000000,0.000000,0.000000,filler
1785598259.865494,0.198883,0.500000,0.000000,0.000000,0.317188,0.316228,0.317188,0.301217,0.100000,0.000000,3.000000,0.000000,0.000000,filler
1785598259.966228,0.100734,0.500000,0.000000,0.000000,0.317204,0.316228,0.317204,0.301237,0.100000,0.000000,3.000000,0.000000,0.000000,filler
1785598260.165996,0.199769,0.500000,0.000000,0.000000,0.317267,0.316228,0.317267,0.301317,0.100000,0.000000,3.000000,0.000000,0.000000,filler
1785598260.365426,0.199430,0.500000,0.000000,0.000000,0.317330,0.316228,0.317330,0.301396,0.100000,0.000000,3.000000,0.000000,0.000000,filler
1785598260.465833,0.100407,0.500000,0.000000,0.000000,0.317346,0.316228,0.317346,0.301417,0.100000,0.000000,3.000000,0.000000,0.000000,filler
1785598260.665309,0.199476,0.500000,0.000000,0.000000,0.317408,0.316228,0.317408,0.301496,0.100000,0.000000,3.000000,0.000000,0.000000,filler
1785598260.765699,0.100390,0.500000,0.000000,0.000000,0.317424,0.316228,0.317424,0.301516,0.100000,0.000000,3.000000,0.000000,0.000000,filler
1785598260.965196,0.199497,0.500000,0.000000,0.000000,0.317487,0.316228,0.317487,0.301596,0.100000,0.000000,3.000000,0.000000,0.000000,filler
1785598261.066187,0.100991,0.500000,0.000000,0.000000,0.317503,0.316228,0.317503,0.301616,0.100000,0.000000,3.000000,0.000000,0.000000,filler
1785598261.265454,0.199267,0.500000,0.000000,0.000000,0.317566,0.316228,0.317566,0.301696,0.100000,0.000000,3.000000,0.000000,0.000000,filler
1785598261.465580,0.200126,0.500000,0.000000,0.000000,0.317629,0.316228,0.317629,0.301776,0.100000,0.000000,3.000000,0.000000,0.000000,filler
1785598261.665929,0.200349,0.500000,0.000000,0.000000,0.317692,0.316228,0.317692,0.301856,0.100000,0.000000,3.000000,0.000000,0.000000,filler
1785598261.865860,0.199931,0.500000,0.000000,0.000000,0.317755,0.316228,0.317755,0.301936,0.100000,0.000000,3.000000,0.000000,0.000000,filler
1785598262.066184,0.200324,0.500000,0.000000,0.000000,0.317818,0.316228,0.317818,0.302016,0.100000,0.000000,3.000000,0.000000,0.000000,filler
1785598262.265509,0.199325,0.500000,0.000000,0.000000,0.317880,0.316228,0.317880,0.302096,0.100000,0.000000,3.000000,0.000000,0.000000,filler
1785598262.465477,0.199968,0.500000,0.000000,0.000000,0.317943,0.316228,0.317943,0.302176,0.100000,0.000000,3.000000,0.000000,0.000000,filler
1785598262.665400,0.199922,0.500000,0.000000,0.000000,0.318006,0.316228,0.318006,0.302256,0.100000,0.000000,3.000000,0.000000,0.000000,filler
1785598262.765514,0.100114,0.500000,0.000000,0.000000,0.318022,0.316228,0.318022,0.302276,0.100000,0.000000,3.000000,0.000000,0.000000,filler
1785598262.965566,0.200052,0.500000,0.000000,0.000000,0.318085,0.316228,0.318085,0.302356,0.100000,0.000000,3.000000,0.000000,0.000000,filler
1785598263.065807,0.100240,0.500000,0.000000,0.000000,0.318101,0.316228,0.318101,0.302376,0.100000,0.000000,3.000000,0.000000,0.000000,filler
1785598263.166605,0.100798,0.500000,0.000000,0.000000,0.318116,0.316228,0.318116,0.302396,0.100000,0.000000,3.000000,0.000000,0.000000,filler
1785598263.365400,0.198796,0.500000,0.000000,0.000000,0.318179,0.316228,0.318179,0.302475,0.100000,0.000000,3.000000,0.000000,0.000000,filler
1785598263.465795,0.100395,0.500000,0.000000,0.000000,0.318194,0.316228,0.318194,0.302495,0.100000,0.000000,3.000000,0.000000,0.000000,filler
1785598263.665332,0.199537,0.500000,0.000000,0.000000,0.318257,0.316228,0.318257,0.302575,0.100000,0.000000,3.000000,0.000000,0.000000,filler
1785598263.865699,0.200367,0.500000,0.000000,0.000000,0.318320,0.316228,0.318320,0.302655,0.100000,0.000000,3.000000,0.000000,0.000000,filler
1785598263.970780,0.105081,0.500000,0.000000,0.000000,0.318337,0.316228,0.318337,0.302677,0.100000,0.000000,3.000000,0.000000,0.000000,odom
1785598263.972921,0.002141,0.500000,0.000000,0.000000,0.318337,0.316228,0.318337,0.302677,0.100000,0.000000,3.000000,0.000000,0.000000,odom
1785598263.974369,0.001448,0.500000,0.000000,0.000000,0.318337,0.316228,0.318337,0.302677,0.100000,0.000000,3.000000,0.000000,0.000000,odom
1785598263.975195,0.000826,0.500000,0.000000,0.000000,0.318337,0.316228,0.318337,0.302677,0.100000,0.000000,3.000000,0.000000,0.000000,odom
1785598263.976069,0.000874,0.500000,0.000000,0.000000,0.318337,0.316228,0.318337,0.302677,0.100000,0.000000,3.000000,0.000000,0.000000,odom
1785598263.977340,0.001271,0.500000,0.000000,0.000000,0.318337,0.316228,0.318337,0.302677,0.100000,0.000000,3.000000,0.000000,0.000000,odom
1785598263.978667,0.001327,0.500000,0.000000,0.000000,0.318337,0.316228,0.318337,0.302677,0.100000,0.000000,3.000000,0.000000,0.000000,odom
1785598264.165463,0.186796,0.500000,0.000000,0.000000,0.318392,0.316228,0.318392,0.302747,0.100000,0.000000,3.000000,0.000000,0.000000,filler
1785598264.266088,0.100625,0.500000,0.000000,0.000000,0.318408,0.316228,0.318408,0.302767,0.100000,0.000000,3.000000,0.000000,0.000000,filler
1785598264.466239,0.200151,0.500000,0.000000,0.000000,0.318471,0.316228,0.318471,0.302848,0.100000,0.000000,3.000000,0.000000,0.000000,filler
1785598264.665182,0.198943,0.500000,0.000000,0.000000,0.318533,0.316228,0.318533,0.302927,0.100000,0.000000,3.000000,0.000000,0.000000,filler
1785598264.865147,0.199965,0.500000,0.000000,0.000000,0.318596,0.316228,0.318596,0.303007,0.100000,0.000000,3.000000,0.000000,0.000000,filler
1785598264.965578,0.100431,0.500000,0.000000,0.000000,0.318612,0.316228,0.318612,0.303027,0.100000,0.000000,3.000000,0.000000,0.000000,filler
1785598265.066645,0.101067,0.500000,0.000000,0.000000,0.318628,0.316228,0.318628,0.303047,0.100000,0.000000,3.000000,0.000000,0.000000,filler
1785598265.265448,0.198803,0.500000,0.000000,0.000000,0.318690,0.316228,0.318690,0.303126,0.100000,0.000000,3.000000,0.000000,0.000000,filler
1785598265.366710,0.101262,0.500000,0.000000,0.000000,0.318706,0.316228,0.318706,0.303147,0.100000,0.000000,3.000000,0.000000,0.000000,filler
1785598265.565240,0.198530,0.500000,0.000000,0.000000,0.318768,0.316228,0.318768,0.303226,0.100000,0.000000,3.000000,0.000000,0.000000,filler
1785598265.665376,0.100136,0.500000,0.000000,0.000000,0.318783,0.316228,0.318783,0.303246,0.100000,0.000000,3.000000,0.000000,0.000000,filler
1785598265.766124,0.100748,0.500000,0.000000,0.000000,0.318799,0.316228,0.318799,0.303266,0.100000,0.000000,3.000000,0.000000,0.000000,filler
1785598265.965260,0.199136,0.500000,0.000000,0.000000,0.318862,0.316228,0.318862,0.303345,0.100000,0.000000,3.000000,0.000000,0.000000,filler
1785598266.065549,0.100289,0.500000,0.000000,0.000000,0.318877,0.316228,0.318877,0.303365,0.100000,0.000000,3.000000,0.000000,0.000000,filler
1785598266.165805,0.100257,0.500000,0.000000,0.000000,0.318893,0.316228,0.318893,0.303386,0.100000,0.000000,3.000000,0.000000,0.000000,filler
1785598266.365819,0.200014,0.500000,0.000000,0.000000,0.318956,0.316228,0.318956,0.303466,0.100000,0.000000,3.000000,0.000000,0.000000,filler
1785598266.565794,0.199975,0.500000,0.000000,0.000000,0.319018,0.316228,0.319018,0.303546,0.100000,0.000000,3.000000,0.000000,0.000000,filler
1785598266.765459,0.199665,0.500000,0.000000,0.000000,0.319081,0.316228,0.319081,0.303625,0.100000,0.000000,3.000000,0.000000,0.000000,filler
1785598266.865876,0.100417,0.500000,0.000000,0.000000,0.319097,0.316228,0.319097,0.303645,0.100000,0.000000,3.000000,0.000000,0.000000,filler
1785598267.065387,0.199510,0.500000,0.000000,0.000000,0.319159,0.316228,0.319159,0.303725,0.100000,0.000000,3.000000,0.000000,0.000000,filler
1785598267.165898,0.100511,0.500000,0.000000,0.000000,0.319175,0.316228,0.319175,0.303745,0.100000,0.000000,3.000000,0.000000,0.000000,filler
1785598267.365543,0.199645,0.500000,0.000000,0.000000,0.319237,0.316228,0.319237,0.303825,0.100000,0.000000,3.000000,0.000000,0.000000,filler
1785598267.565807,0.200264,0.500000,0.000000,0.000000,0.319300,0.316228,0.319300,0.303905,0.100000,0.000000,3.000000,0.000000,0.000000,filler
1785598267.765580,0.199773,0.500000,0.000000,0.000000,0.319363,0.316228,0.319363,0.303985,0.100000,0.000000,3.000000,0.000000,0.000000,filler
1785598267.965348,0.199768,0.500000,0.000000,0.000000,0.319425,0.316228,0.319425,0.304065,0.100000,0.000000,3.000000,0.000000,0.000000,filler
1785598268.165504,0.200157,0.500000,0.000000,0.000000,0.319488,0.316228,0.319488,0.304145,0.100000,0.000000,3.000000,0.000000,0.000000,filler
1785598268.365334,0.199829,0.500000,0.000000,0.000000,0.319550,0.316228,0.319550,0.304225,0.100000,0.000000,3.000000,0.000000,0.000000,filler
1785598268.465643,0.100309,0.500000,0.000000,0.000000,0.319566,0.316228,0.319566,0.304245,0.100000,0.000000,3.000000,0.000000,0.000000,filler
1785598268.665403,0.199760,0.500000,0.000000,0.000000,0.319628,0.316228,0.319628,0.304325,0.100000,0.000000,3.000000,0.000000,0.000000,filler
1785598268.765732,0.100329,0.500000,0.000000,0.000000,0.319644,0.316228,0.319644,0.304345,0.100000,0.000000,3.000000,0.000000,0.000000,filler
1785598268.965379,0.199647,0.500000,0.000000,0.000000,0.319707,0.316228,0.319707,0.304425,0.100000,0.000000,3.000000,0.000000,0.000000,filler
1785598269.066020,0.100641,0.500000,0.000000,0.000000,0.319722,0.316228,0.319722,0.304445,0.100000,0.000000,3.000000,0.000000,0.000000,filler
1785598269.265332,0.199312,0.500000,0.000000,0.000000,0.319785,0.316228,0.319785,0.304524,0.100000,0.000000,3.000000,0.000000,0.000000,filler
1785598269.466283,0.200951,0.500000,0.000000,0.000000,0.319848,0.316228,0.319848,0.304605,0.100000,0.000000,3.000000,0.000000,0.000000,filler
1785598269.666218,0.199935,0.500000,0.000000,0.000000,0.319910,0.316228,0.319910,0.304685,0.100000,0.000000,3.000000,0.000000,0.000000,filler
1785598269.865494,0.199276,0.500000,0.000000,0.000000,0.319972,0.316228,0.319972,0.304764,0.100000,0.000000,3.000000,0.000000,0.000000,filler
1785598269.974368,0.108874,0.500000,0.000000,0.000000,0.319991,0.316228,0.319991,0.304788,0.100000,0.000000,3.000000,0.000000,0.000000,filler
1785598270.077044,0.102676,0.500000,0.000000,0.000000,0.320007,0.316228,0.320007,0.304809,0.100000,0.000000,3.000000,0.000000,0.000000,filler
1785598270.273087,0.196043,0.500000,0.000000,0.000000,0.320067,0.316228,0.320067,0.304886,0.100000,0.000000,3.000000,0.000000,0.000000,filler
1785598270.385100,0.112013,0.500000,0.000000,0.000000,0.320087,0.316228,0.320087,0.304911,0.100000,0.000000,3.000000,0.000000,0.000000,filler
1785598270.571276,0.186175,0.500000,0.000000,0.000000,0.320141,0.316228,0.320141,0.304981,0.100000,0.000000,3.000000,0.000000,0.000000,filler
1785598270.768518,0.197242,0.500000,0.000000,0.000000,0.320202,0.316228,0.320202,0.305058,0.100000,0.000000,3.000000,0.000000,0.000000,filler
1785598270.965500,0.196982,0.500000,0.000000,0.000000,0.320262,0.316228,0.320262,0.305136,0.100000,0.000000,3.000000,0.000000,0.000000,filler
1785598271.049289,0.083789,0.537467,0.012472,-0.005782,0.306537,0.303336,0.306267,0.279777,0.091868,0.000000,3.000000,0.000000,0.000000,odom
1785598271.050541,0.001252,0.537467,0.012472,-0.005782,0.306537,0.303336,0.306267,0.279777,0.091868,0.000000,3.000000,0.000000,0.000000,odom
1785598271.051326,0.000784,0.537467,0.012472,-0.005782,0.306537,0.303336,0.306267,0.279777,0.091868,0.000000,3.000000,0.000000,0.000000,odom
1785598271.051943,0.000617,0.537467,0.012472,-0.005782,0.306537,0.303336,0.306267,0.279777,0.091868,0.000000,3.000000,0.000000,0.000000,odom
1785598271.068529,0.016586,0.537467,0.012472,-0.005782,0.306537,0.303336,0.306268,0.279778,0.091868,0.000000,3.000000,0.000000,0.000000,odom
1785598271.069863,0.001334,0.537467,0.012472,-0.005782,0.306537,0.303336,0.306268,0.279778,0.091868,0.000000,3.000000,0.000000,0.000000,odom
1785598271.070846,0.000983,0.537467,0.012472,-0.005782,0.306537,0.303336,0.306268,0.279778,0.091868,0.000000,3.000000,0.000000,0.000000,odom
1785598271.071724,0.000878,0.537467,0.012472,-0.005782,0.306537,0.303336,0.306268,0.279778,0.091868,0.000000,3.000000,0.000000,0.000000,odom
1785598271.072611,0.000887,0.537467,0.012472,-0.005782,0.306537,0.303336,0.306268,0.279778,0.091868,0.000000,3.000000,0.000000,0.000000,odom
1785598271.073478,0.000867,0.537467,0.012472,-0.005782,0.306537,0.303336,0.306268,0.279778,0.091868,0.000000,3.000000,0.000000,0.000000,odom
1785598271.074887,0.001408,0.537467,0.012472,-0.005782,0.306537,0.303336,0.306268,0.279778,0.091868,0.000000,3.000000,0.000000,0.000000,odom
1785598271.075891,0.001005,0.537467,0.012472,-0.005782,0.306537,0.303336,0.306268,0.279778,0.091868,0.000000,3.000000,0.000000,0.000000,odom
1785598271.078943,0.003052,0.537467,0.012472,-0.005782,0.306537,0.303336,0.306268,0.279778,0.091868,0.000000,3.000000,0.000000,0.000000,odom
1785598271.081106,0.002163,0.537467,0.012472,-0.005782,0.306537,0.303336,0.306268,0.279778,0.091868,0.000000,3.000000,0.000000,0.000000,odom
1785598271.082682,0.001576,0.537426,0.012486,-0.005764,0.306535,0.303329,0.306262,0.279768,0.091866,0.000000,3.000000,0.000000,0.000000,odom
1785598271.265282,0.182601,0.550632,0.005034,-0.021375,0.274140,0.294600,0.263746,0.231505,0.062339,0.000000,3.000000,0.000000,0.000000,filler
1785598271.365423,0.100140,0.573925,-0.003063,-0.016872,0.265305,0.283818,0.255394,0.216166,0.059271,0.000000,3.000000,0.000000,0.000000,filler
1785598271.434199,0.068776,0.579141,0.001994,-0.004933,0.253233,0.280920,0.240114,0.200698,0.051727,0.000000,3.000000,0.000000,0.000000,odom
1785598271.466989,0.032790,0.579141,0.001994,-0.004933,0.253236,0.280920,0.240117,0.200700,0.051727,0.000000,3.000000,0.000000,0.000000,odom
1785598271.467635,0.000646,0.579141,0.001994,-0.004933,0.253236,0.280920,0.240117,0.200700,0.051727,0.000000,3.000000,0.000000,0.000000,odom
1785598271.468149,0.000514,0.579141,0.001994,-0.004933,0.253236,0.280920,0.240117,0.200700,0.051727,0.000000,3.000000,0.000000,0.000000,odom
1785598271.468831,0.000682,0.579141,0.001994,-0.004933,0.253236,0.280920,0.240117,0.200700,0.051727,0.000000,3.000000,0.000000,0.000000,odom
1785598271.469334,0.000503,0.579141,0.001994,-0.004933,0.253236,0.280920,0.240117,0.200700,0.051727,0.000000,3.000000,0.000000,0.000000,odom
1785598271.469774,0.000440,0.579141,0.001994,-0.004933,0.253236,0.280920,0.240117,0.200700,0.051727,0.000000,3.000000,0.000000,0.000000,odom
1785598271.470222,0.000448,0.579141,0.001994,-0.004933,0.253236,0.280920,0.240117,0.200700,0.051727,0.000000,3.000000,0.000000,0.000000,odom
1785598271.470695,0.000473,0.579141,0.001994,-0.004933,0.253236,0.280920,0.240117,0.200700,0.051727,0.000000,3.000000,0.000000,0.000000,odom
1785598271.471154,0.000459,0.579141,0.001994,-0.004933,0.253236,0.280920,0.240117,0.200700,0.051727,0.000000,3.000000,0.000000,0.000000,odom
1785598271.480268,0.009114,0.591013,0.012555,-0.011079,0.249769,0.274780,0.234900,0.193066,0.051073,0.000000,3.000000,0.000000,0.000000,odom
1785598271.480997,0.000729,0.591013,0.012555,-0.011079,0.249769,0.274780,0.234900,0.193066,0.051073,0.000000,3.000000,0.000000,0.000000,odom
1785598271.481516,0.000519,0.591013,0.012555,-0.011079,0.249769,0.274780,0.234900,0.193066,0.051073,0.000000,3.000000,0.000000,0.000000,odom
1785598271.482013,0.000497,0.591013,0.012555,-0.011079,0.249769,0.274780,0.234900,0.193066,0.051073,0.000000,3.000000,0.000000,0.000000,odom
1785598271.482468,0.000456,0.591013,0.012555,-0.011079,0.249769,0.274780,0.234900,0.193066,0.051073,0.000000,3.000000,0.000000,0.000000,odom
1785598271.482925,0.000457,0.591013,0.012555,-0.011079,0.249769,0.274780,0.234900,0.193066,0.051073,0.000000,3.000000,0.000000,0.000000,odom
1785598271.483360,0.000435,0.591013,0.012555,-0.011079,0.249769,0.274780,0.234900,0.193066,0.051073,0.000000,3.000000,0.000000,0.000000,odom
1785598271.483878,0.000518,0.591013,0.012555,-0.011079,0.249769,0.274780,0.234900,0.193066,0.051073,0.000000,3.000000,0.000000,0.000000,odom
1785598271.484446,0.000568,0.591013,0.012555,-0.011079,0.249769,0.274780,0.234900,0.193066,0.051073,0.000000,3.000000,0.000000,0.000000,odom
1785598271.484915,0.000470,0.591013,0.012555,-0.011079,0.249769,0.274780,0.234900,0.193066,0.051073,0.000000,3.000000,0.000000,0.000000,odom
1785598271.665375,0.180459,0.590140,0.012396,-0.011582,0.248550,0.274647,0.234385,0.192144,0.050644,0.000000,3.000000,0.000000,0.000000,filler
1785598271.865623,0.200249,0.598496,0.004673,-0.008648,0.235080,0.268386,0.227193,0.178910,0.048471,0.000000,3.000000,0.000000,0.000000,filler
1785598272.065277,0.199654,0.608764,0.013015,-0.014689,0.230116,0.263791,0.221696,0.171688,0.047107,0.000000,3.000000,0.000000,0.000000,filler
1785598272.085817,0.020540,0.608238,0.012881,-0.014987,0.229540,0.263704,0.221421,0.171256,0.046899,0.000000,3.000000,0.000000,0.000000,odom
1785598272.086911,0.001095,0.608238,0.012881,-0.014987,0.229540,0.263704,0.221421,0.171256,0.046899,0.000000,3.000000,0.000000,0.000000,odom
1785598272.087770,0.000859,0.608238,0.012881,-0.014987,0.229540,0.263704,0.221421,0.171256,0.046899,0.000000,3.000000,0.000000,0.000000,odom
1785598272.088516,0.000745,0.608238,0.012881,-0.014987,0.229540,0.263704,0.221421,0.171256,0.046899,0.000000,3.000000,0.000000,0.000000,odom
1785598272.089223,0.000708,0.608238,0.012881,-0.014987,0.229540,0.263704,0.221421,0.171256,0.046899,0.000000,3.000000,0.000000,0.000000,odom
1785598272.089763,0.000540,0.608238,0.012881,-0.014987,0.229540,0.263704,0.221421,0.171256,0.046899,0.000000,3.000000,0.000000,0.000000,odom
1785598272.090288,0.000525,0.608238,0.012881,-0.014987,0.229540,0.263704,0.221421,0.171256,0.046899,0.000000,3.000000,0.000000,0.000000,odom
1785598272.090777,0.000489,0.608238,0.012881,-0.014987,0.229540,0.263704,0.221421,0.171256,0.046899,0.000000,3.000000,0.000000,0.000000,odom
1785598272.091318,0.000541,0.608238,0.012881,-0.014987,0.229540,0.263704,0.221421,0.171256,0.046899,0.000000,3.000000,0.000000,0.000000,odom
1785598272.091896,0.000578,0.608238,0.012881,-0.014987,0.229540,0.263704,0.221421,0.171256,0.046899,0.000000,3.000000,0.000000,0.000000,odom
1785598272.109612,0.017716,0.608238,0.012881,-0.014987,0.229541,0.263704,0.221421,0.171256,0.046900,0.000000,3.000000,0.000000,0.000000,odom
1785598272.110543,0.000930,0.608238,0.012881,-0.014987,0.229541,0.263704,0.221421,0.171256,0.046900,0.000000,3.000000,0.000000,0.000000,odom
1785598272.111196,0.000653,0.608238,0.012881,-0.014987,0.229541,0.263704,0.221421,0.171256,0.046900,0.000000,3.000000,0.000000,0.000000,odom
1785598272.111801,0.000606,0.608238,0.012881,-0.014987,0.229541,0.263704,0.221421,0.171256,0.046900,0.000000,3.000000,0.000000,0.000000,odom
1785598272.112380,0.000579,0.608238,0.012881,-0.014987,0.229541,0.263704,0.221421,0.171256,0.046900,0.000000,3.000000,0.000000,0.000000,odom
1785598272.112963,0.000583,0.608238,0.012881,-0.014987,0.229541,0.263704,0.221421,0.171256,0.046900,0.000000,3.000000,0.000000,0.000000,odom
1785598272.113540,0.000577,0.608238,0.012881,-0.014987,0.229541,0.263704,0.221421,0.171256,0.046900,0.000000,3.000000,0.000000,0.000000,odom
1785598272.114156,0.000616,0.608238,0.012881,-0.014987,0.229541,0.263704,0.221421,0.171256,0.046900,0.000000,3.000000,0.000000,0.000000,odom
1785598272.114937,0.000782,0.608238,0.012881,-0.014987,0.229541,0.263704,0.221421,0.171256,0.046900,0.000000,3.000000,0.000000,0.000000,odom
1785598272.115561,0.000624,0.608238,0.012881,-0.014987,0.229541,0.263704,0.221421,0.171256,0.046900,0.000000,3.000000,0.000000,0.000000,odom
1785598271.631717,-0.483845,0.608097,0.012825,-0.015093,0.224260,0.263513,0.220882,0.168520,0.046493,0.000000,3.000000,0.000000,0.000000,odom
1785598271.633698,0.001981,0.608097,0.012825,-0.015093,0.224260,0.263513,0.220882,0.168520,0.046493,0.000000,3.000000,0.000000,0.000000,odom
1785598271.635319,0.001621,0.608097,0.012825,-0.015093,0.224260,0.263513,0.220882,0.168520,0.046493,0.000000,3.000000,0.000000,0.000000,odom
1785598271.636764,0.001445,0.608097,0.012825,-0.015093,0.224260,0.263513,0.220882,0.168520,0.046493,0.000000,3.000000,0.000000,0.000000,odom
1785598271.637678,0.000914,0.608097,0.012825,-0.015093,0.224260,0.263513,0.220882,0.168520,0.046493,0.000000,3.000000,0.000000,0.000000,odom
1785598271.638530,0.000853,0.608097,0.012825,-0.015093,0.224260,0.263513,0.220882,0.168520,0.046493,0.000000,3.000000,0.000000,0.000000,odom
1785598271.639305,0.000774,0.608097,0.012825,-0.015093,0.224260,0.263513,0.220882,0.168520,0.046493,0.000000,3.000000,0.000000,0.000000,odom
1785598271.639909,0.000604,0.608097,0.012825,-0.015093,0.224260,0.263513,0.220882,0.168520,0.046493,0.000000,3.000000,0.000000,0.000000,odom
1785598271.640473,0.000565,0.608097,0.012825,-0.015093,0.224260,0.263513,0.220882,0.168520,0.046493,0.000000,3.000000,0.000000,0.000000,odom
1785598271.641100,0.000627,0.608097,0.012825,-0.015093,0.224260,0.263513,0.220882,0.168520,0.046493,0.000000,3.000000,0.000000,0.000000,odom
1785598271.641699,0.000598,0.608097,0.012825,-0.015093,0.224260,0.263513,0.220882,0.168520,0.046493,0.000000,3.000000,0.000000,0.000000,odom
1785598271.642277,0.000578,0.608097,0.012825,-0.015093,0.224260,0.263513,0.220882,0.168520,0.046493,0.000000,3.000000,0.000000,0.000000,odom
1785598271.642819,0.000542,0.608097,0.012825,-0.015093,0.224260,0.263513,0.220882,0.168520,0.046493,0.000000,3.000000,0.000000,0.000000,odom
1785598271.643377,0.000558,0.608097,0.012825,-0.015093,0.224260,0.263513,0.220882,0.168520,0.046493,0.000000,3.000000,0.000000,0.000000,odom
1785598271.643869,0.000492,0.608097,0.012825,-0.015093,0.224260,0.263513,0.220882,0.168520,0.046493,0.000000,3.000000,0.000000,0.000000,odom
1785598271.644396,0.000527,0.608097,0.012825,-0.015093,0.224260,0.263513,0.220882,0.168520,0.046493,0.000000,3.000000,0.000000,0.000000,odom
1785598271.644924,0.000528,0.608097,0.012825,-0.015093,0.224260,0.263513,0.220882,0.168520,0.046493,0.000000,3.000000,0.000000,0.000000,odom
1785598271.645472,0.000548,0.608097,0.012825,-0.015093,0.224260,0.263513,0.220882,0.168520,0.046493,0.000000,3.000000,0.000000,0.000000,odom
1785598271.645999,0.000527,0.608097,0.012825,-0.015093,0.224260,0.263513,0.220882,0.168520,0.046493,0.000000,3.000000,0.000000,0.000000,odom
1785598271.688043,0.042044,0.608097,0.012825,-0.015093,0.224264,0.263513,0.220886,0.168524,0.046495,0.000000,3.000000,0.000000,0.000000,odom
1785598271.689222,0.001179,0.608097,0.012825,-0.015093,0.224264,0.263513,0.220886,0.168524,0.046495,0.000000,3.000000,0.000000,0.000000,odom
1785598271.689879,0.000657,0.608097,0.012825,-0.015093,0.224264,0.263513,0.220886,0.168524,0.046495,0.000000,3.000000,0.000000,0.000000,odom
1785598271.690469,0.000590,0.608097,0.012825,-0.015093,0.224264,0.263513,0.220886,0.168524,0.046495,0.000000,3.000000,0.000000,0.000000,odom
1785598271.691002,0.000533,0.608097,0.012825,-0.015093,0.224264,0.263513,0.220886,0.168524,0.046495,0.000000,3.000000,0.000000,0.000000,odom
1785598271.691617,0.000615,0.608097,0.012825,-0.015093,0.224264,0.263513,0.220886,0.168524,0.046495,0.000000,3.000000,0.000000,0.000000,odom
1785598271.692215,0.000598,0.608097,0.012825,-0.015093,0.224264,0.263513,0.220886,0.168524,0.046495,0.000000,3.000000,0.000000,0.000000,odom
1785598271.693918,0.001702,0.608097,0.012825,-0.015093,0.224264,0.263513,0.220886,0.168524,0.046495,0.000000,3.000000,0.000000,0.000000,odom
1785598271.694798,0.000880,0.608097,0.012825,-0.015093,0.224264,0.263513,0.220886,0.168524,0.046495,0.000000,3.000000,0.000000,0.000000,odom
1785598271.695714,0.000917,0.608097,0.012825,-0.015093,0.224264,0.263513,0.220886,0.168524,0.046495,0.000000,3.000000,0.000000,0.000000,odom
1785598271.696973,0.001259,0.608097,0.012825,-0.015093,0.224264,0.263513,0.220886,0.168524,0.046495,0.000000,3.000000,0.000000,0.000000,odom
1785598271.698006,0.001033,0.608097,0.012825,-0.015093,0.224264,0.263513,0.220886,0.168524,0.046495,0.000000,3.000000,0.000000,0.000000,odom
1785598271.698664,0.000658,0.608097,0.012825,-0.015093,0.224264,0.263513,0.220886,0.168524,0.046495,0.000000,3.000000,0.000000,0.000000,odom
1785598271.699240,0.000576,0.608097,0.012825,-0.015093,0.224264,0.263513,0.220886,0.168524,0.046495,0.000000,3.000000,0.000000,0.000000,odom
1785598271.736842,0.037601,0.608097,0.012825,-0.015093,0.224267,0.263513,0.220889,0.168527,0.046496,0.000000,3.000000,0.000000,0.000000,odom
1785598271.792101,0.055260,0.608097,0.012825,-0.015093,0.224274,0.263513,0.220896,0.168533,0.046499,0.000000,3.000000,0.000000,0.000000,odom
1785598271.835635,0.043534,0.608097,0.012825,-0.015093,0.224278,0.263513,0.220900,0.168537,0.046501,0.000000,3.000000,0.000000,0.000000,odom
1785598272.265924,0.430289,0.608097,0.012825,-0.015093,0.224690,0.263513,0.221319,0.168907,0.046670,0.000000,3.000000,0.000000,0.000000,filler
1785598272.465836,0.199912,0.612408,0.007277,-0.011738,0.221937,0.259468,0.217420,0.163851,0.045936,0.000000,3.000000,0.000000,0.000000,filler
1785598272.532177,0.066341,0.617743,0.014699,-0.017091,0.220955,0.256273,0.214308,0.160425,0.045159,0.000000,3.000000,0.000000,0.000000,odom
1785598272.533070,0.000893,0.617743,0.014699,-0.017091,0.220955,0.256273,0.214308,0.160425,0.045159,0.000000,3.000000,0.000000,0.000000,odom
1785598272.542471,0.009401,0.617743,0.014699,-0.017091,0.220955,0.256273,0.214308,0.160425,0.045159,0.000000,3.000000,0.000000,0.000000,odom
1785598272.543290,0.000819,0.617743,0.014699,-0.017091,0.220955,0.256273,0.214308,0.160425,0.045159,0.000000,3.000000,0.000000,0.000000,odom
1785598272.543961,0.000670,0.617743,0.014699,-0.017091,0.220955,0.256273,0.214308,0.160425,0.045159,0.000000,3.000000,0.000000,0.000000,odom
1785598272.544605,0.000645,0.617743,0.014699,-0.017091,0.220955,0.256273,0.214308,0.160425,0.045159,0.000000,3.000000,0.000000,0.000000,odom
1785598272.545571,0.000965,0.617743,0.014699,-0.017091,0.220955,0.256273,0.214308,0.160425,0.045159,0.000000,3.000000,0.000000,0.000000,odom
1785598272.546756,0.001185,0.617743,0.014699,-0.017091,0.220955,0.256273,0.214308,0.160425,0.045159,0.000000,3.000000,0.000000,0.000000,odom
1785598272.547578,0.000822,0.617743,0.014699,-0.017091,0.220955,0.256273,0.214308,0.160425,0.045159,0.000000,3.000000,0.000000,0.000000,odom
1785598272.548535,0.000957,0.617743,0.014699,-0.017091,0.220955,0.256273,0.214308,0.160425,0.045159,0.000000,3.000000,0.000000,0.000000,odom
1785598272.549521,0.000986,0.617743,0.014699,-0.017091,0.220955,0.256273,0.214308,0.160425,0.045159,0.000000,3.000000,0.000000,0.000000,odom
1785598272.550468,0.000947,0.617743,0.014699,-0.017091,0.220955,0.256273,0.214308,0.160425,0.045159,0.000000,3.000000,0.000000,0.000000,odom
1785598272.551258,0.000790,0.617743,0.014699,-0.017091,0.220955,0.256273,0.214308,0.160425,0.045159,0.000000,3.000000,0.000000,0.000000,odom
1785598272.551795,0.000538,0.617743,0.014699,-0.017091,0.220955,0.256273,0.214308,0.160425,0.045159,0.000000,3.000000,0.000000,0.000000,odom
1785598272.552314,0.000518,0.617743,0.014699,-0.017091,0.220955,0.256273,0.214308,0.160425,0.045159,0.000000,3.000000,0.000000,0.000000,odom
1785598272.552797,0.000483,0.617743,0.014699,-0.017091,0.220955,0.256273,0.214308,0.160425,0.045159,0.000000,3.000000,0.000000,0.000000,odom
1785598272.650868,0.098071,0.616986,0.014382,-0.017591,0.220587,0.256212,0.214156,0.160166,0.045037,0.000000,3.000000,0.000000,0.000000,odom
1785598272.651829,0.000961,0.616986,0.014382,-0.017591,0.220587,0.256212,0.214156,0.160166,0.045037,0.000000,3.000000,0.000000,0.000000,odom
1785598272.653102,0.001273,0.616986,0.014382,-0.017591,0.220587,0.256212,0.214156,0.160166,0.045037,0.000000,3.000000,0.000000,0.000000,odom
1785598272.654079,0.000977,0.616986,0.014382,-0.017591,0.220587,0.256212,0.214156,0.160166,0.045037,0.000000,3.000000,0.000000,0.000000,odom
1785598272.655074,0.000995,0.616986,0.014382,-0.017591,0.220587,0.256212,0.214156,0.160166,0.045037,0.000000,3.000000,0.000000,0.000000,odom
1785598272.655929,0.000855,0.616986,0.014382,-0.017591,0.220587,0.256212,0.214156,0.160166,0.045037,0.000000,3.000000,0.000000,0.000000,odom
1785598272.656887,0.000958,0.616986,0.014382,-0.017591,0.220587,0.256212,0.214156,0.160166,0.045037,0.000000,3.000000,0.000000,0.000000,odom
1785598272.657718,0.000831,0.616986,0.014382,-0.017591,0.220587,0.256212,0.214156,0.160166,0.045037,0.000000,3.000000,0.000000,0.000000,odom
1785598272.665745,0.008026,0.616986,0.014382,-0.017591,0.220587,0.256212,0.214156,0.160166,0.045037,0.000000,3.000000,0.000000,0.000000,odom
1785598272.667063,0.001318,0.616986,0.014382,-0.017591,0.220587,0.256212,0.214156,0.160166,0.045037,0.000000,3.000000,0.000000,0.000000,odom
1785598272.704449,0.037386,0.615269,0.014281,-0.017601,0.216820,0.256090,0.213434,0.158147,0.044628,0.000000,3.000000,0.000000,0.000000,odom
1785598272.706306,0.001856,0.615269,0.014281,-0.017601,0.216820,0.256090,0.213434,0.158147,0.044628,0.000000,3.000000,0.000000,0.000000,odom
1785598272.707382,0.001076,0.615269,0.014281,-0.017601,0.216820,0.256090,0.213434,0.158147,0.044628,0.000000,3.000000,0.000000,0.000000,odom
1785598272.708495,0.001113,0.615269,0.014281,-0.017601,0.216820,0.256090,0.213434,0.158147,0.044628,0.000000,3.000000,0.000000,0.000000,odom
1785598272.730616,0.022121,0.615269,0.014281,-0.017601,0.216821,0.256090,0.213435,0.158148,0.044629,0.000000,3.000000,0.000000,0.000000,odom
1785598272.731883,0.001266,0.615269,0.014281,-0.017601,0.216821,0.256090,0.213435,0.158148,0.044629,0.000000,3.000000,0.000000,0.000000,odom
1785598272.767097,0.035214,0.615269,0.014281,-0.017601,0.216824,0.256090,0.213438,0.158151,0.044630,0.000000,3.000000,0.000000,0.000000,odom
1785598272.770380,0.003283,0.615269,0.014281,-0.017601,0.216824,0.256090,0.213438,0.158151,0.044630,0.000000,3.000000,0.000000,0.000000,odom
1785598272.794952,0.024572,0.618591,0.008951,-0.014246,0.216008,0.253071,0.210663,0.155083,0.043937,0.000000,3.000000,0.000000,0.000000,odom
1785598272.965537,0.170585,0.618024,0.009182,-0.013737,0.214862,0.252960,0.210096,0.154295,0.043740,0.000000,3.000000,0.000000,0.000000,filler
1785598273.065811,0.100274,0.621944,0.015132,-0.018051,0.214234,0.250486,0.207614,0.151743,0.042932,0.000000,3.000000,0.000000,0.000000,filler
1785598273.265455,0.199644,0.624736,0.010639,-0.015139,0.213321,0.248055,0.205298,0.149184,0.042097,0.000000,3.000000,0.000000,0.000000,filler
1785598273.365722,0.100267,0.624646,0.010695,-0.015020,0.213103,0.248014,0.205109,0.148993,0.042030,0.000000,3.000000,0.000000,0.000000,filler
1785598273.507713,0.141990,0.627623,0.015055,-0.018569,0.212517,0.246012,0.202990,0.146890,0.041176,0.000000,3.000000,0.000000,0.000000,odom
1785598273.508642,0.000929,0.627623,0.015055,-0.018569,0.212517,0.246012,0.202990,0.146890,0.041176,0.000000,3.000000,0.000000,0.000000,odom
1785598273.509299,0.000658,0.627623,0.015055,-0.018569,0.212517,0.246012,0.202990,0.146890,0.041176,0.000000,3.000000,0.000000,0.000000,odom
1785598273.665758,0.156459,0.624119,0.014912,-0.018417,0.209623,0.245867,0.202321,0.145326,0.040905,0.000000,3.000000,0.000000,0.000000,filler
1785598273.728838,0.063080,0.626140,0.011359,-0.016098,0.209163,0.243951,0.200475,0.143452,0.040144,0.000000,3.000000,0.000000,0.000000,odom
1785598273.729696,0.000857,0.626140,0.011359,-0.016098,0.209163,0.243951,0.200475,0.143452,0.040144,0.000000,3.000000,0.000000,0.000000,odom
1785598273.730312,0.000616,0.626140,0.011359,-0.016098,0.209163,0.243951,0.200475,0.143452,0.040144,0.000000,3.000000,0.000000,0.000000,odom
1785598273.730829,0.000517,0.626140,0.011359,-0.016098,0.209163,0.243951,0.200475,0.143452,0.040144,0.000000,3.000000,0.000000,0.000000,odom
1785598273.731389,0.000559,0.626140,0.011359,-0.016098,0.209163,0.243951,0.200475,0.143452,0.040144,0.000000,3.000000,0.000000,0.000000,odom
1785598273.732242,0.000853,0.626140,0.011359,-0.016098,0.209163,0.243951,0.200475,0.143452,0.040144,0.000000,3.000000,0.000000,0.000000,odom
1785598273.733107,0.000865,0.626140,0.011359,-0.016098,0.209163,0.243951,0.200475,0.143452,0.040144,0.000000,3.000000,0.000000,0.000000,odom
1785598273.735483,0.002376,0.626140,0.011359,-0.016098,0.209163,0.243951,0.200475,0.143452,0.040144,0.000000,3.000000,0.000000,0.000000,odom
1785598273.739092,0.003609,0.626140,0.011359,-0.016098,0.209163,0.243951,0.200475,0.143452,0.040144,0.000000,3.000000,0.000000,0.000000,odom
1785598273.829468,0.090376,0.626808,0.011182,-0.016408,0.208799,0.243929,0.200362,0.143243,0.040107,0.000000,3.000000,0.000000,0.000000,odom
1785598273.838561,0.009093,0.626808,0.011182,-0.016408,0.208800,0.243929,0.200362,0.143243,0.040107,0.000000,3.000000,0.000000,0.000000,odom
1785598273.840213,0.001651,0.626808,0.011182,-0.016408,0.208800,0.243929,0.200362,0.143243,0.040107,0.000000,3.000000,0.000000,0.000000,odom
1785598273.841842,0.001629,0.626808,0.011182,-0.016408,0.208800,0.243929,0.200362,0.143243,0.040107,0.000000,3.000000,0.000000,0.000000,odom
1785598273.842957,0.001116,0.626808,0.011182,-0.016408,0.208800,0.243929,0.200362,0.143243,0.040107,0.000000,3.000000,0.000000,0.000000,odom
1785598273.843851,0.000893,0.626808,0.011182,-0.016408,0.208800,0.243929,0.200362,0.143243,0.040107,0.000000,3.000000,0.000000,0.000000,odom
1785598273.887215,0.043365,0.629391,0.015034,-0.019138,0.208394,0.242323,0.198637,0.141605,0.039325,0.000000,3.000000,0.000000,0.000000,odom
1785598273.888248,0.001032,0.629391,0.015034,-0.019138,0.208394,0.242323,0.198637,0.141605,0.039325,0.000000,3.000000,0.000000,0.000000,odom
1785598273.888959,0.000711,0.629391,0.015034,-0.019138,0.208394,0.242323,0.198637,0.141605,0.039325,0.000000,3.000000,0.000000,0.000000,odom
1785598273.889505,0.000546,0.629391,0.015034,-0.019138,0.208394,0.242323,0.198637,0.141605,0.039325,0.000000,3.000000,0.000000,0.000000,odom
1785598273.987864,0.098360,0.628552,0.014636,-0.019836,0.208285,0.242290,0.198564,0.141515,0.039295,0.000000,3.000000,0.000000,0.000000,odom
1785598274.165286,0.177421,0.626284,0.014505,-0.019993,0.206710,0.242284,0.198486,0.140827,0.039258,0.000000,3.000000,0.000000,0.000000,filler
1785598274.192536,0.027251,0.628118,0.010904,-0.017543,0.206361,0.240704,0.196922,0.139301,0.038525,0.000000,3.000000,0.000000,0.000000,odom
1785598274.228905,0.036368,0.628118,0.010904,-0.017543,0.206364,0.240704,0.196925,0.139304,0.038526,0.000000,3.000000,0.000000,0.000000,odom
1785598274.339165,0.110261,0.626968,0.011210,-0.016885,0.206057,0.240683,0.196834,0.139131,0.038500,0.000000,3.000000,0.000000,0.000000,odom
1785598274.465930,0.126764,0.629199,0.014518,-0.019151,0.205779,0.239341,0.195415,0.137816,0.037788,0.000000,3.000000,0.000000,0.000000,filler
1785598274.582470,0.116540,0.626786,0.014221,-0.019573,0.204528,0.239308,0.195249,0.137222,0.037724,0.000000,3.000000,0.000000,0.000000,odom
1785598274.583197,0.000728,0.626786,0.014221,-0.019573,0.204528,0.239308,0.195249,0.137222,0.037724,0.000000,3.000000,0.000000,0.000000,odom
1785598274.583716,0.000519,0.626786,0.014221,-0.019573,0.204528,0.239308,0.195249,0.137222,0.037724,0.000000,3.000000,0.000000,0.000000,odom
1785598274.760029,0.176313,0.628434,0.010713,-0.017150,0.204330,0.237975,0.194001,0.136019,0.037075,0.000000,3.000000,0.000000,0.000000,odom
1785598274.836981,0.076951,0.627192,0.011138,-0.016271,0.203963,0.237922,0.193751,0.135747,0.037001,0.000000,3.000000,0.000000,0.000000,odom
1785598274.837805,0.000824,0.627192,0.011138,-0.016271,0.203963,0.237922,0.193751,0.135747,0.037001,0.000000,3.000000,0.000000,0.000000,odom
1785598274.838697,0.000892,0.627192,0.011138,-0.016271,0.203963,0.237922,0.193751,0.135747,0.037001,0.000000,3.000000,0.000000,0.000000,odom
1785598274.839361,0.000664,0.627192,0.011138,-0.016271,0.203963,0.237922,0.193751,0.135747,0.037001,0.000000,3.000000,0.000000,0.000000,odom
1785598274.839828,0.000467,0.627192,0.011138,-0.016271,0.203963,0.237922,0.193751,0.135747,0.037001,0.000000,3.000000,0.000000,0.000000,odom
1785598274.840273,0.000445,0.627192,0.011138,-0.016271,0.203963,0.237922,0.193751,0.135747,0.037001,0.000000,3.000000,0.000000,0.000000,odom
1785598274.840722,0.000449,0.627192,0.011138,-0.016271,0.203963,0.237922,0.193751,0.135747,0.037001,0.000000,3.000000,0.000000,0.000000,odom
1785598274.841203,0.000481,0.627192,0.011138,-0.016271,0.203963,0.237922,0.193751,0.135747,0.037001,0.000000,3.000000,0.000000,0.000000,odom
1785598274.928382,0.087179,0.629183,0.014443,-0.018638,0.203725,0.236784,0.192516,0.134633,0.036346,0.000000,3.000000,0.000000,0.000000,odom
1785598274.929215,0.000833,0.629183,0.014443,-0.018638,0.203725,0.236784,0.192516,0.134633,0.036346,0.000000,3.000000,0.000000,0.000000,odom
1785598274.929792,0.000576,0.629183,0.014443,-0.018638,0.203725,0.236784,0.192516,0.134633,0.036346,0.000000,3.000000,0.000000,0.000000,odom
1785598274.930383,0.000592,0.629183,0.014443,-0.018638,0.203725,0.236784,0.192516,0.134633,0.036346,0.000000,3.000000,0.000000,0.000000,odom
1785598274.930869,0.000485,0.629183,0.014443,-0.018638,0.203725,0.236784,0.192516,0.134633,0.036346,0.000000,3.000000,0.000000,0.000000,odom
1785598275.065310,0.134441,0.628608,0.014124,-0.019126,0.203621,0.236745,0.192445,0.134544,0.036326,0.000000,3.000000,0.000000,0.000000,filler
1785598275.165393,0.100083,0.630155,0.010997,-0.017006,0.203401,0.235610,0.191323,0.133488,0.035713,0.000000,3.000000,0.000000,0.000000,filler
1785598275.266007,0.100614,0.630554,0.010787,-0.017398,0.203336,0.235578,0.191211,0.133405,0.035684,0.000000,3.000000,0.000000,0.000000,filler
1785598275.405889,0.139882,0.632367,0.013871,-0.020037,0.203115,0.234583,0.190100,0.132423,0.035081,0.000000,3.000000,0.000000,0.000000,odom
1785598275.407348,0.001459,0.632367,0.013871,-0.020037,0.203115,0.234583,0.190100,0.132423,0.035081,0.000000,3.000000,0.000000,0.000000,odom
1785598275.408510,0.001162,0.632367,0.013871,-0.020037,0.203115,0.234583,0.190100,0.132423,0.035081,0.000000,3.000000,0.000000,0.000000,odom
1785598275.409769,0.001258,0.632367,0.013871,-0.020037,0.203115,0.234583,0.190100,0.132423,0.035081,0.000000,3.000000,0.000000,0.000000,odom
1785598275.411454,0.001685,0.632367,0.013871,-0.020037,0.203115,0.234583,0.190100,0.132423,0.035081,0.000000,3.000000,0.000000,0.000000,odom
1785598275.412579,0.001125,0.632367,0.013871,-0.020037,0.203115,0.234583,0.190100,0.132423,0.035081,0.000000,3.000000,0.000000,0.000000,odom
1785598275.565487,0.152908,0.629182,0.013735,-0.019997,0.201874,0.234502,0.189761,0.131754,0.034990,0.000000,3.000000,0.000000,0.000000,filler
1785598275.665555,0.100067,0.630136,0.011563,-0.018534,0.201699,0.233525,0.188782,0.130855,0.034436,0.000000,3.000000,0.000000,0.000000,filler
1785598275.703792,0.038237,0.629737,0.011687,-0.018260,0.201566,0.233506,0.188718,0.130769,0.034419,0.000000,3.000000,0.000000,0.000000,odom
1785598275.704614,0.000822,0.629737,0.011687,-0.018260,0.201566,0.233506,0.188718,0.130769,0.034419,0.000000,3.000000,0.000000,0.000000,odom
1785598275.705240,0.000626,0.629737,0.011687,-0.018260,0.201566,0.233506,0.188718,0.130769,0.034419,0.000000,3.000000,0.000000,0.000000,odom
1785598275.705791,0.000551,0.629737,0.011687,-0.018260,0.201566,0.233506,0.188718,0.130769,0.034419,0.000000,3.000000,0.000000,0.000000,odom
1785598275.706342,0.000551,0.629737,0.011687,-0.018260,0.201566,0.233506,0.188718,0.130769,0.034419,0.000000,3.000000,0.000000,0.000000,odom
1785598275.706861,0.000519,0.629737,0.011687,-0.018260,0.201566,0.233506,0.188718,0.130769,0.034419,0.000000,3.000000,0.000000,0.000000,odom
1785598275.865826,0.158965,0.631523,0.014683,-0.020386,0.201437,0.232663,0.187825,0.129987,0.033901,0.000000,3.000000,0.000000,0.000000,filler
1785598275.907857,0.042030,0.631165,0.014457,-0.020755,0.201374,0.232639,0.187752,0.129923,0.033882,0.000000,3.000000,0.000000,0.000000,odom
1785598275.939297,0.031440,0.631165,0.014457,-0.020755,0.201376,0.232639,0.187754,0.129925,0.033883,0.000000,3.000000,0.000000,0.000000,odom
1785598275.940446,0.001150,0.631165,0.014457,-0.020755,0.201376,0.232639,0.187754,0.129925,0.033883,0.000000,3.000000,0.000000,0.000000,odom
1785598275.941307,0.000861,0.631165,0.014457,-0.020755,0.201376,0.232639,0.187754,0.129925,0.033883,0.000000,3.000000,0.000000,0.000000,odom
1785598275.941938,0.000631,0.631165,0.014457,-0.020755,0.201376,0.232639,0.187754,0.129925,0.033883,0.000000,3.000000,0.000000,0.000000,odom
1785598275.942612,0.000674,0.631165,0.014457,-0.020755,0.201376,0.232639,0.187754,0.129925,0.033883,0.000000,3.000000,0.000000,0.000000,odom
1785598275.943212,0.000600,0.631165,0.014457,-0.020755,0.201376,0.232639,0.187754,0.129925,0.033883,0.000000,3.000000,0.000000,0.000000,odom
1785598275.943799,0.000587,0.631165,0.014457,-0.020755,0.201376,0.232639,0.187754,0.129925,0.033883,0.000000,3.000000,0.000000,0.000000,odom
1785598275.944396,0.000597,0.631165,0.014457,-0.020755,0.201376,0.232639,0.187754,0.129925,0.033883,0.000000,3.000000,0.000000,0.000000,odom
1785598275.945011,0.000616,0.631165,0.014457,-0.020755,0.201376,0.232639,0.187754,0.129925,0.033883,0.000000,3.000000,0.000000,0.000000,odom
1785598276.000623,0.055612,0.628635,0.014342,-0.020771,0.200487,0.232606,0.187538,0.129471,0.033823,0.000000,3.000000,0.000000,0.000000,odom
1785598276.002209,0.001586,0.628635,0.014342,-0.020771,0.200487,0.232606,0.187538,0.129471,0.033823,0.000000,3.000000,0.000000,0.000000,odom
1785598276.003568,0.001358,0.628635,0.014342,-0.020771,0.200487,0.232606,0.187538,0.129471,0.033823,0.000000,3.000000,0.000000,0.000000,odom
1785598276.165402,0.161834,0.629690,0.012176,-0.019396,0.200385,0.231752,0.186726,0.128730,0.033340,0.000000,3.000000,0.000000,0.000000,filler
1785598276.365714,0.200312,0.630822,0.014649,-0.020687,0.200170,0.230996,0.185896,0.127984,0.032866,0.000000,3.000000,0.000000,0.000000,filler
1785598276.466564,0.100850,0.629169,0.014679,-0.020492,0.199637,0.230981,0.185762,0.127715,0.032831,0.000000,3.000000,0.000000,0.000000,filler
1785598276.634329,0.167765,0.630120,0.012711,-0.019260,0.199566,0.230230,0.185055,0.127078,0.032396,0.000000,3.000000,0.000000,0.000000,odom
1785598276.707004,0.072675,0.629984,0.012763,-0.019154,0.199303,0.230186,0.184867,0.126883,0.032352,0.000000,3.000000,0.000000,0.000000,odom
1785598276.747590,0.040586,0.629984,0.012763,-0.019154,0.199307,0.230186,0.184872,0.126886,0.032353,0.000000,3.000000,0.000000,0.000000,odom
1785598276.865330,0.117740,0.631357,0.014883,-0.020448,0.199197,0.229533,0.184146,0.126275,0.031924,0.000000,3.000000,0.000000,0.000000,filler
1785598276.924282,0.058952,0.630983,0.014643,-0.020845,0.199119,0.229501,0.184051,0.126194,0.031904,0.000000,3.000000,0.000000,0.000000,odom
1785598276.925162,0.000880,0.630983,0.014643,-0.020845,0.199119,0.229501,0.184051,0.126194,0.031904,0.000000,3.000000,0.000000,0.000000,odom
1785598276.925817,0.000654,0.630983,0.014643,-0.020845,0.199119,0.229501,0.184051,0.126194,0.031904,0.000000,3.000000,0.000000,0.000000,odom
1785598276.926474,0.000658,0.630983,0.014643,-0.020845,0.199119,0.229501,0.184051,0.126194,0.031904,0.000000,3.000000,0.000000,0.000000,odom
1785598276.927119,0.000644,0.630983,0.014643,-0.020845,0.199119,0.229501,0.184051,0.126194,0.031904,0.000000,3.000000,0.000000,0.000000,odom
1785598276.927785,0.000667,0.630983,0.014643,-0.020845,0.199119,0.229501,0.184051,0.126194,0.031904,0.000000,3.000000,0.000000,0.000000,odom
1785598276.928376,0.000591,0.630983,0.014643,-0.020845,0.199119,0.229501,0.184051,0.126194,0.031904,0.000000,3.000000,0.000000,0.000000,odom
1785598276.928959,0.000583,0.630983,0.014643,-0.020845,0.199119,0.229501,0.184051,0.126194,0.031904,0.000000,3.000000,0.000000,0.000000,odom
1785598277.065431,0.136471,0.629261,0.014583,-0.020826,0.198577,0.229480,0.183914,0.125918,0.031871,0.000000,3.000000,0.000000,0.000000,filler
1785598277.165886,0.100456,0.630543,0.016663,-0.022115,0.198478,0.228882,0.183240,0.125357,0.031472,0.000000,3.000000,0.000000,0.000000,filler
1785598277.365400,0.199514,0.630647,0.014478,-0.021414,0.198345,0.228216,0.182609,0.124769,0.031085,0.000000,3.000000,0.000000,0.000000,filler
1785598277.465810,0.100410,0.630509,0.014587,-0.021206,0.198280,0.228179,0.182477,0.124679,0.031059,0.000000,3.000000,0.000000,0.000000,filler
1785598277.665300,0.199489,0.631452,0.016324,-0.022803,0.198222,0.227614,0.181868,0.124176,0.030706,0.000000,3.000000,0.000000,0.000000,filler
1785598277.765596,0.100296,0.632250,0.014682,-0.021796,0.198132,0.227036,0.181274,0.123662,0.030341,0.000000,3.000000,0.000000,0.000000,filler
1785598277.865698,0.100102,0.632163,0.014802,-0.021601,0.198130,0.227000,0.181172,0.123607,0.030324,0.000000,3.000000,0.000000,0.000000,filler
1785598277.921146,0.055448,0.633360,0.016486,-0.022550,0.198023,0.226522,0.180600,0.123142,0.029986,0.000000,3.000000,0.000000,0.000000,odom
1785598277.956781,0.035635,0.633360,0.016486,-0.022550,0.198026,0.226522,0.180604,0.123144,0.029987,0.000000,3.000000,0.000000,0.000000,odom
1785598277.985095,0.028314,0.633330,0.016477,-0.022597,0.198023,0.226491,0.180512,0.123095,0.029969,0.000000,3.000000,0.000000,0.000000,odom
1785598278.084417,0.099322,0.630992,0.016304,-0.022836,0.197493,0.226488,0.180471,0.122870,0.029955,0.000000,3.000000,0.000000,0.000000,odom
1785598278.085612,0.001195,0.630992,0.016304,-0.022836,0.197493,0.226488,0.180471,0.122870,0.029955,0.000000,3.000000,0.000000,0.000000,odom
1785598278.086325,0.000713,0.630992,0.016304,-0.022836,0.197493,0.226488,0.180471,0.122870,0.029955,0.000000,3.000000,0.000000,0.000000,odom
1785598278.086924,0.000598,0.630992,0.016304,-0.022836,0.197493,0.226488,0.180471,0.122870,0.029955,0.000000,3.000000,0.000000,0.000000,odom
1785598278.087463,0.000539,0.630992,0.016304,-0.022836,0.197493,0.226488,0.180471,0.122870,0.029955,0.000000,3.000000,0.000000,0.000000,odom
1785598278.158108,0.070646,0.630992,0.016304,-0.022836,0.197505,0.226488,0.180484,0.122880,0.029960,0.000000,3.000000,0.000000,0.000000,odom
1785598278.166897,0.008788,0.630992,0.016304,-0.022836,0.197506,0.226488,0.180485,0.122880,0.029960,0.000000,3.000000,0.000000,0.000000,odom
1785598278.167688,0.000792,0.630992,0.016304,-0.022836,0.197506,0.226488,0.180485,0.122880,0.029960,0.000000,3.000000,0.000000,0.000000,odom
1785598278.168259,0.000571,0.630992,0.016304,-0.022836,0.197506,0.226488,0.180485,0.122880,0.029960,0.000000,3.000000,0.000000,0.000000,odom
1785598278.172272,0.004012,0.630992,0.016304,-0.022836,0.197506,0.226488,0.180485,0.122880,0.029960,0.000000,3.000000,0.000000,0.000000,odom
1785598278.173067,0.000795,0.630992,0.016304,-0.022836,0.197506,0.226488,0.180485,0.122880,0.029960,0.000000,3.000000,0.000000,0.000000,odom
1785598278.173798,0.000731,0.630992,0.016304,-0.022836,0.197506,0.226488,0.180485,0.122880,0.029960,0.000000,3.000000,0.000000,0.000000,odom
1785598278.199124,0.025326,0.631718,0.014808,-0.021950,0.197406,0.225966,0.179924,0.122403,0.029621,0.000000,3.000000,0.000000,0.000000,odom
1785598278.365608,0.166484,0.631826,0.014746,-0.022048,0.197407,0.225949,0.179933,0.122399,0.029631,0.000000,3.000000,0.000000,0.000000,filler
1785598278.565996,0.200388,0.632667,0.016563,-0.023501,0.197371,0.225494,0.179449,0.122005,0.029343,0.000000,3.000000,0.000000,0.000000,filler
1785598278.615605,0.049608,0.631056,0.016524,-0.023442,0.196931,0.225484,0.179305,0.121775,0.029306,0.000000,3.000000,0.000000,0.000000,odom
1785598278.765325,0.149721,0.631698,0.015064,-0.022567,0.196898,0.225012,0.178854,0.121388,0.029015,0.000000,3.000000,0.000000,0.000000,filler
1785598278.865459,0.100134,0.631898,0.014971,-0.022752,0.196804,0.224990,0.178769,0.121311,0.029000,0.000000,3.000000,0.000000,0.000000,filler
1785598278.871548,0.006090,0.631898,0.014971,-0.022752,0.196804,0.224990,0.178769,0.121311,0.029000,0.000000,3.000000,0.000000,0.000000,odom
1785598278.872548,0.001000,0.631898,0.014971,-0.022752,0.196804,0.224990,0.178769,0.121311,0.029000,0.000000,3.000000,0.000000,0.000000,odom
1785598278.941455,0.068907,0.632429,0.016497,-0.023806,0.196726,0.224597,0.178299,0.120935,0.028719,0.000000,3.000000,0.000000,0.000000,odom
1785598278.963764,0.022309,0.632429,0.016497,-0.023806,0.196728,0.224597,0.178300,0.120936,0.028720,0.000000,3.000000,0.000000,0.000000,odom
1785598278.964486,0.000722,0.632429,0.016497,-0.023806,0.196728,0.224597,0.178300,0.120936,0.028720,0.000000,3.000000,0.000000,0.000000,odom
1785598278.965419,0.000934,0.632429,0.016497,-0.023806,0.196728,0.224597,0.178300,0.120936,0.028720,0.000000,3.000000,0.000000,0.000000,odom
1785598278.966218,0.000798,0.632429,0.016497,-0.023806,0.196728,0.224597,0.178300,0.120936,0.028720,0.000000,3.000000,0.000000,0.000000,odom
1785598278.977229,0.011011,0.632429,0.016497,-0.023806,0.196728,0.224597,0.178301,0.120937,0.028720,0.000000,3.000000,0.000000,0.000000,odom
1785598279.099907,0.122678,0.629997,0.016120,-0.024222,0.196302,0.224548,0.178086,0.120671,0.028678,0.000000,3.000000,0.000000,0.000000,odom
1785598279.101241,0.001335,0.629997,0.016120,-0.024222,0.196302,0.224548,0.178086,0.120671,0.028678,0.000000,3.000000,0.000000,0.000000,odom
1785598279.102028,0.000787,0.629997,0.016120,-0.024222,0.196302,0.224548,0.178086,0.120671,0.028678,0.000000,3.000000,0.000000,0.000000,odom
1785598279.102706,0.000678,0.629997,0.016120,-0.024222,0.196302,0.224548,0.178086,0.120671,0.028678,0.000000,3.000000,0.000000,0.000000,odom
1785598279.103312,0.000606,0.629997,0.016120,-0.024222,0.196302,0.224548,0.178086,0.120671,0.028678,0.000000,3.000000,0.000000,0.000000,odom
1785598279.103917,0.000604,0.629997,0.016120,-0.024222,0.196302,0.224548,0.178086,0.120671,0.028678,0.000000,3.000000,0.000000,0.000000,odom
1785598279.104490,0.000573,0.629997,0.016120,-0.024222,0.196302,0.224548,0.178086,0.120671,0.028678,0.000000,3.000000,0.000000,0.000000,odom
1785598279.105135,0.000645,0.630000,0.016120,-0.024206,0.196302,0.224549,0.178086,0.120671,0.028678,0.000000,3.000000,0.004000,0.024000,odom
1785598279.174398,0.069262,0.631108,0.016094,-0.022960,0.196314,0.224589,0.178099,0.120699,0.028662,0.000000,3.000000,0.016000,0.018000,odom
1785598279.175696,0.001298,0.631197,0.016092,-0.022670,0.196314,0.224592,0.178099,0.120700,0.028660,0.000000,3.000000,0.069000,0.223000,odom
1785598279.176954,0.001258,0.631302,0.016090,-0.022303,0.196314,0.224596,0.178099,0.120702,0.028658,0.000000,3.000000,0.083000,0.292000,odom
1785598279.177620,0.000666,0.631386,0.016088,-0.022220,0.196314,0.224599,0.178099,0.120703,0.028656,0.000000,3.000000,0.126000,0.124000,odom
1785598279.178291,0.000671,0.631477,0.016086,-0.022162,0.196314,0.224602,0.178099,0.120705,0.028655,0.000000,3.000000,0.136000,0.087000,odom
1785598279.179096,0.000805,0.631720,0.014319,-0.020724,0.196234,0.224179,0.177629,0.120316,0.028367,0.000000,3.000000,0.152000,0.155000,odom
1785598279.204818,0.025723,0.635630,0.014245,-0.016737,0.196235,0.224326,0.177631,0.120383,0.028294,0.000000,3.000000,0.152000,0.155000,odom
1785598279.206100,0.001281,0.635823,0.014242,-0.016467,0.196235,0.224333,0.177631,0.120386,0.028290,0.000000,3.000000,0.151000,0.211000,odom
1785598279.207217,0.001117,0.635979,0.014240,-0.016210,0.196235,0.224339,0.177631,0.120389,0.028287,0.000000,3.000000,0.140000,0.230000,odom
1785598279.208129,0.000912,0.636108,0.014238,-0.016018,0.196235,0.224344,0.177631,0.120391,0.028285,0.000000,3.000000,0.141000,0.211000,odom
1785598279.209369,0.001240,0.636287,0.014235,-0.015756,0.196235,0.224351,0.177631,0.120394,0.028281,0.000000,3.000000,0.144000,0.211000,odom
1785598279.366082,0.156713,0.634792,0.014373,-0.016768,0.196211,0.224330,0.177579,0.120357,0.028277,0.000000,3.000000,0.000000,0.000000,filler
1785598279.565721,0.199638,0.634382,0.016044,-0.015232,0.196180,0.223942,0.177127,0.120011,0.028029,0.000000,3.000000,0.000000,0.000000,filler
1785598279.665866,0.100146,0.635521,0.017026,-0.012830,0.195885,0.223938,0.177120,0.119891,0.028029,0.000000,3.000000,0.000000,0.000000,filler
1785598279.865421,0.199555,0.634474,0.019590,-0.009398,0.195855,0.223450,0.176300,0.119371,0.027727,0.000000,3.000000,0.000000,0.000000,filler
1785598279.952085,0.086664,0.647359,0.019953,0.018412,0.195680,0.223940,0.175944,0.119396,0.027394,0.000000,3.000000,0.147000,0.317000,odom
1785598279.953642,0.001557,0.647588,0.019957,0.018885,0.195680,0.223949,0.175944,0.119400,0.027389,0.000000,3.000000,0.147000,0.304000,odom
1785598279.981385,0.027743,0.651582,0.020049,0.027152,0.195682,0.224111,0.175946,0.119474,0.027315,0.000000,3.000000,0.144000,0.298000,odom
1785598279.982301,0.000916,0.651710,0.020052,0.027420,0.195682,0.224116,0.175946,0.119477,0.027313,0.000000,3.000000,0.140000,0.292000,odom
1785598280.080141,0.097840,0.665004,0.020627,0.059022,0.195707,0.224669,0.175974,0.119744,0.027070,0.000000,3.000000,0.136000,0.323000,odom
1785598280.081306,0.001165,0.665170,0.020637,0.059419,0.195707,0.224677,0.175974,0.119748,0.027067,0.000000,3.000000,0.143000,0.341000,odom
1785598280.082133,0.000827,0.665291,0.020644,0.059691,0.195707,0.224682,0.175974,0.119750,0.027064,0.000000,3.000000,0.147000,0.329000,odom
1785598280.083021,0.000888,0.665423,0.020652,0.059956,0.195707,0.224687,0.175974,0.119753,0.027062,0.000000,3.000000,0.149000,0.298000,odom
1785598280.083812,0.000791,0.665538,0.020659,0.060167,0.195707,0.224692,0.175974,0.119755,0.027060,0.000000,3.000000,0.145000,0.267000,odom
1785598280.084558,0.000746,0.665647,0.020666,0.060390,0.195707,0.224697,0.175974,0.119757,0.027058,0.000000,3.000000,0.146000,0.298000,odom
1785598280.085321,0.000763,0.665756,0.020672,0.060636,0.195707,0.224701,0.175974,0.119759,0.027056,0.000000,3.000000,0.144000,0.323000,odom
1785598280.086291,0.000971,0.665895,0.020681,0.060944,0.195707,0.224707,0.175974,0.119762,0.027053,0.000000,3.000000,0.143000,0.317000,odom
1785598280.134267,0.047976,0.672739,0.021151,0.076152,0.195714,0.225002,0.175980,0.119899,0.026925,0.000000,3.000000,0.143000,0.317000,odom
1785598280.135180,0.000912,0.672868,0.021161,0.076447,0.195714,0.225008,0.175980,0.119901,0.026922,0.000000,3.000000,0.141000,0.323000,odom
1785598280.135879,0.000699,0.672966,0.021168,0.076663,0.195714,0.225012,0.175980,0.119903,0.026921,0.000000,3.000000,0.141000,0.310000,odom
1785598280.136328,0.000450,0.673031,0.021173,0.076792,0.195714,0.225015,0.175980,0.119905,0.026919,0.000000,3.000000,0.146000,0.286000,odom
1785598280.136800,0.000471,0.673100,0.021178,0.076927,0.195714,0.225018,0.175980,0.119906,0.026918,0.000000,3.000000,0.146000,0.286000,odom
1785598280.137239,0.000439,0.673164,0.021183,0.077053,0.195714,0.225020,0.175980,0.119907,0.026917,0.000000,3.000000,0.146000,0.286000,odom
1785598280.137691,0.000452,0.673229,0.021188,0.077187,0.195714,0.225023,0.175980,0.119909,0.026915,0.000000,3.000000,0.144000,0.298000,odom
1785598280.186681,0.048990,0.680047,0.025642,0.098268,0.195545,0.225209,0.175705,0.119829,0.026746,0.000000,3.000000,0.141000,0.310000,odom
1785598280.188077,0.001396,0.680245,0.025661,0.098675,0.195545,0.225217,0.175705,0.119833,0.026742,0.000000,3.000000,0.143000,0.292000,odom
1785598280.189185,0.001108,0.680392,0.025676,0.098943,0.195545,0.225224,0.175705,0.119836,0.026739,0.000000,3.000000,0.133000,0.242000,odom
1785598280.190091,0.000906,0.680510,0.025687,0.099168,0.195545,0.225229,0.175705,0.119838,0.026737,0.000000,3.000000,0.131000,0.248000,odom
1785598280.190972,0.000881,0.680622,0.025699,0.099403,0.195545,0.225234,0.175705,0.119840,0.026735,0.000000,3.000000,0.128000,0.267000,odom
1785598280.191904,0.000932,0.680678,0.025704,0.099443,0.195545,0.225236,0.175705,0.119842,0.026734,0.000000,3.000000,0.060000,0.043000,odom
1785598280.229817,0.037913,0.682489,0.025886,0.101074,0.195549,0.225317,0.175709,0.119881,0.026700,0.000000,3.000000,0.048000,0.043000,odom
1785598280.231112,0.001295,0.682531,0.025891,0.101114,0.195549,0.225319,0.175709,0.119882,0.026699,0.000000,3.000000,0.033000,0.031000,odom
1785598280.231793,0.000682,0.682543,0.025892,0.101122,0.195549,0.225319,0.175709,0.119882,0.026699,0.000000,3.000000,0.017000,0.012000,odom
1785598280.232362,0.000568,0.682549,0.025892,0.101132,0.195549,0.225319,0.175709,0.119882,0.026699,0.000000,3.000000,0.011000,0.018000,odom
1785598280.244623,0.012261,0.682598,0.025897,0.101427,0.195549,0.225322,0.175709,0.119883,0.026698,0.000000,3.000000,0.004000,0.024000,odom
1785598280.245453,0.000830,0.682598,0.025897,0.101432,0.195549,0.225322,0.175709,0.119883,0.026698,0.000000,3.000000,0.001000,0.006000,odom
1785598280.246037,0.000584,0.682597,0.025897,0.101439,0.195549,0.225322,0.175709,0.119883,0.026698,0.000000,3.000000,-0.002000,0.012000,odom
1785598280.246579,0.000542,0.682597,0.025897,0.101442,0.195549,0.225322,0.175709,0.119883,0.026698,0.000000,3.000000,-0.001000,0.006000,odom
1785598280.247048,0.000469,0.682597,0.025897,0.101442,0.195549,0.225322,0.175709,0.119883,0.026698,0.000000,3.000000,0.000000,0.000000,odom
1785598280.257512,0.010464,0.682597,0.025897,0.101442,0.195550,0.225322,0.175710,0.119883,0.026698,0.000000,3.000000,0.000000,0.000000,odom
1785598280.258827,0.001315,0.682597,0.025897,0.101442,0.195550,0.225322,0.175710,0.119883,0.026698,0.000000,3.000000,0.000000,0.000000,odom
1785598280.259629,0.000802,0.682597,0.025897,0.101442,0.195550,0.225322,0.175710,0.119883,0.026698,0.000000,3.000000,0.000000,0.000000,odom
1785598280.260638,0.001009,0.682597,0.025897,0.101442,0.195550,0.225322,0.175710,0.119883,0.026698,0.000000,3.000000,0.000000,0.000000,odom
1785598280.276748,0.016109,0.682597,0.025897,0.101442,0.195550,0.225322,0.175710,0.119884,0.026699,0.000000,3.000000,0.000000,0.000000,odom
1785598280.277644,0.000896,0.682597,0.025897,0.101442,0.195550,0.225322,0.175710,0.119884,0.026699,0.000000,3.000000,0.000000,0.000000,odom
1785598280.278240,0.000596,0.682597,0.025897,0.101442,0.195550,0.225322,0.175710,0.119884,0.026699,0.000000,3.000000,0.000000,0.000000,odom
1785598280.318948,0.040708,0.682597,0.025897,0.101442,0.195555,0.225322,0.175715,0.119887,0.026700,0.000000,3.000000,0.000000,0.000000,odom
1785598280.320462,0.001513,0.682597,0.025897,0.101442,0.195555,0.225322,0.175715,0.119887,0.026700,0.000000,3.000000,0.000000,0.000000,odom
1785598280.370274,0.049813,0.682597,0.025897,0.101442,0.195561,0.225322,0.175722,0.119892,0.026702,0.000000,3.000000,0.000000,0.000000,odom
1785598280.371047,0.000773,0.682597,0.025897,0.101442,0.195561,0.225322,0.175722,0.119892,0.026702,0.000000,3.000000,0.000000,0.000000,odom
1785598280.375469,0.004422,0.682597,0.025897,0.101442,0.195561,0.225322,0.175722,0.119892,0.026702,0.000000,3.000000,0.000000,0.000000,odom
1785598280.565597,0.190128,0.683875,0.028025,0.105018,0.195551,0.225159,0.175413,0.119706,0.026671,0.000000,3.000000,0.000000,0.000000,filler
1785598280.765576,0.199979,0.679077,0.036487,0.113703,0.195315,0.224934,0.174976,0.119360,0.026615,0.000000,3.000000,0.000000,0.000000,filler
1785598280.955977,0.190401,0.685885,0.042378,0.150998,0.195047,0.225080,0.173321,0.118744,0.026096,0.000000,3.000000,0.044000,0.149000,odom
1785598280.971220,0.015242,0.686909,0.042536,0.153925,0.195048,0.225124,0.173322,0.118765,0.026077,0.000000,3.000000,0.068000,0.192000,odom
1785598281.025507,0.054287,0.697113,0.039954,0.159762,0.194990,0.225247,0.173026,0.118696,0.025902,0.000000,3.000000,0.150000,0.180000,odom
1785598281.027448,0.001941,0.697402,0.040001,0.160100,0.194990,0.225260,0.173026,0.118701,0.025897,0.000000,3.000000,0.151000,0.174000,odom
1785598281.028788,0.001340,0.697593,0.040031,0.160349,0.194991,0.225269,0.173026,0.118705,0.025894,0.000000,3.000000,0.144000,0.186000,odom
1785598281.030190,0.001403,0.697791,0.040064,0.160672,0.194991,0.225278,0.173026,0.118709,0.025890,0.000000,3.000000,0.143000,0.230000,odom
1785598281.031645,0.001455,0.697996,0.040097,0.161024,0.194991,0.225287,0.173026,0.118713,0.025886,0.000000,3.000000,0.143000,0.242000,odom
1785598281.151713,0.120067,0.717716,0.031244,0.163429,0.194981,0.225863,0.172841,0.118906,0.025578,0.000000,3.000000,0.138000,0.118000,odom
1785598281.153152,0.001439,0.717913,0.031277,0.163554,0.194981,0.225873,0.172841,0.118910,0.025574,0.000000,3.000000,0.139000,0.087000,odom
1785598281.239095,0.085943,0.723010,0.037852,0.174101,0.194821,0.226394,0.171920,0.118766,0.025108,0.000000,3.000000,0.144000,0.074000,odom
1785598281.240480,0.001385,0.723208,0.037886,0.174160,0.194821,0.226404,0.171920,0.118770,0.025105,0.000000,3.000000,0.145000,0.043000,odom
1785598281.241374,0.000894,0.723334,0.037909,0.174221,0.194821,0.226410,0.171920,0.118773,0.025103,0.000000,3.000000,0.143000,0.068000,odom
1785598281.242339,0.000965,0.723468,0.037932,0.174244,0.194821,0.226416,0.171920,0.118776,0.025100,0.000000,3.000000,0.141000,0.024000,odom
1785598281.308178,0.065839,0.733247,0.038021,0.176977,0.194775,0.226525,0.171589,0.118694,0.024725,0.000000,3.000000,0.145000,0.031000,odom
1785598281.465555,0.157377,0.735041,0.036429,0.175641,0.194781,0.226426,0.171613,0.118659,0.024744,0.000000,3.000000,0.000000,0.000000,filler
1785598281.665387,0.199832,0.731053,0.030810,0.173291,0.194655,0.226189,0.170644,0.118171,0.024534,0.000000,3.000000,0.000000,0.000000,filler
1785598281.765857,0.100470,0.731581,0.030362,0.173418,0.194621,0.225852,0.170362,0.117910,0.024350,0.000000,3.000000,0.000000,0.000000,filler
1785598281.865986,0.100129,0.732755,0.030006,0.173530,0.194609,0.225775,0.170383,0.117878,0.024357,0.000000,3.000000,0.000000,0.000000,filler
1785598282.011134,0.145148,0.751345,0.027194,0.140332,0.194463,0.226612,0.169363,0.117853,0.023764,0.000000,3.000000,0.151000,-0.261000,odom
1785598282.017406,0.006272,0.752258,0.027322,0.138582,0.194463,0.226659,0.169363,0.117874,0.023748,0.000000,3.000000,0.147000,-0.279000,odom
1785598282.018705,0.001298,0.752442,0.027348,0.138220,0.194463,0.226668,0.169363,0.117879,0.023745,0.000000,3.000000,0.143000,-0.279000,odom
1785598282.159455,0.140750,0.772569,0.029736,0.097966,0.194522,0.227727,0.169422,0.118402,0.023416,0.000000,3.000000,0.144000,-0.286000,odom
1785598282.160285,0.000830,0.772689,0.029747,0.097760,0.194522,0.227733,0.169422,0.118405,0.023414,0.000000,3.000000,0.146000,-0.248000,odom
1785598282.160913,0.000629,0.772784,0.029757,0.097585,0.194522,0.227739,0.169422,0.118407,0.023413,0.000000,3.000000,0.152000,-0.279000,odom
1785598282.161546,0.000632,0.772878,0.029766,0.097419,0.194522,0.227744,0.169422,0.118410,0.023411,0.000000,3.000000,0.149000,-0.261000,odom
1785598282.162316,0.000770,0.772988,0.029777,0.097205,0.194522,0.227749,0.169422,0.118412,0.023409,0.000000,3.000000,0.143000,-0.279000,odom
1785598282.162896,0.000580,0.773069,0.029784,0.097043,0.194522,0.227754,0.169422,0.118414,0.023408,0.000000,3.000000,0.140000,-0.279000,odom
1785598282.179191,0.016295,0.775388,0.030005,0.092285,0.194523,0.227879,0.169423,0.118472,0.023368,0.000000,3.000000,0.143000,-0.292000,odom
1785598282.179850,0.000659,0.775481,0.030013,0.092088,0.194523,0.227884,0.169423,0.118474,0.023367,0.000000,3.000000,0.141000,-0.298000,odom
1785598282.180301,0.000451,0.775543,0.030019,0.091957,0.194523,0.227887,0.169423,0.118476,0.023366,0.000000,3.000000,0.138000,-0.292000,odom
1785598282.180749,0.000449,0.775607,0.030025,0.091828,0.194523,0.227891,0.169423,0.118478,0.023365,0.000000,3.000000,0.144000,-0.286000,odom
1785598282.181276,0.000527,0.775683,0.030032,0.091695,0.194523,0.227895,0.169423,0.118479,0.023363,0.000000,3.000000,0.145000,-0.254000,odom
1785598282.181810,0.000535,0.775761,0.030039,0.091549,0.194523,0.227899,0.169423,0.118481,0.023362,0.000000,3.000000,0.146000,-0.273000,odom
1785598282.182384,0.000574,0.775841,0.030046,0.091410,0.194524,0.227903,0.169423,0.118483,0.023361,0.000000,3.000000,0.140000,-0.242000,odom
1785598282.182876,0.000492,0.775912,0.030053,0.091273,0.194524,0.227907,0.169423,0.118485,0.023359,0.000000,3.000000,0.145000,-0.279000,odom
1785598282.195560,0.012684,0.777731,0.030216,0.087810,0.194525,0.228006,0.169423,0.118531,0.023328,0.000000,3.000000,0.144000,-0.273000,odom
1785598282.196318,0.000759,0.777828,0.030225,0.087645,0.194525,0.228011,0.169423,0.118533,0.023327,0.000000,3.000000,0.128000,-0.217000,odom
1785598282.196948,0.000630,0.777892,0.030230,0.087587,0.194525,0.228015,0.169423,0.118535,0.023326,0.000000,3.000000,0.103000,-0.093000,odom
1785598282.197527,0.000579,0.777946,0.030235,0.087562,0.194525,0.228017,0.169423,0.118536,0.023325,0.000000,3.000000,0.093000,-0.043000,odom
1785598282.198076,0.000549,0.777979,0.030238,0.087572,0.194525,0.228019,0.169423,0.118537,0.023324,0.000000,3.000000,0.060000,0.018000,odom
1785598282.198790,0.000714,0.778006,0.030240,0.087567,0.194525,0.228021,0.169423,0.118537,0.023324,0.000000,3.000000,0.038000,-0.006000,odom
1785598282.199460,0.000670,0.778022,0.030242,0.087583,0.194525,0.228022,0.169423,0.118538,0.023323,0.000000,3.000000,0.024000,0.024000,odom
1785598282.200037,0.000577,0.778030,0.030242,0.087597,0.194525,0.228022,0.169423,0.118538,0.023323,0.000000,3.000000,0.014000,0.024000,odom
1785598282.200601,0.000564,0.778032,0.030243,0.087607,0.194525,0.228022,0.169423,0.118538,0.023323,0.000000,3.000000,0.003000,0.018000,odom
1785598282.284406,0.083804,0.778116,0.030044,0.088572,0.194486,0.227730,0.169170,0.118305,0.023163,0.000000,3.000000,-0.001000,0.006000,odom
1785598282.285188,0.000783,0.778114,0.030044,0.088582,0.194486,0.227730,0.169170,0.118305,0.023163,0.000000,3.000000,-0.002000,0.012000,odom
1785598282.285893,0.000704,0.778113,0.030044,0.088590,0.194486,0.227730,0.169170,0.118304,0.023163,0.000000,3.000000,-0.002000,0.012000,odom
1785598282.286736,0.000843,0.778111,0.030043,0.088600,0.194486,0.227730,0.169170,0.118304,0.023163,0.000000,3.000000,-0.002000,0.012000,odom
1785598282.333087,0.046351,0.778111,0.030043,0.088600,0.194492,0.227730,0.169177,0.118309,0.023165,0.000000,3.000000,0.000000,0.000000,odom
1785598282.333957,0.000870,0.778111,0.030043,0.088600,0.194492,0.227730,0.169177,0.118309,0.023165,0.000000,3.000000,0.000000,0.000000,odom
1785598282.334624,0.000667,0.778111,0.030043,0.088600,0.194492,0.227730,0.169177,0.118309,0.023165,0.000000,3.000000,0.000000,0.000000,odom
1785598282.465485,0.130861,0.780410,0.030933,0.089173,0.194503,0.227696,0.169222,0.118313,0.023173,0.000000,3.000000,0.000000,0.000000,filler
1785598282.566008,0.100523,0.775677,0.040686,0.115443,0.194336,0.227545,0.167244,0.117514,0.022746,0.000000,3.000000,0.000000,0.000000,filler
1785598282.765434,0.199425,0.770815,0.049141,0.140701,0.194135,0.227418,0.166151,0.117014,0.022504,0.000000,3.000000,0.000000,0.000000,filler
1785598282.865523,0.100089,0.770815,0.049141,0.140701,0.194161,0.227419,0.166181,0.117034,0.022513,0.000000,3.000000,0.000000,0.000000,filler
1785598282.965772,0.100248,0.770815,0.049141,0.140701,0.194186,0.227419,0.166211,0.117054,0.022521,0.000000,3.000000,0.000000,0.000000,filler
1785598283.064301,0.098530,0.784776,0.051045,0.130355,0.194218,0.228177,0.166240,0.117421,0.022303,0.000000,3.000000,0.143000,-0.105000,odom
1785598283.138516,0.074214,0.795601,0.052396,0.117961,0.194238,0.228780,0.166257,0.117710,0.022133,0.000000,3.000000,0.147000,-0.167000,odom
1785598283.139746,0.001230,0.795778,0.052417,0.117756,0.194238,0.228790,0.166257,0.117714,0.022130,0.000000,3.000000,0.145000,-0.167000,odom
1785598283.140446,0.000700,0.795880,0.052429,0.117626,0.194238,0.228795,0.166257,0.117717,0.022129,0.000000,3.000000,0.146000,-0.186000,odom
1785598283.141098,0.000652,0.795977,0.052440,0.117501,0.194238,0.228801,0.166257,0.117719,0.022127,0.000000,3.000000,0.150000,-0.192000,odom
1785598283.141688,0.000589,0.796065,0.052450,0.117380,0.194238,0.228806,0.166257,0.117722,0.022126,0.000000,3.000000,0.150000,-0.205000,odom
1785598283.142359,0.000672,0.796162,0.052462,0.117234,0.194238,0.228811,0.166257,0.117724,0.022124,0.000000,3.000000,0.145000,-0.217000,odom
1785598283.143097,0.000738,0.796268,0.052474,0.117037,0.194238,0.228817,0.166257,0.117727,0.022122,0.000000,3.000000,0.145000,-0.267000,odom
1785598283.143719,0.000622,0.796355,0.052485,0.116883,0.194238,0.228822,0.166257,0.117729,0.022121,0.000000,3.000000,0.141000,-0.248000,odom
1785598283.144344,0.000625,0.796442,0.052495,0.116735,0.194238,0.228827,0.166257,0.117732,0.022120,0.000000,3.000000,0.141000,-0.236000,odom
1785598283.144909,0.000565,0.796520,0.052504,0.116595,0.194238,0.228831,0.166257,0.117734,0.022118,0.000000,3.000000,0.139000,-0.248000,odom
1785598283.161460,0.016550,0.798937,0.052781,0.111978,0.194240,0.228968,0.166258,0.117797,0.022080,0.000000,3.000000,0.147000,-0.279000,odom
1785598283.163013,0.001553,0.799161,0.052806,0.111602,0.194240,0.228980,0.166258,0.117803,0.022076,0.000000,3.000000,0.145000,-0.242000,odom
1785598283.163581,0.000568,0.799243,0.052816,0.111464,0.194240,0.228985,0.166258,0.117805,0.022075,0.000000,3.000000,0.145000,-0.242000,odom
1785598283.164067,0.000486,0.799313,0.052823,0.111337,0.194240,0.228989,0.166258,0.117807,0.022074,0.000000,3.000000,0.144000,-0.261000,odom
1785598283.164672,0.000605,0.799397,0.052833,0.111169,0.194240,0.228994,0.166258,0.117809,0.022072,0.000000,3.000000,0.140000,-0.279000,odom
1785598283.165574,0.000902,0.799529,0.052848,0.110894,0.194240,0.229001,0.166258,0.117812,0.022070,0.000000,3.000000,0.147000,-0.304000,odom
1785598283.166415,0.000840,0.799651,0.052861,0.110654,0.194240,0.229008,0.166258,0.117816,0.022068,0.000000,3.000000,0.146000,-0.286000,odom
1785598283.166891,0.000476,0.799718,0.052869,0.110521,0.194240,0.229012,0.166258,0.117817,0.022067,0.000000,3.000000,0.143000,-0.279000,odom
1785598283.167340,0.000450,0.799781,0.052876,0.110410,0.194240,0.229015,0.166258,0.117819,0.022066,0.000000,3.000000,0.141000,-0.248000,odom
1785598283.167772,0.000432,0.799844,0.052883,0.110281,0.194240,0.229019,0.166258,0.117821,0.022065,0.000000,3.000000,0.146000,-0.298000,odom
1785598283.168251,0.000479,0.799910,0.052890,0.110141,0.194240,0.229023,0.166258,0.117822,0.022064,0.000000,3.000000,0.140000,-0.292000,odom
1785598283.168751,0.000501,0.799980,0.052898,0.110002,0.194240,0.229027,0.166258,0.117824,0.022063,0.000000,3.000000,0.140000,-0.279000,odom
1785598283.169185,0.000433,0.800043,0.052905,0.109886,0.194240,0.229030,0.166258,0.117826,0.022062,0.000000,3.000000,0.145000,-0.267000,odom
1785598283.169591,0.000406,0.800104,0.052911,0.109775,0.194240,0.229034,0.166258,0.117827,0.022061,0.000000,3.000000,0.151000,-0.273000,odom
1785598283.215667,0.046076,0.807216,0.052874,0.097547,0.194195,0.229124,0.166033,0.117776,0.021808,0.000000,3.000000,0.146000,-0.273000,odom
1785598283.217177,0.001510,0.807428,0.052894,0.097135,0.194195,0.229136,0.166033,0.117782,0.021805,0.000000,3.000000,0.141000,-0.273000,odom
1785598283.218626,0.001449,0.807637,0.052915,0.096712,0.194195,0.229148,0.166033,0.117788,0.021801,0.000000,3.000000,0.145000,-0.292000,odom
1785598283.233097,0.014471,0.809697,0.053110,0.092674,0.194197,0.229268,0.166033,0.117843,0.021769,0.000000,3.000000,0.143000,-0.279000,odom
1785598283.283758,0.050661,0.818899,0.053287,0.074395,0.194175,0.229562,0.165914,0.117930,0.021630,0.000000,3.000000,0.141000,-0.273000,odom
1785598283.284502,0.000744,0.819006,0.053295,0.074178,0.194175,0.229568,0.165914,0.117933,0.021628,0.000000,3.000000,0.145000,-0.292000,odom
1785598283.285042,0.000540,0.819085,0.053301,0.074017,0.194175,0.229573,0.165914,0.117935,0.021627,0.000000,3.000000,0.146000,-0.298000,odom
1785598283.285647,0.000605,0.819172,0.053307,0.073867,0.194175,0.229578,0.165914,0.117937,0.021625,0.000000,3.000000,0.144000,-0.248000,odom
1785598283.312532,0.026885,0.823034,0.053582,0.068195,0.194178,0.229806,0.165916,0.118044,0.021565,0.000000,3.000000,0.144000,-0.211000,odom
1785598283.465365,0.152833,0.824825,0.056605,0.072907,0.194158,0.229699,0.165824,0.117957,0.021569,0.000000,3.000000,0.000000,0.000000,filler
1785598283.565723,0.100358,0.818603,0.061886,0.080548,0.193974,0.229587,0.164389,0.117360,0.021246,0.000000,3.000000,0.000000,0.000000,filler
1785598283.765440,0.199716,0.819503,0.059235,0.079733,0.193977,0.229210,0.164287,0.117155,0.021131,0.000000,3.000000,0.000000,0.000000,filler
1785598283.965432,0.199992,0.819503,0.059235,0.079733,0.194080,0.229210,0.164408,0.117235,0.021165,0.000000,3.000000,0.000000,0.000000,filler
1785598284.065636,0.100204,0.815830,0.066224,0.084099,0.194047,0.228914,0.164307,0.117053,0.021136,0.000000,3.000000,0.000000,0.000000,filler
1785598284.122046,0.056410,0.820205,0.064748,0.060448,0.193946,0.229124,0.162692,0.116581,0.020727,0.000000,3.000000,0.143000,-0.279000,odom
1785598284.123848,0.001802,0.820466,0.064764,0.059921,0.193946,0.229139,0.162692,0.116588,0.020723,0.000000,3.000000,0.145000,-0.292000,odom
1785598284.125144,0.001296,0.820653,0.064775,0.059560,0.193946,0.229150,0.162692,0.116593,0.020720,0.000000,3.000000,0.145000,-0.279000,odom
1785598284.126391,0.001247,0.820828,0.064785,0.059212,0.193946,0.229160,0.162692,0.116598,0.020718,0.000000,3.000000,0.140000,-0.279000,odom
1785598284.127554,0.001163,0.820995,0.064795,0.058879,0.193946,0.229170,0.162692,0.116603,0.020715,0.000000,3.000000,0.144000,-0.286000,odom
1785598284.128781,0.001227,0.821175,0.064806,0.058521,0.193946,0.229181,0.162692,0.116608,0.020712,0.000000,3.000000,0.147000,-0.292000,odom
1785598284.130013,0.001233,0.821352,0.064816,0.058185,0.193946,0.229191,0.162692,0.116612,0.020710,0.000000,3.000000,0.144000,-0.273000,odom
1785598284.132441,0.002427,0.821703,0.064836,0.057507,0.193946,0.229212,0.162692,0.116622,0.020705,0.000000,3.000000,0.145000,-0.279000,odom
1785598284.135078,0.002637,0.822085,0.064858,0.056737,0.193947,0.229234,0.162692,0.116632,0.020699,0.000000,3.000000,0.145000,-0.292000,odom
1785598284.137362,0.002283,0.822411,0.064877,0.056100,0.193947,0.229253,0.162692,0.116641,0.020694,0.000000,3.000000,0.143000,-0.279000,odom
1785598284.172260,0.034899,0.827395,0.065132,0.046364,0.193951,0.229549,0.162696,0.116779,0.020621,0.000000,3.000000,0.143000,-0.279000,odom
1785598284.173121,0.000861,0.827521,0.065138,0.046102,0.193951,0.229556,0.162696,0.116783,0.020619,0.000000,3.000000,0.147000,-0.304000,odom
1785598284.173765,0.000645,0.827615,0.065142,0.045914,0.193951,0.229562,0.162696,0.116785,0.020617,0.000000,3.000000,0.145000,-0.292000,odom
1785598284.174638,0.000872,0.827738,0.065148,0.045676,0.193951,0.229569,0.162696,0.116789,0.020616,0.000000,3.000000,0.141000,-0.273000,odom
1785598284.175454,0.000816,0.827854,0.065153,0.045458,0.193951,0.229576,0.162696,0.116792,0.020614,0.000000,3.000000,0.143000,-0.267000,odom
1785598284.176983,0.001530,0.828068,0.065163,0.045069,0.193951,0.229589,0.162696,0.116798,0.020611,0.000000,3.000000,0.140000,-0.254000,odom
1785598284.178194,0.001210,0.828245,0.065171,0.044708,0.193951,0.229599,0.162696,0.116803,0.020608,0.000000,3.000000,0.146000,-0.298000,odom
1785598284.179684,0.001490,0.829607,0.066003,0.043271,0.193901,0.229315,0.162510,0.116592,0.020481,0.000000,3.000000,0.141000,-0.286000,odom
1785598284.180468,0.000784,0.829716,0.066008,0.043042,0.193901,0.229321,0.162510,0.116595,0.020479,0.000000,3.000000,0.140000,-0.292000,odom
1785598284.199013,0.018545,0.832422,0.066117,0.037738,0.193902,0.229484,0.162511,0.116671,0.020439,0.000000,3.000000,0.146000,-0.286000,odom
1785598284.199949,0.000936,0.832559,0.066122,0.037465,0.193902,0.229492,0.162511,0.116674,0.020437,0.000000,3.000000,0.147000,-0.292000,odom
1785598284.200552,0.000603,0.832646,0.066126,0.037304,0.193902,0.229498,0.162511,0.116677,0.020436,0.000000,3.000000,0.145000,-0.267000,odom
1785598284.365351,0.164799,0.828023,0.081758,0.029112,0.193905,0.229338,0.162187,0.116499,0.020370,0.000000,3.000000,0.000000,0.000000,filler
1785598284.466965,0.101614,0.824042,0.077156,-0.006214,0.193899,0.229076,0.160194,0.115735,0.019982,0.000000,3.000000,0.000000,0.000000,filler
1785598284.665263,0.198298,0.822719,0.073848,-0.037793,0.193848,0.228721,0.159393,0.115297,0.019740,0.000000,3.000000,0.000000,0.000000,filler
1785598284.683775,0.018512,0.822454,0.056909,-0.088951,0.193792,0.228395,0.155960,0.114043,0.019071,0.000000,3.000000,0.145000,-0.267000,odom
1785598284.772233,0.088458,0.835300,0.055578,-0.117523,0.193804,0.229141,0.155986,0.114397,0.018914,0.000000,3.000000,0.146000,-0.323000,odom
1785598284.853224,0.080990,0.848241,0.058618,-0.139181,0.193764,0.229520,0.155874,0.114521,0.018680,0.000000,3.000000,0.143000,-0.254000,odom
1785598284.854483,0.001259,0.848417,0.058594,-0.139525,0.193764,0.229531,0.155874,0.114526,0.018678,0.000000,3.000000,0.141000,-0.273000,odom
1785598284.965689,0.111206,0.844390,0.047322,-0.176075,0.193707,0.229477,0.155047,0.114221,0.018505,0.000000,3.000000,0.000000,0.000000,filler
1785598285.121771,0.156083,0.864677,0.019787,-0.272503,0.193615,0.229750,0.151149,0.113118,0.017528,0.000000,3.000000,0.143000,-0.279000,odom
1785598285.122653,0.000882,0.864797,0.019754,-0.272734,0.193615,0.229757,0.151149,0.113121,0.017527,0.000000,3.000000,0.141000,-0.261000,odom
1785598285.123237,0.000584,0.864878,0.019731,-0.272914,0.193615,0.229762,0.151149,0.113123,0.017526,0.000000,3.000000,0.144000,-0.310000,odom
1785598285.123747,0.000510,0.864948,0.019712,-0.273076,0.193615,0.229766,0.151149,0.113125,0.017525,0.000000,3.000000,0.143000,-0.317000,odom
1785598285.124268,0.000521,0.865018,0.019692,-0.273218,0.193614,0.229770,0.151149,0.113127,0.017524,0.000000,3.000000,0.139000,-0.273000,odom
1785598285.124750,0.000481,0.865086,0.019673,-0.273353,0.193614,0.229775,0.151149,0.113129,0.017524,0.000000,3.000000,0.147000,-0.279000,odom
1785598285.125258,0.000509,0.865158,0.019653,-0.273495,0.193614,0.229779,0.151149,0.113131,0.017523,0.000000,3.000000,0.147000,-0.279000,odom
1785598285.265926,0.140668,0.863389,0.015220,-0.286001,0.193622,0.229765,0.151014,0.113086,0.017500,0.000000,3.000000,0.000000,0.000000,filler
1785598285.417654,0.151727,0.884576,0.007488,-0.334322,0.193564,0.230410,0.150118,0.113091,0.017095,0.000000,3.000000,0.139000,-0.273000,odom
1785598285.418904,0.001250,0.884740,0.007431,-0.334664,0.193563,0.230420,0.150118,0.113096,0.017094,0.000000,3.000000,0.139000,-0.273000,odom
1785598285.419859,0.000956,0.884872,0.007385,-0.334943,0.193563,0.230428,0.150118,0.113099,0.017092,0.000000,3.000000,0.147000,-0.292000,odom
1785598285.420735,0.000876,0.884996,0.007342,-0.335214,0.193563,0.230436,0.150118,0.113103,0.017091,0.000000,3.000000,0.149000,-0.310000,odom
1785598285.422040,0.001305,0.885173,0.007280,-0.335603,0.193563,0.230447,0.150118,0.113108,0.017089,0.000000,3.000000,0.144000,-0.298000,odom
1785598285.423540,0.001500,0.885368,0.007212,-0.336004,0.193562,0.230458,0.150118,0.113113,0.017087,0.000000,3.000000,0.138000,-0.267000,odom
1785598285.424734,0.001194,0.885532,0.007155,-0.336322,0.193562,0.230468,0.150118,0.113117,0.017085,0.000000,3.000000,0.145000,-0.267000,odom
1785598285.425869,0.001136,0.885689,0.007100,-0.336626,0.193562,0.230478,0.150118,0.113122,0.017083,0.000000,3.000000,0.147000,-0.267000,odom
1785598285.426909,0.001039,0.885833,0.007050,-0.336897,0.193562,0.230487,0.150118,0.113126,0.017082,0.000000,3.000000,0.146000,-0.261000,odom
1785598285.437409,0.010500,0.887259,0.006548,-0.339763,0.193559,0.230573,0.150119,0.113165,0.017066,0.000000,3.000000,0.144000,-0.273000,odom
1785598285.439355,0.001946,0.887529,0.006453,-0.340332,0.193559,0.230590,0.150119,0.113172,0.017063,0.000000,3.000000,0.147000,-0.292000,odom
1785598285.440627,0.001272,0.887704,0.006390,-0.340663,0.193559,0.230600,0.150119,0.113177,0.017061,0.000000,3.000000,0.146000,-0.261000,odom
1785598285.441805,0.001179,0.887860,0.006335,-0.340971,0.193558,0.230610,0.150119,0.113181,0.017059,0.000000,3.000000,0.141000,-0.261000,odom
1785598285.443492,0.001687,0.888089,0.006254,-0.341454,0.193558,0.230624,0.150119,0.113188,0.017057,0.000000,3.000000,0.144000,-0.286000,odom
1785598285.445243,0.001750,0.888328,0.006169,-0.341986,0.193558,0.230638,0.150119,0.113194,0.017054,0.000000,3.000000,0.145000,-0.304000,odom
1785598285.446783,0.001540,0.888540,0.006093,-0.342426,0.193557,0.230651,0.150119,0.113200,0.017052,0.000000,3.000000,0.146000,-0.286000,odom
1785598285.447914,0.001130,0.888694,0.006038,-0.342721,0.193557,0.230660,0.150119,0.113204,0.017050,0.000000,3.000000,0.144000,-0.261000,odom
1785598285.449787,0.001874,0.888953,0.005946,-0.343268,0.193557,0.230676,0.150119,0.113211,0.017047,0.000000,3.000000,0.147000,-0.292000,odom
1785598285.565502,0.115715,0.890536,0.006422,-0.344783,0.193544,0.230366,0.150071,0.113049,0.016990,0.000000,3.000000,0.000000,0.000000,filler
1785598285.665763,0.100260,0.890886,0.003993,-0.346291,0.193538,0.229978,0.149974,0.112839,0.016898,0.000000,3.000000,0.000000,0.000000,filler
1785598285.866136,0.200374,0.881940,-0.014164,-0.414371,0.193528,0.228760,0.144961,0.110798,0.016115,0.000000,3.000000,0.000000,0.000000,filler
1785598285.921996,0.055859,0.890457,-0.019447,-0.432899,0.193474,0.228842,0.144891,0.110794,0.015990,0.000000,3.000000,0.139000,-0.298000,odom
1785598285.923168,0.001173,0.890613,-0.019519,-0.433242,0.193473,0.228851,0.144891,0.110798,0.015989,0.000000,3.000000,0.147000,-0.292000,odom
1785598285.923891,0.000722,0.890708,-0.019563,-0.433439,0.193473,0.228856,0.144891,0.110801,0.015988,0.000000,3.000000,0.144000,-0.273000,odom
1785598285.924646,0.000755,0.890804,-0.019608,-0.433636,0.193473,0.228862,0.144891,0.110803,0.015987,0.000000,3.000000,0.141000,-0.261000,odom
1785598285.925515,0.000869,0.890919,-0.019661,-0.433868,0.193473,0.228869,0.144891,0.110806,0.015986,0.000000,3.000000,0.145000,-0.267000,odom
1785598285.926630,0.001115,0.891069,-0.019730,-0.434187,0.193472,0.228878,0.144891,0.110810,0.015984,0.000000,3.000000,0.149000,-0.286000,odom
1785598285.927548,0.000918,0.891190,-0.019786,-0.434443,0.193472,0.228885,0.144891,0.110813,0.015983,0.000000,3.000000,0.145000,-0.279000,odom
1785598286.030911,0.103362,0.902852,-0.042278,-0.497497,0.193349,0.229555,0.144116,0.110849,0.015710,0.000000,3.000000,0.145000,-0.304000,odom
1785598286.031759,0.000847,0.902957,-0.042335,-0.497729,0.193349,0.229561,0.144116,0.110851,0.015709,0.000000,3.000000,0.141000,-0.273000,odom
1785598286.032484,0.000725,0.903050,-0.042385,-0.497918,0.193348,0.229567,0.144116,0.110854,0.015708,0.000000,3.000000,0.146000,-0.261000,odom
1785598286.033243,0.000760,0.903147,-0.042438,-0.498130,0.193348,0.229573,0.144116,0.110856,0.015707,0.000000,3.000000,0.145000,-0.279000,odom
1785598286.033857,0.000614,0.903224,-0.042480,-0.498294,0.193348,0.229577,0.144116,0.110858,0.015706,0.000000,3.000000,0.143000,-0.267000,odom
1785598286.034534,0.000677,0.903309,-0.042526,-0.498483,0.193348,0.229582,0.144116,0.110861,0.015705,0.000000,3.000000,0.143000,-0.279000,odom
1785598286.165484,0.130949,0.900039,-0.066525,-0.539617,0.193322,0.228980,0.141376,0.109793,0.015278,0.000000,3.000000,0.000000,0.000000,filler
1785598286.210515,0.045031,0.905617,-0.069920,-0.553892,0.193308,0.229303,0.141383,0.109937,0.015230,0.000000,3.000000,0.145000,-0.317000,odom
1785598286.365405,0.154890,0.905617,-0.069920,-0.553892,0.193353,0.229318,0.141468,0.109985,0.015253,0.000000,3.000000,0.000000,0.000000,filler
1785598286.438723,0.073318,0.915524,-0.078921,-0.576367,0.193295,0.229491,0.141412,0.110027,0.015126,0.000000,3.000000,0.144000,-0.286000,odom
1785598286.439554,0.000832,0.915621,-0.078984,-0.576573,0.193295,0.229497,0.141412,0.110029,0.015125,0.000000,3.000000,0.139000,-0.248000,odom
1785598286.566343,0.126789,0.915621,-0.078984,-0.576573,0.193324,0.229507,0.141469,0.110061,0.015140,0.000000,3.000000,0.000000,0.000000,filler
1785598286.766111,0.199768,0.915621,-0.078984,-0.576573,0.193397,0.229533,0.141610,0.110141,0.015177,0.000000,3.000000,0.000000,0.000000,filler
1785598286.915109,0.148998,0.934448,-0.095108,-0.624158,0.193350,0.230278,0.141615,0.110467,0.014984,0.000000,3.000000,0.146000,-0.310000,odom
1785598287.065653,0.150544,0.935618,-0.097425,-0.625410,0.193354,0.230204,0.141567,0.110421,0.014982,0.000000,3.000000,0.000000,0.000000,filler
1785598287.096193,0.030541,0.939665,-0.102356,-0.634508,0.193308,0.230073,0.141498,0.110323,0.014899,0.000000,3.000000,0.146000,-0.298000,odom
1785598287.098377,0.002183,0.939904,-0.102532,-0.635050,0.193308,0.230087,0.141498,0.110330,0.014897,0.000000,3.000000,0.136000,-0.248000,odom
1785598287.099426,0.001049,0.939993,-0.102597,-0.635147,0.193308,0.230093,0.141498,0.110332,0.014896,0.000000,3.000000,0.105000,-0.093000,odom
1785598287.100161,0.000735,0.940038,-0.102631,-0.635130,0.193308,0.230095,0.141498,0.110333,0.014896,0.000000,3.000000,0.077000,0.024000,odom
1785598287.100846,0.000684,0.940068,-0.102653,-0.635104,0.193308,0.230097,0.141498,0.110334,0.014896,0.000000,3.000000,0.054000,0.037000,odom
1785598287.101529,0.000684,0.940084,-0.102664,-0.635096,0.193308,0.230098,0.141498,0.110335,0.014895,0.000000,3.000000,0.029000,0.012000,odom
1785598287.102183,0.000654,0.940093,-0.102671,-0.635080,0.193308,0.230099,0.141498,0.110335,0.014895,0.000000,3.000000,0.017000,0.024000,odom
1785598287.103103,0.000920,0.940098,-0.102675,-0.635058,0.193308,0.230099,0.141498,0.110335,0.014895,0.000000,3.000000,0.007000,0.024000,odom
1785598287.103940,0.000837,0.940097,-0.102674,-0.635048,0.193308,0.230099,0.141498,0.110335,0.014895,0.000000,3.000000,-0.002000,0.012000,odom
1785598287.105279,0.001339,0.940095,-0.102672,-0.635032,0.193308,0.230099,0.141498,0.110335,0.014895,0.000000,3.000000,-0.002000,0.012000,odom
1785598287.106805,0.001527,0.940092,-0.102670,-0.635014,0.193308,0.230099,0.141498,0.110335,0.014895,0.000000,3.000000,-0.002000,0.012000,odom
1785598287.108019,0.001213,0.940090,-0.102669,-0.634999,0.193308,0.230099,0.141498,0.110335,0.014895,0.000000,3.000000,-0.002000,0.012000,odom
1785598287.265282,0.157263,0.940090,-0.102669,-0.634999,0.193349,0.230117,0.141585,0.110384,0.014918,0.000000,3.000000,0.000000,0.000000,filler
1785598287.365367,0.100085,0.944916,-0.090775,-0.648845,0.193330,0.230001,0.141351,0.110257,0.014834,0.000000,3.000000,0.000000,0.000000,filler
1785598287.371174,0.005807,0.944916,-0.090775,-0.648845,0.193330,0.230001,0.141351,0.110257,0.014834,0.000000,3.000000,0.000000,0.000000,odom
1785598287.372002,0.000827,0.944916,-0.090775,-0.648845,0.193330,0.230001,0.141351,0.110257,0.014834,0.000000,3.000000,0.000000,0.000000,odom
1785598287.565452,0.193450,0.948128,-0.083782,-0.649071,0.193333,0.228143,0.139089,0.108773,0.014592,0.000000,3.000000,0.000000,0.000000,filler
1785598287.765335,0.199883,0.953316,-0.054401,-0.646327,0.193363,0.227851,0.139174,0.108675,0.014602,0.000000,3.000000,0.000000,0.000000,filler
1785598287.865923,0.100587,0.954226,-0.047657,-0.643550,0.193374,0.227434,0.138532,0.108311,0.014532,0.000000,3.000000,0.000000,0.000000,filler
1785598287.924183,0.058261,0.963690,-0.057296,-0.639695,0.193364,0.227793,0.138343,0.108418,0.014439,0.000000,3.000000,0.145000,0.304000,odom
1785598288.065476,0.141292,0.964832,-0.055339,-0.644474,0.193393,0.227249,0.137591,0.107974,0.014370,0.000000,3.000000,0.000000,0.000000,filler
1785598288.076935,0.011459,0.966070,-0.056267,-0.641701,0.193392,0.227320,0.137591,0.108006,0.014360,0.000000,3.000000,0.135000,0.242000,odom
1785598288.078153,0.001218,0.966127,-0.056310,-0.641672,0.193392,0.227323,0.137591,0.108008,0.014359,0.000000,3.000000,0.059000,0.024000,odom
1785598288.079039,0.000886,0.966159,-0.056333,-0.641628,0.193392,0.227325,0.137591,0.108008,0.014359,0.000000,3.000000,0.044000,0.049000,odom
1785598288.079760,0.000721,0.966174,-0.056345,-0.641602,0.193392,0.227326,0.137591,0.108009,0.014359,0.000000,3.000000,0.027000,0.037000,odom
1785598288.080340,0.000580,0.966184,-0.056353,-0.641573,0.193392,0.227327,0.137591,0.108009,0.014359,0.000000,3.000000,0.022000,0.049000,odom
1785598288.080904,0.000565,0.966211,-0.056372,-0.641500,0.193392,0.227328,0.137591,0.108010,0.014358,0.000000,3.000000,0.058000,0.130000,odom
1785598288.081744,0.000839,0.966273,-0.056418,-0.641365,0.193392,0.227332,0.137591,0.108011,0.014358,0.000000,3.000000,0.092000,0.161000,odom
1785598288.265355,0.183612,0.966273,-0.056418,-0.641365,0.193448,0.227358,0.137714,0.108079,0.014389,0.000000,3.000000,0.000000,0.000000,filler
1785598288.365635,0.100280,0.966524,-0.059378,-0.641028,0.193425,0.227081,0.137680,0.107935,0.014351,0.000000,3.000000,0.000000,0.000000,filler
1785598288.459338,0.093702,0.976189,-0.062867,-0.646245,0.193425,0.227109,0.136999,0.107760,0.014194,0.000000,3.000000,0.145000,-0.143000,odom
1785598288.460493,0.001155,0.976322,-0.062968,-0.646410,0.193425,0.227117,0.136999,0.107764,0.014193,0.000000,3.000000,0.145000,-0.143000,odom
1785598288.483511,0.023019,0.980689,-0.079966,-0.673651,0.193418,0.226464,0.135751,0.107125,0.014033,0.000000,3.000000,0.143000,-0.167000,odom
1785598288.563898,0.080387,0.989484,-0.087116,-0.691577,0.193427,0.226970,0.135775,0.107364,0.013964,0.000000,3.000000,0.141000,-0.223000,odom
1785598288.665473,0.101575,0.989484,-0.087116,-0.691577,0.193443,0.226979,0.135813,0.107385,0.013973,0.000000,3.000000,0.000000,0.000000,filler
1785598288.682578,0.017105,0.991342,-0.088653,-0.691167,0.193444,0.227085,0.135814,0.107434,0.013958,0.000000,3.000000,0.141000,0.024000,odom
1785598288.683404,0.000826,0.991427,-0.088724,-0.691115,0.193444,0.227090,0.135814,0.107436,0.013957,0.000000,3.000000,0.134000,0.062000,odom
1785598288.866079,0.182675,0.991427,-0.088724,-0.691115,0.193495,0.227120,0.135937,0.107503,0.013988,0.000000,3.000000,0.000000,0.000000,filler
1785598288.914069,0.047989,0.997029,-0.094837,-0.677004,0.193461,0.227152,0.135872,0.107487,0.013899,0.000000,3.000000,0.141000,0.286000,odom
1785598289.036555,0.122486,1.010872,-0.098305,-0.627750,0.193493,0.227268,0.134790,0.107258,0.013672,0.000000,3.000000,0.144000,0.323000,odom
1785598289.037261,0.000706,1.010952,-0.098363,-0.627536,0.193493,0.227272,0.134790,0.107261,0.013672,0.000000,3.000000,0.140000,0.304000,odom
1785598289.037726,0.000465,1.011006,-0.098402,-0.627392,0.193493,0.227275,0.134790,0.107262,0.013671,0.000000,3.000000,0.144000,0.310000,odom
1785598289.038302,0.000576,1.011074,-0.098451,-0.627209,0.193493,0.227279,0.134790,0.107264,0.013671,0.000000,3.000000,0.145000,0.317000,odom
1785598289.165164,0.126861,1.011074,-0.098451,-0.627209,0.193520,0.227292,0.134849,0.107296,0.013685,0.000000,3.000000,0.000000,0.000000,filler
1785598289.265628,0.100464,1.011074,-0.098451,-0.627209,0.193538,0.227299,0.134887,0.107316,0.013695,0.000000,3.000000,0.000000,0.000000,filler
1785598289.365709,0.100081,1.011074,-0.098451,-0.627209,0.193555,0.227307,0.134924,0.107336,0.013704,0.000000,3.000000,0.000000,0.000000,filler
1785598289.389396,0.023687,1.014059,-0.099874,-0.622045,0.193518,0.227183,0.134852,0.107246,0.013639,0.000000,3.000000,0.131000,0.211000,odom
1785598289.390077,0.000681,1.014120,-0.099918,-0.621974,0.193518,0.227186,0.134852,0.107248,0.013638,0.000000,3.000000,0.110000,0.105000,odom
1785598289.390625,0.000549,1.014154,-0.099942,-0.621944,0.193518,0.227188,0.134852,0.107249,0.013638,0.000000,3.000000,0.075000,0.055000,odom
1785598289.526156,0.135531,1.012810,-0.113804,-0.627710,0.193547,0.226306,0.133794,0.106576,0.013554,0.000000,3.000000,-0.001000,0.018000,odom
1785598289.601888,0.075732,1.012687,-0.113715,-0.626801,0.193556,0.226304,0.133816,0.106584,0.013560,0.000000,3.000000,-0.002000,0.012000,odom
1785598289.603245,0.001357,1.012685,-0.113713,-0.626785,0.193556,0.226304,0.133816,0.106584,0.013560,0.000000,3.000000,-0.002000,0.012000,odom
1785598289.765490,0.162245,1.013261,-0.112860,-0.626532,0.193559,0.226054,0.133840,0.106479,0.013543,0.000000,3.000000,0.000000,0.000000,filler
1785598289.952251,0.186761,1.013486,-0.110386,-0.624031,0.193568,0.224707,0.132201,0.105439,0.013368,0.000000,3.000000,0.000000,0.000000,odom
1785598289.953187,0.000935,1.013486,-0.110386,-0.624031,0.193568,0.224707,0.132201,0.105439,0.013368,0.000000,3.000000,0.000000,0.000000,odom
1785598290.054881,0.101694,1.012736,-0.121290,-0.630746,0.193582,0.222870,0.129612,0.103944,0.013118,0.000000,3.000000,0.000000,0.000000,odom
1785598290.056400,0.001519,1.012736,-0.121290,-0.630746,0.193582,0.222870,0.129612,0.103944,0.013118,0.000000,3.000000,0.000000,0.000000,odom
1785598290.057403,0.001003,1.012736,-0.121290,-0.630746,0.193582,0.222870,0.129612,0.103944,0.013118,0.000000,3.000000,0.000000,0.000000,odom
1785598290.058570,0.001167,1.012736,-0.121290,-0.630746,0.193582,0.222870,0.129612,0.103944,0.013118,0.000000,3.000000,0.000000,0.000000,odom
1785598290.165416,0.106846,1.013477,-0.120002,-0.630533,0.193561,0.222661,0.129573,0.103833,0.013090,0.000000,3.000000,0.000000,0.000000,filler
1785598290.265736,0.100320,1.013477,-0.120002,-0.630533,0.193578,0.222669,0.129612,0.103853,0.013099,0.000000,3.000000,0.000000,0.000000,filler
1785598290.432247,0.166512,1.013477,-0.120002,-0.630533,0.193625,0.222691,0.129719,0.103909,0.013125,0.000000,3.000000,0.000000,0.000000,odom
1785598290.433221,0.000973,1.013477,-0.120002,-0.630533,0.193625,0.222691,0.129719,0.103909,0.013125,0.000000,3.000000,0.000000,0.000000,odom
1785598290.565187,0.131966,1.013789,-0.118814,-0.629333,0.193643,0.221874,0.128547,0.103250,0.013014,0.000000,3.000000,0.000000,0.000000,filler
1785598290.571483,0.006296,1.014533,-0.119355,-0.628635,0.193643,0.221911,0.128547,0.103267,0.013009,0.000000,3.000000,0.146000,0.111000,odom
1785598290.656358,0.084875,1.024780,-0.125649,-0.610106,0.193629,0.222226,0.128490,0.103386,0.012902,0.000000,3.000000,0.144000,0.198000,odom
1785598290.657613,0.001255,1.024929,-0.125753,-0.609818,0.193629,0.222233,0.128490,0.103389,0.012901,0.000000,3.000000,0.145000,0.230000,odom
1785598290.765651,0.108038,1.025168,-0.122077,-0.607374,0.193648,0.221883,0.128024,0.103122,0.012859,0.000000,3.000000,0.000000,0.000000,filler
1785598290.865793,0.100142,1.025266,-0.121759,-0.605743,0.193626,0.221692,0.127978,0.103017,0.012832,0.000000,3.000000,0.000000,0.000000,filler
1785598290.942459,0.076666,1.034635,-0.128006,-0.584535,0.193651,0.222166,0.127998,0.103242,0.012767,0.000000,3.000000,0.144000,0.286000,odom
1785598290.943258,0.000798,1.034728,-0.128067,-0.584337,0.193651,0.222171,0.127998,0.103244,0.012767,0.000000,3.000000,0.139000,0.248000,odom
1785598291.065344,0.122087,1.034285,-0.128504,-0.582816,0.193639,0.221990,0.127973,0.103152,0.012745,0.000000,3.000000,0.000000,0.000000,filler
1785598291.074617,0.009273,1.035401,-0.129237,-0.579589,0.193641,0.222048,0.127973,0.103179,0.012737,0.000000,3.000000,0.144000,0.348000,odom
1785598291.075727,0.001110,1.035536,-0.129325,-0.579224,0.193641,0.222055,0.127973,0.103182,0.012736,0.000000,3.000000,0.145000,0.329000,odom
1785598291.076980,0.001253,1.035683,-0.129421,-0.578843,0.193641,0.222062,0.127973,0.103186,0.012735,0.000000,3.000000,0.140000,0.304000,odom
1785598291.078279,0.001299,1.035838,-0.129523,-0.578448,0.193641,0.222070,0.127973,0.103189,0.012733,0.000000,3.000000,0.143000,0.304000,odom
1785598291.087126,0.008847,1.037241,-0.128274,-0.575042,0.193643,0.222051,0.127880,0.103157,0.012716,0.000000,3.000000,0.147000,0.304000,odom
1785598291.088044,0.000917,1.037353,-0.128347,-0.574792,0.193643,0.222057,0.127880,0.103160,0.012715,0.000000,3.000000,0.146000,0.273000,odom
1785598291.088873,0.000829,1.037455,-0.128413,-0.574540,0.193643,0.222062,0.127880,0.103162,0.012715,0.000000,3.000000,0.147000,0.304000,odom
1785598291.265230,0.176358,1.036686,-0.129304,-0.573204,0.193661,0.221890,0.127919,0.103103,0.012709,0.000000,3.000000,0.000000,0.000000,filler
1785598291.309924,0.044694,1.043068,-0.124528,-0.555777,0.193670,0.222014,0.127842,0.103141,0.012665,0.000000,3.000000,0.144000,0.298000,odom
1785598291.311603,0.001678,1.043274,-0.124655,-0.555235,0.193670,0.222024,0.127842,0.103146,0.012663,0.000000,3.000000,0.144000,0.323000,odom
1785598291.312527,0.000924,1.043384,-0.124724,-0.554936,0.193670,0.222030,0.127842,0.103149,0.012663,0.000000,3.000000,0.141000,0.323000,odom
1785598291.465375,0.152848,1.043458,-0.126154,-0.556124,0.193713,0.221627,0.127371,0.102867,0.012631,0.000000,3.000000,0.000000,0.000000,filler
1785598291.466699,0.001324,1.043603,-0.126244,-0.555829,0.193713,0.221635,0.127371,0.102870,0.012630,0.000000,3.000000,0.129000,0.223000,odom
1785598291.467337,0.000638,1.043669,-0.126285,-0.555663,0.193713,0.221638,0.127371,0.102872,0.012629,0.000000,3.000000,0.121000,0.261000,odom
1785598291.549924,0.082587,1.043809,-0.126372,-0.554672,0.193726,0.221649,0.127398,0.102889,0.012634,0.000000,3.000000,0.002000,0.012000,odom
1785598291.652789,0.102865,1.047269,-0.117098,-0.548957,0.193708,0.221443,0.126777,0.102632,0.012517,0.000000,3.000000,0.000000,0.000000,odom
1785598291.654249,0.001460,1.047269,-0.117098,-0.548957,0.193708,0.221443,0.126777,0.102632,0.012517,0.000000,3.000000,0.000000,0.000000,odom
1785598291.655553,0.001304,1.047269,-0.117098,-0.548957,0.193708,0.221443,0.126777,0.102632,0.012517,0.000000,3.000000,0.000000,0.000000,odom
1785598291.765622,0.110069,1.047849,-0.115655,-0.546627,0.193720,0.221229,0.126708,0.102525,0.012512,0.000000,3.000000,0.000000,0.000000,filler
1785598291.866356,0.100735,1.040538,-0.107958,-0.508453,0.193465,0.221043,0.124422,0.101769,0.012076,0.000000,3.000000,0.000000,0.000000,filler
1785598291.966454,0.100098,1.039842,-0.100552,-0.499549,0.193476,0.220681,0.123522,0.101391,0.011965,0.000000,3.000000,0.000000,0.000000,filler
1785598292.037068,0.070613,1.039794,-0.099801,-0.497753,0.193486,0.220674,0.123440,0.101371,0.011952,0.000000,3.000000,0.000000,0.000000,odom
1785598292.125130,0.088063,1.039244,-0.102303,-0.495792,0.193466,0.220523,0.123398,0.101286,0.011925,0.000000,3.000000,0.003000,0.006000,odom
1785598292.125850,0.000720,1.039277,-0.102321,-0.495685,0.193466,0.220524,0.123398,0.101287,0.011925,0.000000,3.000000,0.052000,0.149000,odom
1785598292.126468,0.000618,1.039322,-0.102346,-0.495547,0.193466,0.220526,0.123398,0.101288,0.011924,0.000000,3.000000,0.084000,0.223000,odom
1785598292.265688,0.139219,1.042773,-0.093649,-0.509779,0.193489,0.220479,0.123241,0.101237,0.011872,0.000000,3.000000,0.000000,0.000000,filler
1785598292.273323,0.007636,1.043746,-0.094192,-0.508168,0.193491,0.220528,0.123241,0.101260,0.011865,0.000000,3.000000,0.146000,0.211000,odom
1785598292.274759,0.001436,1.043927,-0.094292,-0.507829,0.193491,0.220537,0.123241,0.101264,0.011864,0.000000,3.000000,0.144000,0.236000,odom
1785598292.275784,0.001024,1.044056,-0.094365,-0.507556,0.193492,0.220543,0.123241,0.101267,0.011863,0.000000,3.000000,0.145000,0.267000,odom
1785598292.426348,0.150565,1.060198,-0.094958,-0.439179,0.193371,0.220454,0.120615,0.100540,0.011369,0.000000,3.000000,0.146000,0.273000,odom
1785598292.427419,0.001071,1.060339,-0.095024,-0.438881,0.193371,0.220461,0.120615,0.100543,0.011368,0.000000,3.000000,0.145000,0.279000,odom
1785598292.450554,0.023134,1.063338,-0.096420,-0.432125,0.193377,0.220609,0.120617,0.100612,0.011350,0.000000,3.000000,0.143000,0.292000,odom
1785598292.557294,0.106740,1.077671,-0.096386,-0.395779,0.193415,0.220778,0.119818,0.100509,0.011145,0.000000,3.000000,0.145000,0.329000,odom
1785598292.558784,0.001490,1.077865,-0.096467,-0.395353,0.193415,0.220788,0.119818,0.100513,0.011144,0.000000,3.000000,0.141000,0.286000,odom
1785598292.665418,0.106634,1.077045,-0.094112,-0.392970,0.193424,0.220217,0.119061,0.100084,0.011074,0.000000,3.000000,0.000000,0.000000,filler
1785598292.666538,0.001120,1.077199,-0.094176,-0.392664,0.193425,0.220225,0.119061,0.100088,0.011073,0.000000,3.000000,0.149000,0.273000,odom
1785598292.667193,0.000655,1.077288,-0.094213,-0.392465,0.193425,0.220229,0.119061,0.100090,0.011073,0.000000,3.000000,0.147000,0.304000,odom
1785598292.667706,0.000514,1.077357,-0.094241,-0.392302,0.193425,0.220233,0.119061,0.100091,0.011072,0.000000,3.000000,0.145000,0.317000,odom
1785598292.865603,0.197897,1.071640,-0.092146,-0.384598,0.193272,0.219550,0.116489,0.099126,0.010696,0.000000,3.000000,0.000000,0.000000,filler
1785598293.019925,0.154322,1.086462,-0.098944,-0.333480,0.193163,0.220089,0.114836,0.098939,0.010349,0.000000,3.000000,0.149000,0.310000,odom
1785598293.039970,0.020045,1.089288,-0.099913,-0.327266,0.193168,0.220222,0.114838,0.099000,0.010334,0.000000,3.000000,0.149000,0.310000,odom
1785598293.093350,0.053380,1.095789,-0.099527,-0.303393,0.193150,0.220344,0.114175,0.098894,0.010195,0.000000,3.000000,0.143000,0.317000,odom
1785598293.265461,0.172111,1.095789,-0.099527,-0.303393,0.193220,0.220350,0.114305,0.098954,0.010222,0.000000,3.000000,0.000000,0.000000,filler
1785598293.315070,0.049609,1.102622,-0.101611,-0.288609,0.193236,0.220674,0.114315,0.099105,0.010188,0.000000,3.000000,0.144000,0.298000,odom
1785598293.316194,0.001124,1.102778,-0.101657,-0.288268,0.193236,0.220681,0.114315,0.099108,0.010187,0.000000,3.000000,0.145000,0.304000,odom
1785598293.465307,0.149113,1.102778,-0.101657,-0.288268,0.193289,0.220685,0.114413,0.099153,0.010208,0.000000,3.000000,0.000000,0.000000,filler
1785598293.499341,0.034035,1.107162,-0.103885,-0.277286,0.193265,0.220581,0.114355,0.099084,0.010141,0.000000,3.000000,0.146000,0.310000,odom
1785598293.630286,0.130945,1.124486,-0.110416,-0.242086,0.193310,0.221338,0.114231,0.099408,0.010038,0.000000,3.000000,0.144000,0.286000,odom
1785598293.631882,0.001596,1.124707,-0.110471,-0.241580,0.193310,0.221349,0.114231,0.099413,0.010037,0.000000,3.000000,0.143000,0.317000,odom
1785598293.706339,0.074457,1.131923,-0.113283,-0.219878,0.193189,0.221731,0.113325,0.099329,0.009847,0.000000,3.000000,0.146000,0.286000,odom
1785598293.707685,0.001345,1.132112,-0.113325,-0.219461,0.193190,0.221740,0.113325,0.099333,0.009846,0.000000,3.000000,0.144000,0.310000,odom
1785598293.709124,0.001440,1.132318,-0.113371,-0.218970,0.193190,0.221750,0.113325,0.099338,0.009845,0.000000,3.000000,0.147000,0.341000,odom
1785598293.865543,0.156419,1.130848,-0.109468,-0.213612,0.193237,0.221541,0.113136,0.099221,0.009820,0.000000,3.000000,0.000000,0.000000,filler
1785598293.965999,0.100456,1.130253,-0.111076,-0.213252,0.193229,0.221191,0.113125,0.099060,0.009787,0.000000,3.000000,0.000000,0.000000,filler
1785598293.987145,0.021146,1.133300,-0.112401,-0.208379,0.193222,0.221243,0.112985,0.099049,0.009755,0.000000,3.000000,0.151000,0.310000,odom
1785598294.073802,0.086657,1.145541,-0.114824,-0.182555,0.193254,0.221844,0.113018,0.099335,0.009699,0.000000,3.000000,0.144000,0.298000,odom
1785598294.113114,0.039311,1.148880,-0.116929,-0.172233,0.193247,0.222013,0.112744,0.099345,0.009637,0.000000,3.000000,0.141000,0.335000,odom
1785598294.203175,0.090061,1.161295,-0.121357,-0.144684,0.193245,0.222308,0.112728,0.099472,0.009540,0.000000,3.000000,0.144000,0.298000,odom
1785598294.288010,0.084836,1.172423,-0.124006,-0.117052,0.193267,0.222699,0.112469,0.099596,0.009459,0.000000,3.000000,0.143000,0.354000,odom
1785598294.288709,0.000699,1.172522,-0.124018,-0.116830,0.193267,0.222704,0.112469,0.099599,0.009458,0.000000,3.000000,0.143000,0.317000,odom
1785598294.456363,0.167654,1.190958,-0.129412,-0.070910,0.193142,0.223823,0.111561,0.099846,0.009212,0.000000,3.000000,0.149000,0.310000,odom
1785598294.565452,0.109089,1.190547,-0.123317,-0.064652,0.193151,0.223566,0.111100,0.099633,0.009166,0.000000,3.000000,0.000000,0.000000,filler
1785598294.670115,0.104663,1.205330,-0.125904,-0.030302,0.193151,0.223975,0.111105,0.099816,0.009065,0.000000,3.000000,0.146000,0.323000,odom
1785598294.671269,0.001154,1.205492,-0.125909,-0.029937,0.193151,0.223984,0.111105,0.099820,0.009064,0.000000,3.000000,0.140000,0.317000,odom
1785598294.675613,0.004344,1.206091,-0.125927,-0.028616,0.193151,0.224014,0.111105,0.099834,0.009061,0.000000,3.000000,0.138000,0.304000,odom
1785598294.676958,0.001345,1.206283,-0.125932,-0.028207,0.193151,0.224024,0.111105,0.099839,0.009060,0.000000,3.000000,0.143000,0.304000,odom
1785598294.834539,0.157581,1.203331,-0.126495,-0.029039,0.193051,0.223884,0.110398,0.099581,0.008961,0.000000,3.000000,0.007000,0.012000,odom
1785598294.945079,0.110540,1.219824,-0.123410,-0.009814,0.193080,0.224587,0.110164,0.099855,0.008860,0.000000,3.000000,0.154000,0.149000,odom
1785598295.000768,0.055689,1.227440,-0.125156,0.003568,0.193057,0.224642,0.110138,0.099865,0.008788,0.000000,3.000000,0.145000,0.230000,odom
1785598295.032475,0.031707,1.232038,-0.125120,0.012414,0.193059,0.224883,0.110142,0.099976,0.008768,0.000000,3.000000,0.145000,0.279000,odom
1785598295.047798,0.015324,1.234259,-0.125088,0.016307,0.193060,0.225000,0.110144,0.100028,0.008758,0.000000,3.000000,0.145000,0.254000,odom
1785598295.087155,0.039357,1.239432,-0.122183,0.028776,0.193052,0.225067,0.109902,0.100003,0.008707,0.000000,3.000000,0.147000,0.304000,odom
1785598295.087936,0.000781,1.239546,-0.122179,0.029028,0.193052,0.225073,0.109902,0.100005,0.008706,0.000000,3.000000,0.146000,0.323000,odom
1785598295.128160,0.040224,1.245335,-0.121974,0.042020,0.193055,0.225378,0.109909,0.100146,0.008681,0.000000,3.000000,0.144000,0.323000,odom
1785598295.129437,0.001277,1.245520,-0.121966,0.042408,0.193055,0.225388,0.109909,0.100150,0.008681,0.000000,3.000000,0.145000,0.304000,odom
1785598295.265557,0.136121,1.245520,-0.121966,0.042408,0.193103,0.225388,0.109994,0.100187,0.008698,0.000000,3.000000,0.000000,0.000000,filler
1785598295.465525,0.199967,1.245520,-0.121966,0.042408,0.193206,0.225388,0.110175,0.100267,0.008735,0.000000,3.000000,0.000000,0.000000,filler
1785598295.565986,0.100461,1.245520,-0.121966,0.042408,0.193233,0.225388,0.110221,0.100287,0.008744,0.000000,3.000000,0.000000,0.000000,filler
1785598295.665926,0.099940,1.256007,-0.121608,0.025718,0.193256,0.225945,0.110266,0.100558,0.008706,0.000000,3.000000,0.105000,-0.167000,odom
1785598295.701595,0.035669,1.260428,-0.123292,0.022828,0.193227,0.225850,0.110234,0.100497,0.008646,0.000000,3.000000,0.147000,-0.093000,odom
1785598295.753961,0.052366,1.268491,-0.123145,0.013717,0.193233,0.226285,0.110247,0.100698,0.008612,0.000000,3.000000,0.154000,-0.174000,odom
1785598295.754857,0.000896,1.268622,-0.123143,0.013555,0.193233,0.226292,0.110247,0.100702,0.008611,0.000000,3.000000,0.147000,-0.180000,odom
1785598295.794645,0.039788,1.274157,-0.121471,0.006352,0.193234,0.226464,0.110086,0.100744,0.008570,0.000000,3.000000,0.143000,-0.230000,odom
1785598295.954734,0.160089,1.293263,-0.116054,-0.033285,0.193222,0.227409,0.109839,0.101114,0.008436,0.000000,3.000000,0.138000,-0.254000,odom
1785598296.024990,0.070256,1.301755,-0.117841,-0.055804,0.193212,0.227912,0.109717,0.101312,0.008379,0.000000,3.000000,0.146000,-0.298000,odom
1785598296.121380,0.096389,1.315564,-0.118861,-0.082648,0.193210,0.228296,0.109723,0.101488,0.008283,0.000000,3.000000,0.150000,-0.279000,odom
1785598296.122291,0.000911,1.315694,-0.118872,-0.082914,0.193210,0.228303,0.109723,0.101492,0.008283,0.000000,3.000000,0.143000,-0.292000,odom
1785598296.201950,0.079659,1.325859,-0.115096,-0.103146,0.193201,0.228904,0.109531,0.101721,0.008208,0.000000,3.000000,0.146000,-0.323000,odom
1785598296.202893,0.000943,1.325990,-0.115110,-0.103421,0.193201,0.228911,0.109531,0.101724,0.008207,0.000000,3.000000,0.140000,-0.292000,odom
1785598296.366264,0.163371,1.322000,-0.113040,-0.104498,0.193136,0.228660,0.109141,0.101499,0.008173,0.000000,3.000000,0.000000,0.000000,filler
1785598296.525078,0.158814,1.343900,-0.115818,-0.147854,0.193215,0.229896,0.109257,0.102121,0.008099,0.000000,3.000000,0.139000,-0.273000,odom
1785598296.526477,0.001399,1.344101,-0.115848,-0.148298,0.193215,0.229907,0.109257,0.102127,0.008098,0.000000,3.000000,0.145000,-0.317000,odom
1785598296.665299,0.138823,1.344101,-0.115848,-0.148298,0.193264,0.229908,0.109345,0.102165,0.008116,0.000000,3.000000,0.000000,0.000000,filler
1785598296.734416,0.069117,1.353498,-0.103761,-0.159488,0.193163,0.229485,0.108165,0.101675,0.007986,0.000000,3.000000,0.150000,-0.279000,odom
1785598296.735764,0.001347,1.353697,-0.103793,-0.159882,0.193163,0.229496,0.108165,0.101680,0.007985,0.000000,3.000000,0.150000,-0.292000,odom
1785598296.833672,0.097909,1.366456,-0.106036,-0.187141,0.193169,0.229806,0.108176,0.101827,0.007897,0.000000,3.000000,0.138000,-0.279000,odom
1785598296.835065,0.001393,1.366647,-0.106072,-0.187522,0.193169,0.229817,0.108176,0.101832,0.007896,0.000000,3.000000,0.139000,-0.273000,odom
1785598296.835691,0.000626,1.366737,-0.106089,-0.187704,0.193169,0.229822,0.108176,0.101834,0.007895,0.000000,3.000000,0.147000,-0.292000,odom
1785598296.836270,0.000579,1.366821,-0.106105,-0.187859,0.193169,0.229827,0.108176,0.101837,0.007895,0.000000,3.000000,0.147000,-0.267000,odom
1785598296.836847,0.000577,1.366902,-0.106120,-0.188005,0.193169,0.229831,0.108176,0.101839,0.007895,0.000000,3.000000,0.143000,-0.254000,odom
1785598296.906072,0.069225,1.373348,-0.116619,-0.209205,0.193173,0.230179,0.107805,0.101920,0.007817,0.000000,3.000000,0.143000,-0.292000,odom
1785598296.907628,0.001556,1.373570,-0.116666,-0.209669,0.193173,0.230191,0.107805,0.101926,0.007816,0.000000,3.000000,0.146000,-0.298000,odom
1785598297.051321,0.143693,1.388033,-0.107846,-0.239797,0.193140,0.230780,0.107176,0.102049,0.007688,0.000000,3.000000,0.140000,-0.279000,odom
1785598297.052124,0.000803,1.388144,-0.107873,-0.240052,0.193140,0.230786,0.107176,0.102052,0.007688,0.000000,3.000000,0.143000,-0.317000,odom
1785598297.165318,0.113195,1.387739,-0.110351,-0.239289,0.193138,0.230408,0.107201,0.101882,0.007663,0.000000,3.000000,0.000000,0.000000,filler
1785598297.265404,0.100086,1.387268,-0.109021,-0.237105,0.193130,0.230073,0.106755,0.101629,0.007630,0.000000,3.000000,0.000000,0.000000,filler
1785598297.271880,0.006476,1.388193,-0.109246,-0.238996,0.193131,0.230126,0.106755,0.101654,0.007627,0.000000,3.000000,0.147000,-0.292000,odom
1785598297.272926,0.001046,1.388339,-0.109281,-0.239314,0.193132,0.230134,0.106755,0.101658,0.007626,0.000000,3.000000,0.143000,-0.304000,odom
1785598297.391339,0.118414,1.402480,-0.120506,-0.274702,0.193132,0.230352,0.106340,0.101670,0.007501,0.000000,3.000000,0.144000,-0.273000,odom
1785598297.565364,0.174025,1.403569,-0.112467,-0.268555,0.193177,0.229998,0.106041,0.101461,0.007497,0.000000,3.000000,0.000000,0.000000,filler
1785598297.702461,0.137097,1.395525,-0.101463,-0.252786,0.193095,0.229381,0.105123,0.100952,0.007421,0.000000,3.000000,-0.002000,0.012000,odom
1785598297.797517,0.095056,1.395158,-0.103580,-0.252051,0.193085,0.229025,0.105132,0.100787,0.007396,0.000000,3.000000,0.000000,0.000000,odom
1785598297.798511,0.000994,1.395158,-0.103580,-0.252051,0.193085,0.229025,0.105132,0.100787,0.007396,0.000000,3.000000,0.000000,0.000000,odom
1785598297.799197,0.000686,1.395158,-0.103580,-0.252051,0.193085,0.229025,0.105132,0.100787,0.007396,0.000000,3.000000,0.000000,0.000000,odom
1785598297.799778,0.000581,1.395158,-0.103580,-0.252051,0.193085,0.229025,0.105132,0.100787,0.007396,0.000000,3.000000,0.000000,0.000000,odom
1785598297.800331,0.000553,1.395158,-0.103580,-0.252051,0.193085,0.229025,0.105132,0.100787,0.007396,0.000000,3.000000,0.000000,0.000000,odom
1785598297.945976,0.145646,1.395244,-0.103397,-0.251964,0.193112,0.228853,0.104927,0.100676,0.007385,0.000000,3.000000,0.000000,0.000000,odom
1785598297.946961,0.000985,1.395244,-0.103397,-0.251964,0.193112,0.228853,0.104927,0.100676,0.007385,0.000000,3.000000,0.000000,0.000000,odom
1785598297.947568,0.000607,1.395244,-0.103397,-0.251964,0.193112,0.228853,0.104927,0.100676,0.007385,0.000000,3.000000,0.000000,0.000000,odom
1785598297.973352,0.025784,1.395244,-0.103397,-0.251964,0.193113,0.228853,0.104931,0.100677,0.007386,0.000000,3.000000,0.000000,0.000000,odom
1785598297.974624,0.001272,1.395244,-0.103397,-0.251964,0.193113,0.228853,0.104931,0.100677,0.007386,0.000000,3.000000,0.000000,0.000000,odom
1785598298.165918,0.191294,1.394882,-0.105179,-0.251211,0.193171,0.228520,0.105072,0.100577,0.007387,0.000000,3.000000,0.000000,0.000000,filler
1785598298.178555,0.012637,1.394909,-0.105314,-0.251362,0.193145,0.228424,0.104919,0.100491,0.007374,0.000000,3.000000,0.000000,0.000000,odom
1785598298.184649,0.006093,1.394909,-0.105314,-0.251362,0.193145,0.228424,0.104920,0.100491,0.007374,0.000000,3.000000,0.000000,0.000000,odom
1785598298.185524,0.000876,1.394909,-0.105314,-0.251362,0.193145,0.228424,0.104920,0.100491,0.007374,0.000000,3.000000,0.000000,0.000000,odom
1785598298.186251,0.000727,1.394909,-0.105314,-0.251362,0.193145,0.228424,0.104920,0.100491,0.007374,0.000000,3.000000,0.000000,0.000000,odom
1785598298.186912,0.000661,1.394909,-0.105314,-0.251362,0.193145,0.228424,0.104920,0.100491,0.007374,0.000000,3.000000,0.000000,0.000000,odom
1785598298.187490,0.000578,1.394909,-0.105314,-0.251362,0.193145,0.228424,0.104920,0.100491,0.007374,0.000000,3.000000,0.000000,0.000000,odom
1785598298.188008,0.000518,1.394909,-0.105314,-0.251362,0.193145,0.228424,0.104920,0.100491,0.007374,0.000000,3.000000,0.000000,0.000000,odom
1785598298.188524,0.000516,1.394915,-0.105316,-0.251349,0.193145,0.228424,0.104920,0.100491,0.007374,0.000000,3.000000,0.012000,0.024000,odom
1785598298.365308,0.176783,1.390152,-0.097785,-0.243384,0.193089,0.228125,0.104346,0.100213,0.007328,0.000000,3.000000,0.000000,0.000000,filler
1785598298.389616,0.024308,1.393122,-0.101256,-0.239740,0.193067,0.228009,0.104313,0.100144,0.007283,0.000000,3.000000,0.149000,0.111000,odom
1785598298.483089,0.093473,1.405237,-0.104454,-0.215006,0.193086,0.228711,0.104268,0.100463,0.007224,0.000000,3.000000,0.139000,0.286000,odom
1785598298.497695,0.014607,1.407250,-0.104889,-0.210478,0.193089,0.228823,0.104269,0.100515,0.007217,0.000000,3.000000,0.141000,0.310000,odom
1785598298.665415,0.167720,1.406079,-0.101890,-0.208279,0.193146,0.228657,0.104246,0.100457,0.007233,0.000000,3.000000,0.000000,0.000000,filler
1785598298.765648,0.100233,1.402639,-0.092060,-0.196912,0.193045,0.228461,0.103788,0.100233,0.007189,0.000000,3.000000,0.000000,0.000000,filler
1785598298.856802,0.091154,1.414461,-0.097048,-0.168282,0.193052,0.228838,0.103794,0.100409,0.007118,0.000000,3.000000,0.138000,0.304000,odom
1785598298.858379,0.001577,1.414684,-0.097086,-0.167842,0.193052,0.228851,0.103794,0.100415,0.007117,0.000000,3.000000,0.143000,0.279000,odom
1785598298.866592,0.008213,1.415899,-0.097290,-0.165345,0.193054,0.228919,0.103795,0.100447,0.007113,0.000000,3.000000,0.150000,0.304000,odom
1785598298.936198,0.069606,1.425284,-0.099063,-0.144097,0.193055,0.229387,0.103568,0.100615,0.007051,0.000000,3.000000,0.144000,0.323000,odom
1785598299.065568,0.129370,1.425284,-0.099063,-0.144097,0.193097,0.229387,0.103649,0.100648,0.007066,0.000000,3.000000,0.000000,0.000000,filler
1785598299.139264,0.073696,1.435226,-0.103965,-0.121163,0.193092,0.229689,0.103643,0.100783,0.006999,0.000000,3.000000,0.149000,0.298000,odom
1785598299.140055,0.000791,1.435338,-0.103979,-0.120932,0.193092,0.229695,0.103643,0.100786,0.006998,0.000000,3.000000,0.143000,0.292000,odom
1785598299.140694,0.000639,1.435428,-0.103989,-0.120734,0.193092,0.229700,0.103643,0.100789,0.006998,0.000000,3.000000,0.141000,0.310000,odom
1785598299.141276,0.000582,1.435510,-0.103999,-0.120557,0.193092,0.229705,0.103643,0.100791,0.006998,0.000000,3.000000,0.143000,0.304000,odom
1785598299.141811,0.000535,1.435587,-0.104009,-0.120398,0.193092,0.229709,0.103643,0.100793,0.006997,0.000000,3.000000,0.144000,0.298000,odom
1785598299.142412,0.000601,1.435671,-0.104019,-0.120226,0.193092,0.229714,0.103643,0.100795,0.006997,0.000000,3.000000,0.141000,0.286000,odom
1785598299.143291,0.000879,1.435797,-0.104034,-0.119969,0.193092,0.229721,0.103643,0.100798,0.006997,0.000000,3.000000,0.145000,0.292000,odom
1785598299.143956,0.000665,1.435894,-0.104046,-0.119779,0.193093,0.229726,0.103643,0.100801,0.006996,0.000000,3.000000,0.146000,0.286000,odom
1785598299.265598,0.121643,1.434693,-0.105783,-0.123207,0.193117,0.229631,0.103540,0.100745,0.006993,0.000000,3.000000,0.000000,0.000000,filler
1785598299.401178,0.135580,1.450449,-0.096986,-0.071492,0.193041,0.230131,0.102693,0.100771,0.006857,0.000000,3.000000,0.147000,0.304000,odom
1785598299.402089,0.000910,1.450583,-0.096995,-0.071203,0.193042,0.230138,0.102693,0.100774,0.006856,0.000000,3.000000,0.147000,0.317000,odom
1785598299.402848,0.000759,1.450692,-0.097003,-0.070977,0.193042,0.230144,0.102693,0.100777,0.006856,0.000000,3.000000,0.144000,0.298000,odom
1785598299.565877,0.163030,1.450565,-0.096127,-0.071729,0.193108,0.229895,0.102400,0.100628,0.006838,0.000000,3.000000,0.000000,0.000000,filler
1785598299.765612,0.199735,1.449849,-0.094242,-0.070572,0.193193,0.229332,0.102053,0.100332,0.006836,0.000000,3.000000,0.000000,0.000000,filler
1785598299.882792,0.117180,1.466701,-0.095101,-0.031316,0.193234,0.230272,0.102121,0.100793,0.006789,0.000000,3.000000,0.144000,0.335000,odom
1785598299.922106,0.039314,1.472478,-0.095248,-0.019365,0.193239,0.230597,0.102128,0.100946,0.006770,0.000000,3.000000,0.147000,0.304000,odom
1785598299.971843,0.049738,1.479640,-0.095333,-0.004543,0.193246,0.231000,0.102140,0.101138,0.006747,0.000000,3.000000,0.144000,0.298000,odom
1785598300.165665,0.193821,1.479226,-0.095913,-0.004737,0.193311,0.230356,0.102073,0.100852,0.006728,0.000000,3.000000,0.000000,0.000000,filler
1785598300.171968,0.006304,1.480071,-0.095917,-0.003489,0.193312,0.230403,0.102074,0.100874,0.006725,0.000000,3.000000,0.134000,0.198000,odom
1785598300.173003,0.001034,1.480209,-0.095917,-0.003284,0.193312,0.230411,0.102074,0.100878,0.006725,0.000000,3.000000,0.134000,0.198000,odom
1785598300.174247,0.001244,1.480335,-0.095918,-0.003161,0.193312,0.230418,0.102074,0.100881,0.006724,0.000000,3.000000,0.101000,0.099000,odom
1785598300.273290,0.099043,1.481259,-0.088857,0.007725,0.193238,0.230358,0.101446,0.100697,0.006649,0.000000,3.000000,0.022000,0.024000,odom
1785598300.274006,0.000716,1.481267,-0.088857,0.007742,0.193238,0.230359,0.101446,0.100697,0.006649,0.000000,3.000000,0.012000,0.024000,odom
1785598300.274619,0.000613,1.481270,-0.088857,0.007757,0.193238,0.230359,0.101446,0.100697,0.006649,0.000000,3.000000,0.004000,0.024000,odom
1785598300.275338,0.000719,1.481273,-0.088857,0.007792,0.193238,0.230359,0.101446,0.100698,0.006649,0.000000,3.000000,0.004000,0.049000,odom
1785598300.275991,0.000653,1.481280,-0.088857,0.007820,0.193238,0.230359,0.101446,0.100698,0.006649,0.000000,3.000000,0.011000,0.043000,odom
1785598300.290461,0.014470,1.481875,-0.084487,0.012877,0.193236,0.230180,0.101088,0.100542,0.006613,0.000000,3.000000,0.074000,0.186000,odom
1785598300.291263,0.000802,1.481939,-0.084486,0.013051,0.193236,0.230184,0.101088,0.100544,0.006613,0.000000,3.000000,0.080000,0.217000,odom
1785598300.291874,0.000611,1.482013,-0.084485,0.013104,0.193236,0.230188,0.101088,0.100546,0.006612,0.000000,3.000000,0.121000,0.087000,odom
1785598300.292541,0.000666,1.482108,-0.084484,0.013149,0.193236,0.230193,0.101088,0.100548,0.006612,0.000000,3.000000,0.143000,0.068000,odom
1785598300.293839,0.001299,1.482328,-0.084481,0.013326,0.193236,0.230205,0.101088,0.100554,0.006611,0.000000,3.000000,0.169000,0.136000,odom
1785598300.294652,0.000813,1.482461,-0.084479,0.013468,0.193236,0.230213,0.101088,0.100557,0.006611,0.000000,3.000000,0.164000,0.174000,odom
1785598300.392822,0.098169,1.496808,-0.080127,0.037543,0.193195,0.230916,0.100705,0.100788,0.006521,0.000000,3.000000,0.147000,0.192000,odom
1785598300.393603,0.000782,1.496917,-0.080122,0.037703,0.193195,0.230922,0.100705,0.100791,0.006521,0.000000,3.000000,0.140000,0.205000,odom
1785598300.394209,0.000605,1.497002,-0.080119,0.037842,0.193195,0.230927,0.100705,0.100793,0.006521,0.000000,3.000000,0.140000,0.230000,odom
1785598300.394830,0.000621,1.497092,-0.080116,0.037989,0.193195,0.230932,0.100705,0.100795,0.006520,0.000000,3.000000,0.146000,0.236000,odom
1785598300.395518,0.000688,1.497191,-0.080112,0.038130,0.193195,0.230937,0.100705,0.100798,0.006520,0.000000,3.000000,0.143000,0.205000,odom
1785598300.566052,0.170534,1.494613,-0.080472,0.034556,0.193257,0.230662,0.100491,0.100652,0.006518,0.000000,3.000000,0.000000,0.000000,filler
1785598300.640492,0.074440,1.504698,-0.080939,0.055855,0.193239,0.230791,0.100480,0.100702,0.006448,0.000000,3.000000,0.141000,0.286000,odom
1785598300.641351,0.000859,1.504818,-0.080932,0.056095,0.193238,0.230797,0.100480,0.100705,0.006448,0.000000,3.000000,0.140000,0.279000,odom
1785598300.641990,0.000639,1.504910,-0.080927,0.056266,0.193238,0.230802,0.100480,0.100707,0.006447,0.000000,3.000000,0.145000,0.267000,odom
1785598300.642735,0.000745,1.505017,-0.080921,0.056464,0.193238,0.230808,0.100480,0.100710,0.006447,0.000000,3.000000,0.143000,0.267000,odom
1785598300.643496,0.000761,1.505126,-0.080915,0.056663,0.193238,0.230815,0.100480,0.100713,0.006447,0.000000,3.000000,0.144000,0.261000,odom
1785598300.765335,0.121839,1.505276,-0.069338,0.064289,0.193248,0.230200,0.100058,0.100348,0.006432,0.000000,3.000000,0.000000,0.000000,filler
1785598300.792367,0.027032,1.506961,-0.072717,0.064234,0.193149,0.230315,0.099743,0.100300,0.006386,0.000000,3.000000,0.145000,0.167000,odom
1785598300.965672,0.173306,1.505053,-0.079427,0.056047,0.193218,0.230141,0.099555,0.100209,0.006382,0.000000,3.000000,0.000000,0.000000,filler
1785598301.165683,0.200011,1.502035,-0.085958,0.047064,0.193231,0.230034,0.099406,0.100136,0.006380,0.000000,3.000000,0.000000,0.000000,filler
1785598301.192278,0.026595,1.504988,-0.089707,0.037106,0.193188,0.230159,0.099276,0.100151,0.006357,0.000000,3.000000,0.144000,-0.248000,odom
1785598301.193450,0.001172,1.505161,-0.089701,0.036851,0.193188,0.230169,0.099276,0.100155,0.006356,0.000000,3.000000,0.147000,-0.217000,odom
1785598301.194595,0.001145,1.505328,-0.089695,0.036625,0.193188,0.230178,0.099276,0.100159,0.006356,0.000000,3.000000,0.146000,-0.198000,odom
1785598301.195511,0.000916,1.505465,-0.089690,0.036403,0.193188,0.230186,0.099276,0.100163,0.006355,0.000000,3.000000,0.150000,-0.242000,odom
1785598301.232489,0.036978,1.510898,-0.089520,0.026086,0.193190,0.230486,0.099283,0.100304,0.006339,0.000000,3.000000,0.147000,-0.279000,odom
1785598301.233325,0.000836,1.511019,-0.089517,0.025853,0.193190,0.230493,0.099283,0.100307,0.006339,0.000000,3.000000,0.145000,-0.279000,odom
1785598301.233921,0.000595,1.511104,-0.089515,0.025702,0.193190,0.230498,0.099283,0.100309,0.006339,0.000000,3.000000,0.143000,-0.254000,odom
1785598301.234450,0.000530,1.511180,-0.089513,0.025547,0.193190,0.230502,0.099283,0.100311,0.006338,0.000000,3.000000,0.143000,-0.292000,odom
1785598301.365423,0.130973,1.507574,-0.077854,0.033018,0.193110,0.230218,0.098873,0.100068,0.006311,0.000000,3.000000,0.000000,0.000000,filler
1785598301.565459,0.200036,1.506564,-0.081501,0.028824,0.193166,0.229896,0.098661,0.099899,0.006315,0.000000,3.000000,0.000000,0.000000,filler
1785598301.636484,0.071025,1.516932,-0.081303,0.009434,0.193178,0.230464,0.098687,0.100171,0.006287,0.000000,3.000000,0.146000,-0.273000,odom
1785598301.637941,0.001457,1.517146,-0.081301,0.009008,0.193178,0.230476,0.098687,0.100176,0.006286,0.000000,3.000000,0.147000,-0.292000,odom
1785598301.639286,0.001345,1.517341,-0.081299,0.008616,0.193178,0.230486,0.098687,0.100181,0.006285,0.000000,3.000000,0.145000,-0.292000,odom
1785598301.640034,0.000748,1.517449,-0.081298,0.008421,0.193178,0.230492,0.098687,0.100184,0.006285,0.000000,3.000000,0.144000,-0.261000,odom
1785598301.640625,0.000591,1.517532,-0.081298,0.008266,0.193178,0.230497,0.098687,0.100186,0.006285,0.000000,3.000000,0.141000,-0.261000,odom
1785598301.765527,0.124902,1.517380,-0.082394,0.007132,0.193210,0.230363,0.098595,0.100118,0.006286,0.000000,3.000000,0.000000,0.000000,filler
1785598301.781998,0.016471,1.519743,-0.083714,0.000690,0.193210,0.230360,0.098405,0.100079,0.006263,0.000000,3.000000,0.143000,-0.304000,odom
1785598301.853210,0.071212,1.529713,-0.083797,-0.017397,0.193224,0.230906,0.098431,0.100342,0.006236,0.000000,3.000000,0.140000,-0.254000,odom
1785598301.965256,0.112046,1.529669,-0.085021,-0.018222,0.193242,0.230829,0.098422,0.100311,0.006244,0.000000,3.000000,0.000000,0.000000,filler
1785598302.065413,0.100157,1.524634,-0.084521,-0.018238,0.193113,0.230389,0.097765,0.099929,0.006196,0.000000,3.000000,0.000000,0.000000,filler
1785598302.255079,0.189666,1.548023,-0.085855,-0.070480,0.193074,0.231317,0.097248,0.100243,0.006095,0.000000,3.000000,0.144000,-0.273000,odom
1785598302.256543,0.001464,1.548240,-0.085871,-0.070899,0.193075,0.231329,0.097248,0.100248,0.006094,0.000000,3.000000,0.149000,-0.286000,odom
1785598302.257444,0.000901,1.548372,-0.085880,-0.071173,0.193075,0.231336,0.097248,0.100252,0.006094,0.000000,3.000000,0.147000,-0.304000,odom
1785598302.258350,0.000906,1.548502,-0.085890,-0.071437,0.193075,0.231343,0.097248,0.100255,0.006094,0.000000,3.000000,0.143000,-0.292000,odom
1785598302.264552,0.006202,1.549386,-0.085954,-0.073248,0.193075,0.231392,0.097248,0.100277,0.006091,0.000000,3.000000,0.143000,-0.292000,odom
1785598302.266516,0.001964,1.549672,-0.085975,-0.073784,0.193075,0.231407,0.097248,0.100285,0.006090,0.000000,3.000000,0.146000,-0.273000,odom
1785598302.267852,0.001336,1.549829,-0.085986,-0.073942,0.193075,0.231416,0.097248,0.100289,0.006090,0.000000,3.000000,0.118000,-0.118000,odom
1785598302.269183,0.001331,1.549961,-0.085996,-0.073991,0.193075,0.231423,0.097248,0.100292,0.006089,0.000000,3.000000,0.099000,-0.037000,odom
1785598302.465702,0.196519,1.545582,-0.103107,-0.086887,0.193030,0.230842,0.096688,0.099897,0.006069,0.000000,3.000000,0.000000,0.000000,filler
1785598302.565994,0.100292,1.544059,-0.091786,-0.078344,0.193038,0.230544,0.096315,0.099691,0.006045,0.000000,3.000000,0.000000,0.000000,filler
1785598302.709451,0.143457,1.562430,-0.104574,-0.125301,0.193047,0.231219,0.095741,0.099896,0.005946,0.000000,3.000000,0.141000,-0.261000,odom
1785598302.710699,0.001248,1.562602,-0.104595,-0.125611,0.193047,0.231228,0.095741,0.099900,0.005946,0.000000,3.000000,0.139000,-0.248000,odom
1785598302.711375,0.000675,1.562696,-0.104607,-0.125757,0.193047,0.231233,0.095741,0.099902,0.005946,0.000000,3.000000,0.140000,-0.217000,odom
1785598302.711980,0.000605,1.562786,-0.104618,-0.125926,0.193047,0.231238,0.095741,0.099905,0.005945,0.000000,3.000000,0.150000,-0.279000,odom
1785598302.712630,0.000650,1.562880,-0.104630,-0.126087,0.193048,0.231243,0.095741,0.099907,0.005945,0.000000,3.000000,0.146000,-0.248000,odom
1785598302.713271,0.000641,1.562973,-0.104642,-0.126239,0.193048,0.231247,0.095741,0.099909,0.005945,0.000000,3.000000,0.146000,-0.236000,odom
1785598302.731483,0.018213,1.565556,-0.104976,-0.130646,0.193050,0.231385,0.095743,0.099974,0.005938,0.000000,3.000000,0.143000,-0.242000,odom
1785598302.732265,0.000781,1.565668,-0.104991,-0.130864,0.193050,0.231391,0.095743,0.099977,0.005937,0.000000,3.000000,0.145000,-0.279000,odom
1785598302.744187,0.011922,1.567323,-0.105211,-0.134345,0.193052,0.231480,0.095744,0.100019,0.005932,0.000000,3.000000,0.140000,-0.292000,odom
1785598302.744887,0.000700,1.567419,-0.105224,-0.134532,0.193052,0.231485,0.095744,0.100021,0.005932,0.000000,3.000000,0.138000,-0.267000,odom
1785598302.745347,0.000460,1.567484,-0.105233,-0.134661,0.193052,0.231488,0.095744,0.100023,0.005932,0.000000,3.000000,0.143000,-0.279000,odom
1785598302.745859,0.000512,1.567557,-0.105243,-0.134803,0.193052,0.231492,0.095744,0.100025,0.005932,0.000000,3.000000,0.145000,-0.279000,odom
1785598302.746356,0.000497,1.567631,-0.105253,-0.134939,0.193052,0.231496,0.095744,0.100026,0.005932,0.000000,3.000000,0.149000,-0.273000,odom
1785598302.746987,0.000631,1.567721,-0.105265,-0.135084,0.193052,0.231501,0.095744,0.100029,0.005931,0.000000,3.000000,0.145000,-0.230000,odom
1785598302.747515,0.000528,1.567799,-0.105276,-0.135222,0.193052,0.231505,0.095744,0.100031,0.005931,0.000000,3.000000,0.149000,-0.261000,odom
1785598302.748084,0.000569,1.567882,-0.105287,-0.135385,0.193052,0.231510,0.095744,0.100033,0.005931,0.000000,3.000000,0.146000,-0.286000,odom
1785598302.865573,0.117489,1.565115,-0.098490,-0.131831,0.193054,0.231271,0.095602,0.099896,0.005931,0.000000,3.000000,0.000000,0.000000,filler
1785598303.008274,0.142701,1.581593,-0.111457,-0.174811,0.193031,0.231870,0.095176,0.100084,0.005856,0.000000,3.000000,0.134000,-0.248000,odom
1785598303.009108,0.000834,1.581713,-0.111478,-0.175060,0.193031,0.231877,0.095177,0.100087,0.005856,0.000000,3.000000,0.146000,-0.298000,odom
1785598303.009665,0.000557,1.581794,-0.111492,-0.175237,0.193031,0.231881,0.095177,0.100089,0.005855,0.000000,3.000000,0.147000,-0.317000,odom
1785598303.010151,0.000486,1.581863,-0.111505,-0.175369,0.193031,0.231885,0.095177,0.100090,0.005855,0.000000,3.000000,0.144000,-0.273000,odom
1785598303.010743,0.000592,1.581945,-0.111519,-0.175516,0.193031,0.231889,0.095177,0.100092,0.005855,0.000000,3.000000,0.141000,-0.248000,odom
1785598303.011358,0.000614,1.582036,-0.111535,-0.175677,0.193032,0.231894,0.095177,0.100095,0.005855,0.000000,3.000000,0.151000,-0.261000,odom
1785598303.011922,0.000564,1.582119,-0.111550,-0.175838,0.193032,0.231898,0.095177,0.100097,0.005854,0.000000,3.000000,0.149000,-0.286000,odom
1785598303.071257,0.059336,1.590287,-0.113065,-0.190909,0.193049,0.232334,0.095195,0.100309,0.005834,0.000000,3.000000,0.140000,-0.254000,odom
1785598303.071936,0.000678,1.590380,-0.113083,-0.191098,0.193049,0.232339,0.095195,0.100312,0.005834,0.000000,3.000000,0.140000,-0.279000,odom
1785598303.072465,0.000529,1.590455,-0.113097,-0.191256,0.193049,0.232343,0.095195,0.100314,0.005834,0.000000,3.000000,0.144000,-0.298000,odom
1785598303.265786,0.193321,1.589494,-0.103547,-0.184152,0.193136,0.232040,0.095054,0.100179,0.005846,0.000000,3.000000,0.000000,0.000000,filler
1785598303.266834,0.001048,1.589646,-0.103576,-0.184471,0.193136,0.232048,0.095054,0.100183,0.005845,0.000000,3.000000,0.147000,-0.304000,odom
1785598303.267425,0.000591,1.589729,-0.103591,-0.184625,0.193136,0.232052,0.095054,0.100185,0.005845,0.000000,3.000000,0.144000,-0.261000,odom
1785598303.277913,0.010488,1.591183,-0.103865,-0.187226,0.193138,0.232130,0.095054,0.100222,0.005841,0.000000,3.000000,0.141000,-0.248000,odom
1785598303.278929,0.001016,1.591328,-0.103892,-0.187516,0.193138,0.232137,0.095054,0.100225,0.005841,0.000000,3.000000,0.146000,-0.286000,odom
1785598303.283052,0.004123,1.591920,-0.104005,-0.188745,0.193139,0.232169,0.095054,0.100240,0.005839,0.000000,3.000000,0.146000,-0.298000,odom
1785598303.283859,0.000808,1.592034,-0.104027,-0.188956,0.193139,0.232175,0.095054,0.100243,0.005839,0.000000,3.000000,0.144000,-0.261000,odom
1785598303.447340,0.163480,1.617621,-0.104117,-0.229867,0.193181,0.233281,0.095120,0.100787,0.005795,0.000000,3.000000,0.143000,-0.267000,odom
1785598303.448146,0.000807,1.617736,-0.104144,-0.230072,0.193181,0.233287,0.095120,0.100790,0.005794,0.000000,3.000000,0.147000,-0.254000,odom
1785598303.448750,0.000604,1.617823,-0.104164,-0.230241,0.193181,0.233292,0.095120,0.100792,0.005794,0.000000,3.000000,0.147000,-0.279000,odom
1785598303.452351,0.003601,1.618331,-0.104283,-0.231245,0.193182,0.233319,0.095120,0.100805,0.005793,0.000000,3.000000,0.145000,-0.279000,odom
1785598303.453185,0.000834,1.618443,-0.104310,-0.231457,0.193182,0.233325,0.095120,0.100808,0.005792,0.000000,3.000000,0.138000,-0.254000,odom
1785598302.725818,-0.727367,1.518641,-0.086125,-0.043464,0.194437,0.227999,0.097756,0.099346,0.006584,0.000000,3.000000,0.140000,-0.254000,odom
1785598302.726649,0.000831,1.518762,-0.086130,-0.043702,0.194437,0.228005,0.097756,0.099349,0.006583,0.000000,3.000000,0.146000,-0.286000,odom
1785598302.727248,0.000599,1.518848,-0.086134,-0.043862,0.194437,0.228010,0.097756,0.099351,0.006583,0.000000,3.000000,0.143000,-0.267000,odom
1785598302.767834,0.040586,1.524807,-0.086417,-0.051168,0.194443,0.228313,0.097765,0.099493,0.006566,0.000000,3.000000,0.147000,-0.180000,odom
1785598302.873238,0.105403,1.540484,-0.087354,-0.068137,0.194476,0.229115,0.097822,0.099884,0.006527,0.000000,3.000000,0.149000,-0.161000,odom
1785598302.874034,0.000796,1.540600,-0.087361,-0.068266,0.194476,0.229121,0.097822,0.099887,0.006526,0.000000,3.000000,0.146000,-0.161000,odom
1785598302.874587,0.000553,1.540679,-0.087367,-0.068337,0.194477,0.229125,0.097822,0.099889,0.006526,0.000000,3.000000,0.143000,-0.130000,odom
1785598302.966966,0.092379,1.553947,-0.088321,-0.075174,0.194503,0.229810,0.097865,0.100222,0.006492,0.000000,3.000000,0.144000,-0.074000,odom
1785598302.967888,0.000922,1.554084,-0.088331,-0.075231,0.194503,0.229817,0.097865,0.100225,0.006492,0.000000,3.000000,0.149000,-0.062000,odom
1785598302.968448,0.000560,1.554164,-0.088337,-0.075255,0.194503,0.229821,0.097865,0.100227,0.006492,0.000000,3.000000,0.143000,-0.043000,odom
1785598303.104637,0.136190,1.574101,-0.090155,-0.106578,0.194560,0.230861,0.097960,0.100747,0.006446,0.000000,3.000000,0.147000,-0.230000,odom
1785598303.105844,0.001206,1.574278,-0.090173,-0.106870,0.194560,0.230870,0.097960,0.100751,0.006446,0.000000,3.000000,0.147000,-0.242000,odom
1785598303.106668,0.000824,1.574398,-0.090186,-0.107090,0.194560,0.230877,0.097960,0.100754,0.006445,0.000000,3.000000,0.147000,-0.267000,odom
1785598303.107301,0.000632,1.574491,-0.090196,-0.107259,0.194560,0.230881,0.097960,0.100756,0.006445,0.000000,3.000000,0.147000,-0.267000,odom
1785598303.565262,0.457961,1.574491,-0.090196,-0.107259,0.195093,0.230887,0.099025,0.101176,0.006641,0.000000,3.000000,0.000000,0.000000,filler
1785598303.664303,0.099041,1.577998,-0.086481,-0.098999,0.194973,0.231249,0.098244,0.101142,0.006522,0.000000,3.000000,0.143000,0.043000,odom
1785598303.666042,0.001739,1.578249,-0.086506,-0.098904,0.194973,0.231262,0.098244,0.101149,0.006521,0.000000,3.000000,0.145000,0.055000,odom
1785598303.763531,0.097489,1.593980,-0.084366,-0.072403,0.194972,0.231688,0.098227,0.101342,0.006443,0.000000,3.000000,0.147000,0.279000,odom
1785598303.764477,0.000946,1.594125,-0.084376,-0.072132,0.194972,0.231696,0.098227,0.101346,0.006443,0.000000,3.000000,0.154000,0.286000,odom
1785598303.765649,0.001172,1.594302,-0.084389,-0.071813,0.194972,0.231705,0.098227,0.101350,0.006442,0.000000,3.000000,0.151000,0.273000,odom
1785598303.899947,0.134298,1.617998,-0.074540,-0.017271,0.194973,0.231842,0.097821,0.101334,0.006377,0.000000,3.000000,0.141000,0.335000,odom
1785598303.901334,0.001388,1.618192,-0.074543,-0.016866,0.194973,0.231852,0.097821,0.101339,0.006377,0.000000,3.000000,0.140000,0.292000,odom
1785598304.062522,0.161188,1.637298,-0.064659,0.043997,0.194944,0.232379,0.096301,0.101277,0.006166,0.000000,3.000000,0.150000,0.317000,odom
1785598304.063414,0.000892,1.637430,-0.064653,0.044285,0.194944,0.232386,0.096301,0.101280,0.006165,0.000000,3.000000,0.149000,0.323000,odom
1785598304.064189,0.000775,1.637539,-0.064648,0.044521,0.194944,0.232392,0.096301,0.101283,0.006165,0.000000,3.000000,0.140000,0.304000,odom
1785598304.065167,0.000978,1.637675,-0.064642,0.044812,0.194944,0.232399,0.096301,0.101286,0.006165,0.000000,3.000000,0.139000,0.298000,odom
1785598304.165596,0.100429,1.637675,-0.064642,0.044812,0.194970,0.232399,0.096354,0.101307,0.006174,0.000000,3.000000,0.000000,0.000000,filler
1785598304.365535,0.199939,1.639104,-0.060110,0.043880,0.195040,0.232062,0.096494,0.101205,0.006169,0.000000,3.000000,0.000000,0.000000,filler
1785598304.514774,0.149239,1.658205,-0.069556,0.089553,0.195041,0.232132,0.096062,0.101154,0.006105,0.000000,3.000000,0.139000,0.298000,odom
1785598304.515968,0.001194,1.658375,-0.069540,0.089902,0.195041,0.232141,0.096062,0.101158,0.006105,0.000000,3.000000,0.143000,0.292000,odom
1785598304.666039,0.150071,1.658375,-0.069540,0.089902,0.195098,0.232142,0.096179,0.101203,0.006126,0.000000,3.000000,0.000000,0.000000,filler
1785598304.849894,0.183855,1.680768,-0.038118,0.170683,0.195018,0.232713,0.095152,0.101241,0.005924,0.000000,3.000000,0.139000,0.310000,odom
1785598304.851065,0.001171,1.680937,-0.038089,0.171032,0.195018,0.232722,0.095152,0.101245,0.005923,0.000000,3.000000,0.146000,0.298000,odom
1785598304.851971,0.000906,1.681070,-0.038066,0.171291,0.195018,0.232729,0.095152,0.101249,0.005923,0.000000,3.000000,0.149000,0.286000,odom
1785598304.852715,0.000745,1.681177,-0.038047,0.171513,0.195018,0.232735,0.095152,0.101251,0.005923,0.000000,3.000000,0.146000,0.298000,odom
1785598304.853378,0.000662,1.681271,-0.038031,0.171718,0.195018,0.232740,0.095152,0.101254,0.005922,0.000000,3.000000,0.144000,0.310000,odom
1785598304.853961,0.000584,1.681355,-0.038016,0.171892,0.195018,0.232744,0.095152,0.101256,0.005922,0.000000,3.000000,0.146000,0.298000,odom
1785598304.854537,0.000575,1.681439,-0.038002,0.172057,0.195017,0.232749,0.095152,0.101258,0.005922,0.000000,3.000000,0.149000,0.286000,odom
1785598304.961964,0.107427,1.693037,-0.056940,0.201973,0.194986,0.233423,0.095209,0.101571,0.005887,0.000000,3.000000,0.149000,0.298000,odom
1785598304.963093,0.001129,1.693198,-0.056907,0.202323,0.194985,0.233432,0.095209,0.101575,0.005887,0.000000,3.000000,0.146000,0.310000,odom
1785598304.964137,0.001044,1.693348,-0.056876,0.202640,0.194985,0.233440,0.095209,0.101578,0.005886,0.000000,3.000000,0.147000,0.304000,odom
1785598304.965264,0.001127,1.693513,-0.056842,0.202990,0.194985,0.233449,0.095209,0.101582,0.005886,0.000000,3.000000,0.149000,0.310000,odom
1785598305.065408,0.100144,1.692812,-0.053179,0.204104,0.195000,0.232726,0.094854,0.101184,0.005879,0.000000,3.000000,0.000000,0.000000,filler
1785598305.097167,0.031758,1.694729,-0.026363,0.244976,0.194865,0.232720,0.094045,0.100975,0.005777,0.000000,3.000000,0.145000,0.279000,odom
1785598305.114678,0.017511,1.697224,-0.025733,0.250089,0.194862,0.232850,0.094046,0.101035,0.005770,0.000000,3.000000,0.147000,0.292000,odom
1785598305.265336,0.150658,1.698611,-0.019440,0.249047,0.194889,0.232483,0.094112,0.100887,0.005752,0.000000,3.000000,0.000000,0.000000,filler
1785598305.365484,0.100148,1.698009,-0.026180,0.251907,0.194868,0.232445,0.094122,0.100863,0.005750,0.000000,3.000000,0.000000,0.000000,filler
1785598305.366381,0.000897,1.698137,-0.026147,0.252213,0.194868,0.232452,0.094122,0.100866,0.005750,0.000000,3.000000,0.147000,0.341000,odom
1785598305.386043,0.019662,1.700995,-0.026471,0.258861,0.194836,0.232138,0.094054,0.100695,0.005695,0.000000,3.000000,0.149000,0.323000,odom
1785598305.434817,0.048774,1.707769,-0.024618,0.275201,0.194833,0.232497,0.094067,0.100863,0.005680,0.000000,3.000000,0.144000,0.335000,odom
1785598305.435673,0.000856,1.707889,-0.024584,0.275525,0.194833,0.232503,0.094067,0.100866,0.005679,0.000000,3.000000,0.145000,0.379000,odom
1785598305.486743,0.051070,1.712780,-0.019718,0.292464,0.194814,0.232745,0.094018,0.100962,0.005661,0.000000,3.000000,0.143000,0.354000,odom
1785598305.665261,0.178518,1.713837,-0.014670,0.291785,0.194862,0.232382,0.094140,0.100835,0.005654,0.000000,3.000000,0.000000,0.000000,filler
1785598305.765363,0.100102,1.712969,-0.020412,0.290958,0.194868,0.232189,0.094082,0.100737,0.005656,0.000000,3.000000,0.000000,0.000000,filler
1785598305.831960,0.066597,1.722691,-0.018670,0.313241,0.194835,0.232265,0.094038,0.100751,0.005589,0.000000,3.000000,0.152000,0.329000,odom
1785598305.833019,0.001059,1.722843,-0.018621,0.313583,0.194835,0.232273,0.094038,0.100755,0.005588,0.000000,3.000000,0.151000,0.323000,odom
1785598305.833698,0.000678,1.722938,-0.018590,0.313798,0.194835,0.232278,0.094038,0.100757,0.005588,0.000000,3.000000,0.147000,0.317000,odom
1785598305.834360,0.000662,1.723028,-0.018561,0.314004,0.194835,0.232283,0.094038,0.100759,0.005588,0.000000,3.000000,0.144000,0.310000,odom
1785598305.835033,0.000673,1.723122,-0.018531,0.314221,0.194835,0.232288,0.094038,0.100761,0.005588,0.000000,3.000000,0.146000,0.323000,odom
1785598305.965633,0.130601,1.718373,-0.012590,0.314549,0.194869,0.232277,0.094128,0.100786,0.005604,0.000000,3.000000,0.000000,0.000000,filler
1785598306.021176,0.055542,1.726803,-0.005755,0.329991,0.194839,0.232321,0.094103,0.100791,0.005552,0.000000,3.000000,0.144000,0.286000,odom
1785598306.022833,0.001657,1.727032,-0.005676,0.330485,0.194839,0.232334,0.094103,0.100796,0.005551,0.000000,3.000000,0.146000,0.298000,odom
1785598306.024071,0.001238,1.727208,-0.005616,0.330847,0.194838,0.232343,0.094103,0.100801,0.005551,0.000000,3.000000,0.150000,0.292000,odom
1785598306.025188,0.001117,1.727367,-0.005561,0.331166,0.194838,0.232352,0.094103,0.100805,0.005550,0.000000,3.000000,0.151000,0.286000,odom
1785598306.165243,0.140055,1.727968,-0.002745,0.330745,0.194855,0.231924,0.094145,0.100620,0.005525,0.000000,3.000000,0.000000,0.000000,filler
1785598306.265559,0.100316,1.728659,0.001169,0.330395,0.194853,0.231570,0.094158,0.100458,0.005501,0.000000,3.000000,0.000000,0.000000,filler
1785598306.314706,0.049147,1.735551,0.004463,0.344546,0.194820,0.231529,0.094112,0.100418,0.005443,0.000000,3.000000,0.147000,0.292000,odom
1785598306.316671,0.001965,1.735826,0.004562,0.345132,0.194820,0.231545,0.094112,0.100425,0.005443,0.000000,3.000000,0.149000,0.298000,odom
1785598306.317931,0.001260,1.735996,0.004623,0.345531,0.194819,0.231554,0.094112,0.100429,0.005442,0.000000,3.000000,0.143000,0.317000,odom
1785598306.318908,0.000978,1.736125,0.004670,0.345871,0.194819,0.231561,0.094112,0.100432,0.005442,0.000000,3.000000,0.141000,0.348000,odom
1785598306.331410,0.012502,1.737759,0.005262,0.350059,0.194817,0.231651,0.094113,0.100473,0.005438,0.000000,3.000000,0.139000,0.335000,odom
1785598306.332862,0.001452,1.737955,0.005334,0.350509,0.194817,0.231662,0.094113,0.100478,0.005437,0.000000,3.000000,0.144000,0.310000,odom
1785598306.333795,0.000932,1.738087,0.005382,0.350805,0.194817,0.231670,0.094113,0.100481,0.005437,0.000000,3.000000,0.150000,0.317000,odom
1785598306.465453,0.131658,1.738772,0.009532,0.350419,0.194831,0.231335,0.094167,0.100342,0.005421,0.000000,3.000000,0.000000,0.000000,filler
1785598306.494627,0.029175,1.743163,0.015972,0.358491,0.194799,0.231146,0.094114,0.100233,0.005371,0.000000,3.000000,0.141000,0.310000,odom
1785598306.495615,0.000988,1.743293,0.016020,0.358810,0.194799,0.231153,0.094114,0.100236,0.005370,0.000000,3.000000,0.141000,0.323000,odom
1785598306.512213,0.016598,1.745513,0.016859,0.363657,0.194796,0.231278,0.094116,0.100293,0.005365,0.000000,3.000000,0.143000,0.292000,odom
1785598306.513148,0.000936,1.745644,0.016909,0.363947,0.194796,0.231285,0.094116,0.100296,0.005365,0.000000,3.000000,0.149000,0.310000,odom
1785598306.513897,0.000749,1.745746,0.016948,0.364170,0.194796,0.231291,0.094116,0.100299,0.005364,0.000000,3.000000,0.146000,0.298000,odom
1785598306.523109,0.009213,1.746993,0.017425,0.366971,0.194794,0.231360,0.094116,0.100330,0.005361,0.000000,3.000000,0.145000,0.304000,odom
1785598306.524463,0.001354,1.747174,0.017495,0.367382,0.194794,0.231370,0.094116,0.100335,0.005361,0.000000,3.000000,0.143000,0.304000,odom
1785598306.525629,0.001166,1.747331,0.017555,0.367715,0.194794,0.231379,0.094116,0.100339,0.005360,0.000000,3.000000,0.144000,0.286000,odom
1785598306.665414,0.139785,1.747831,0.021365,0.367450,0.194813,0.231053,0.094184,0.100208,0.005347,0.000000,3.000000,0.000000,0.000000,filler
1785598306.763837,0.098423,1.761124,0.030245,0.396478,0.194787,0.231413,0.094180,0.100364,0.005283,0.000000,3.000000,0.145000,0.304000,odom
1785598306.764568,0.000731,1.761222,0.030285,0.396718,0.194786,0.231418,0.094180,0.100366,0.005282,0.000000,3.000000,0.145000,0.329000,odom
1785598306.765307,0.000740,1.761321,0.030327,0.396953,0.194786,0.231424,0.094180,0.100369,0.005282,0.000000,3.000000,0.145000,0.317000,odom
1785598306.765751,0.000444,1.761380,0.030352,0.397085,0.194786,0.231427,0.094180,0.100370,0.005282,0.000000,3.000000,0.146000,0.298000,odom
1785598306.808936,0.043185,1.766887,0.040274,0.410573,0.194779,0.231286,0.093815,0.100233,0.005244,0.000000,3.000000,0.145000,0.292000,odom
1785598306.809711,0.000775,1.766993,0.040320,0.410813,0.194779,0.231292,0.093815,0.100236,0.005243,0.000000,3.000000,0.149000,0.310000,odom
1785598306.810263,0.000553,1.767069,0.040354,0.410981,0.194779,0.231296,0.093815,0.100238,0.005243,0.000000,3.000000,0.150000,0.304000,odom
1785598306.810796,0.000533,1.767140,0.040385,0.411127,0.194779,0.231300,0.093815,0.100240,0.005243,0.000000,3.000000,0.146000,0.273000,odom
1785598306.965915,0.155118,1.767613,0.046372,0.410601,0.194807,0.230977,0.093908,0.100119,0.005235,0.000000,3.000000,0.000000,0.000000,filler
1785598307.014081,0.048166,1.773902,0.053998,0.427602,0.194801,0.230681,0.093463,0.099897,0.005201,0.000000,3.000000,0.145000,0.304000,odom
1785598307.015322,0.001241,1.774065,0.054072,0.427957,0.194801,0.230690,0.093463,0.099901,0.005201,0.000000,3.000000,0.144000,0.286000,odom
1785598307.016052,0.000730,1.774165,0.054117,0.428179,0.194801,0.230696,0.093463,0.099903,0.005201,0.000000,3.000000,0.150000,0.304000,odom
1785598307.016632,0.000580,1.774241,0.054152,0.428355,0.194801,0.230700,0.093463,0.099905,0.005200,0.000000,3.000000,0.145000,0.304000,odom
1785598307.017287,0.000655,1.774329,0.054192,0.428571,0.194801,0.230705,0.093463,0.099907,0.005200,0.000000,3.000000,0.147000,0.329000,odom
1785598307.017839,0.000552,1.774401,0.054225,0.428745,0.194800,0.230709,0.093463,0.099909,0.005200,0.000000,3.000000,0.145000,0.317000,odom
1785598307.018951,0.001111,1.774549,0.054293,0.429118,0.194800,0.230718,0.093463,0.099913,0.005200,0.000000,3.000000,0.146000,0.335000,odom
1785598307.019867,0.000917,1.774669,0.054348,0.429425,0.194800,0.230724,0.093463,0.099916,0.005199,0.000000,3.000000,0.144000,0.335000,odom
1785598307.020449,0.000581,1.774745,0.054382,0.429609,0.194800,0.230729,0.093463,0.099918,0.005199,0.000000,3.000000,0.143000,0.317000,odom
1785598307.094784,0.074335,1.785029,0.066683,0.450483,0.194772,0.230965,0.093459,0.100015,0.005150,0.000000,3.000000,0.145000,0.292000,odom
1785598307.095729,0.000945,1.785154,0.066743,0.450747,0.194771,0.230972,0.093459,0.100019,0.005150,0.000000,3.000000,0.147000,0.279000,odom
1785598307.096360,0.000631,1.785239,0.066785,0.450938,0.194771,0.230977,0.093459,0.100021,0.005150,0.000000,3.000000,0.150000,0.304000,odom
1785598307.096838,0.000479,1.785302,0.066815,0.451081,0.194771,0.230981,0.093459,0.100022,0.005150,0.000000,3.000000,0.146000,0.298000,odom
1785598307.100132,0.003293,1.785746,0.067031,0.452125,0.194770,0.231006,0.093459,0.100034,0.005148,0.000000,3.000000,0.150000,0.317000,odom
1785598307.100968,0.000837,1.785856,0.067084,0.452364,0.194770,0.231012,0.093459,0.100037,0.005148,0.000000,3.000000,0.146000,0.286000,odom
1785598307.101774,0.000806,1.785960,0.067134,0.452609,0.194770,0.231018,0.093459,0.100039,0.005148,0.000000,3.000000,0.143000,0.304000,odom
1785598307.102531,0.000757,1.786056,0.067181,0.452854,0.194770,0.231024,0.093459,0.100042,0.005148,0.000000,3.000000,0.141000,0.323000,odom
1785598307.103279,0.000747,1.786153,0.067229,0.453081,0.194770,0.231029,0.093459,0.100044,0.005147,0.000000,3.000000,0.145000,0.304000,odom
1785598307.104120,0.000842,1.786268,0.067284,0.453311,0.194770,0.231036,0.093459,0.100047,0.005147,0.000000,3.000000,0.151000,0.273000,odom
1785598307.105019,0.000899,1.786392,0.067345,0.453467,0.194769,0.231043,0.093459,0.100050,0.005147,0.000000,3.000000,0.154000,0.174000,odom
1785598307.265306,0.160286,1.786229,0.064056,0.451782,0.194817,0.230756,0.093378,0.099922,0.005161,0.000000,3.000000,0.000000,0.000000,filler
1785598307.365434,0.100129,1.786327,0.066731,0.453232,0.194837,0.230623,0.093327,0.099858,0.005165,0.000000,3.000000,0.000000,0.000000,filler
1785598307.465519,0.100085,1.786706,0.075781,0.452182,0.194834,0.230310,0.093347,0.099717,0.005146,0.000000,3.000000,0.000000,0.000000,filler
1785598307.546656,0.081137,1.795780,0.079195,0.456721,0.194827,0.230840,0.093334,0.099956,0.005122,0.000000,3.000000,0.141000,0.049000,odom
1785598307.548115,0.001459,1.795969,0.079287,0.456919,0.194826,0.230851,0.093334,0.099961,0.005122,0.000000,3.000000,0.144000,0.136000,odom
1785598307.549211,0.001095,1.796112,0.079358,0.457095,0.194826,0.230859,0.093334,0.099964,0.005122,0.000000,3.000000,0.146000,0.161000,odom
1785598307.550354,0.001144,1.796262,0.079432,0.457322,0.194826,0.230868,0.093334,0.099968,0.005121,0.000000,3.000000,0.146000,0.198000,odom
1785598307.551177,0.000822,1.796369,0.079484,0.457480,0.194826,0.230874,0.093334,0.099971,0.005121,0.000000,3.000000,0.145000,0.192000,odom
1785598307.552182,0.001006,1.796503,0.079550,0.457679,0.194825,0.230881,0.093334,0.099974,0.005121,0.000000,3.000000,0.149000,0.198000,odom
1785598307.553118,0.000936,1.796627,0.079611,0.457871,0.194825,0.230888,0.093334,0.099978,0.005120,0.000000,3.000000,0.147000,0.205000,odom
1785598307.558283,0.005165,1.797294,0.079940,0.459152,0.194824,0.230926,0.093334,0.099995,0.005119,0.000000,3.000000,0.144000,0.248000,odom
1785598307.559245,0.000962,1.797419,0.080002,0.459409,0.194824,0.230933,0.093334,0.099998,0.005118,0.000000,3.000000,0.145000,0.267000,odom
1785598307.560026,0.000781,1.797522,0.080053,0.459617,0.194824,0.230939,0.093334,0.100001,0.005118,0.000000,3.000000,0.147000,0.267000,odom
1785598307.560781,0.000755,1.797620,0.080102,0.459814,0.194824,0.230945,0.093334,0.100003,0.005118,0.000000,3.000000,0.146000,0.261000,odom
1785598307.561539,0.000759,1.797718,0.080150,0.460017,0.194824,0.230950,0.093334,0.100006,0.005118,0.000000,3.000000,0.143000,0.267000,odom
1785598307.562413,0.000873,1.797831,0.080207,0.460228,0.194824,0.230957,0.093334,0.100009,0.005117,0.000000,3.000000,0.145000,0.242000,odom
1785598307.665434,0.103022,1.797692,0.079340,0.459772,0.194844,0.230934,0.093368,0.100012,0.005126,0.000000,3.000000,0.000000,0.000000,filler
1785598307.765750,0.100315,1.797937,0.090721,0.458292,0.194841,0.230620,0.093389,0.099870,0.005107,0.000000,3.000000,0.000000,0.000000,filler
1785598307.869908,0.104159,1.810198,0.095436,0.472477,0.194839,0.231400,0.093433,0.100238,0.005079,0.000000,3.000000,0.147000,0.118000,odom
1785598307.870546,0.000637,1.810280,0.095478,0.472556,0.194839,0.231404,0.093433,0.100240,0.005079,0.000000,3.000000,0.144000,0.124000,odom
1785598307.871019,0.000473,1.810339,0.095508,0.472614,0.194839,0.231408,0.093433,0.100242,0.005078,0.000000,3.000000,0.141000,0.124000,odom
1785598307.871493,0.000474,1.810401,0.095540,0.472688,0.194839,0.231411,0.093433,0.100243,0.005078,0.000000,3.000000,0.147000,0.155000,odom
1785598307.885620,0.014127,1.811720,0.092846,0.472844,0.194830,0.231305,0.093347,0.100174,0.005068,0.000000,3.000000,0.149000,0.161000,odom
1785598307.886860,0.001240,1.811880,0.092928,0.473129,0.194830,0.231314,0.093347,0.100178,0.005067,0.000000,3.000000,0.145000,0.230000,odom
1785598307.887744,0.000884,1.811993,0.092986,0.473353,0.194830,0.231320,0.093347,0.100181,0.005067,0.000000,3.000000,0.143000,0.254000,odom
1785598307.888693,0.000949,1.812117,0.093049,0.473630,0.194830,0.231327,0.093347,0.100185,0.005067,0.000000,3.000000,0.147000,0.292000,odom
1785598307.889600,0.000907,1.812239,0.093112,0.473867,0.194829,0.231334,0.093347,0.100188,0.005066,0.000000,3.000000,0.151000,0.261000,odom
1785598307.890590,0.000990,1.812375,0.093181,0.474051,0.194829,0.231342,0.093347,0.100191,0.005066,0.000000,3.000000,0.154000,0.186000,odom
1785598307.891505,0.000915,1.812489,0.093240,0.474113,0.194829,0.231349,0.093347,0.100194,0.005066,0.000000,3.000000,0.140000,0.068000,odom
1785598307.892595,0.001090,1.812629,0.093312,0.474133,0.194829,0.231357,0.093347,0.100198,0.005066,0.000000,3.000000,0.145000,0.018000,odom
1785598307.893578,0.000983,1.812757,0.093377,0.474133,0.194829,0.231364,0.093347,0.100201,0.005065,0.000000,3.000000,0.146000,0.000000,odom
1785598307.894431,0.000853,1.812872,0.093437,0.474118,0.194829,0.231371,0.093347,0.100204,0.005065,0.000000,3.000000,0.152000,-0.018000,odom
1785598307.895307,0.000876,1.812990,0.093497,0.474107,0.194828,0.231378,0.093347,0.100207,0.005065,0.000000,3.000000,0.151000,-0.012000,odom
1785598307.896166,0.000859,1.813098,0.093552,0.474087,0.194828,0.231384,0.093347,0.100210,0.005064,0.000000,3.000000,0.141000,-0.024000,odom
1785598307.896946,0.000780,1.813198,0.093603,0.474029,0.194828,0.231389,0.093347,0.100213,0.005064,0.000000,3.000000,0.144000,-0.074000,odom
1785598307.897744,0.000798,1.813301,0.093656,0.473965,0.194828,0.231395,0.093347,0.100215,0.005064,0.000000,3.000000,0.145000,-0.080000,odom
1785598307.898533,0.000789,1.813400,0.093707,0.473877,0.194828,0.231401,0.093347,0.100218,0.005064,0.000000,3.000000,0.141000,-0.111000,odom
1785598307.899821,0.001288,1.813561,0.093790,0.473750,0.194828,0.231410,0.093347,0.100222,0.005063,0.000000,3.000000,0.141000,-0.099000,odom
1785598307.915724,0.015903,1.815714,0.094890,0.471285,0.194825,0.231534,0.093348,0.100279,0.005058,0.000000,3.000000,0.152000,-0.155000,odom
1785598307.916979,0.001255,1.815882,0.094976,0.471083,0.194825,0.231544,0.093348,0.100283,0.005058,0.000000,3.000000,0.151000,-0.161000,odom
1785598307.917890,0.000911,1.816000,0.095036,0.470931,0.194825,0.231551,0.093348,0.100286,0.005057,0.000000,3.000000,0.145000,-0.167000,odom
1785598307.918877,0.000987,1.816126,0.095100,0.470766,0.194825,0.231558,0.093348,0.100290,0.005057,0.000000,3.000000,0.143000,-0.167000,odom
1785598307.919807,0.000930,1.816248,0.095162,0.470564,0.194825,0.231565,0.093348,0.100293,0.005057,0.000000,3.000000,0.147000,-0.217000,odom
1785598307.923360,0.003553,1.816713,0.095399,0.469747,0.194824,0.231592,0.093348,0.100305,0.005056,0.000000,3.000000,0.147000,-0.230000,odom
1785598307.924968,0.001608,1.816927,0.095507,0.469367,0.194824,0.231604,0.093348,0.100311,0.005055,0.000000,3.000000,0.149000,-0.236000,odom
1785598307.926544,0.001576,1.817122,0.095606,0.469016,0.194823,0.231615,0.093349,0.100316,0.005055,0.000000,3.000000,0.139000,-0.223000,odom
1785598307.946931,0.020386,1.819799,0.096953,0.463573,0.194821,0.231769,0.093351,0.100387,0.005048,0.000000,3.000000,0.147000,-0.267000,odom
1785598307.966397,0.019466,1.822415,0.098252,0.458142,0.194818,0.231920,0.093353,0.100456,0.005042,0.000000,3.000000,0.150000,-0.279000,odom
1785598307.967211,0.000814,1.822520,0.098304,0.457935,0.194818,0.231926,0.093353,0.100459,0.005042,0.000000,3.000000,0.145000,-0.254000,odom
1785598308.165900,0.198690,1.821138,0.109620,0.459456,0.194874,0.231573,0.093495,0.100343,0.005046,0.000000,3.000000,0.000000,0.000000,filler
1785598308.365566,0.199665,1.821017,0.113415,0.460670,0.194953,0.231321,0.093517,0.100261,0.005076,0.000000,3.000000,0.000000,0.000000,filler
1785598308.488605,0.123039,1.836983,0.132902,0.427031,0.194940,0.231568,0.093307,0.100332,0.005013,0.000000,3.000000,0.145000,-0.267000,odom
1785598308.489384,0.000779,1.837088,0.132950,0.426818,0.194940,0.231574,0.093307,0.100335,0.005012,0.000000,3.000000,0.149000,-0.273000,odom
1785598308.625059,0.135676,1.855586,0.141114,0.389037,0.194963,0.232304,0.093168,0.100656,0.004974,0.000000,3.000000,0.150000,-0.279000,odom
1785598308.626266,0.001206,1.855749,0.141181,0.388722,0.194963,0.232314,0.093168,0.100661,0.004974,0.000000,3.000000,0.146000,-0.261000,odom
1785598308.627854,0.001588,1.855960,0.141267,0.388288,0.194963,0.232326,0.093168,0.100666,0.004973,0.000000,3.000000,0.144000,-0.273000,odom
1785598308.765278,0.137424,1.855960,0.141267,0.388288,0.195005,0.232332,0.093269,0.100704,0.004991,0.000000,3.000000,0.000000,0.000000,filler
1785598308.865489,0.100211,1.855982,0.143554,0.389471,0.195025,0.231931,0.093059,0.100487,0.004991,0.000000,3.000000,0.000000,0.000000,filler
1785598308.899226,0.033736,1.860335,0.140551,0.378302,0.195024,0.231678,0.092746,0.100311,0.004968,0.000000,3.000000,0.149000,-0.286000,odom
1785598308.900131,0.000905,1.860460,0.140601,0.378032,0.195024,0.231685,0.092746,0.100314,0.004968,0.000000,3.000000,0.149000,-0.298000,odom
1785598308.900742,0.000611,1.860541,0.140633,0.377847,0.195024,0.231689,0.092746,0.100316,0.004968,0.000000,3.000000,0.143000,-0.304000,odom
1785598308.901306,0.000563,1.860614,0.140662,0.377685,0.195024,0.231694,0.092746,0.100318,0.004967,0.000000,3.000000,0.139000,-0.286000,odom
1785598308.901839,0.000533,1.860685,0.140690,0.377537,0.195024,0.231698,0.092746,0.100320,0.004967,0.000000,3.000000,0.143000,-0.279000,odom
1785598308.902323,0.000484,1.860751,0.140716,0.377392,0.195023,0.231701,0.092746,0.100322,0.004967,0.000000,3.000000,0.146000,-0.298000,odom
1785598308.902810,0.000487,1.860816,0.140742,0.377250,0.195023,0.231705,0.092746,0.100323,0.004967,0.000000,3.000000,0.145000,-0.292000,odom
1785598308.903315,0.000504,1.860883,0.140769,0.377115,0.195023,0.231709,0.092746,0.100325,0.004967,0.000000,3.000000,0.143000,-0.267000,odom
1785598308.904404,0.001090,1.861035,0.140829,0.376811,0.195023,0.231718,0.092746,0.100329,0.004966,0.000000,3.000000,0.150000,-0.279000,odom
1785598308.905038,0.000633,1.861124,0.140864,0.376630,0.195023,0.231723,0.092746,0.100331,0.004966,0.000000,3.000000,0.151000,-0.286000,odom
1785598309.065487,0.160450,1.860861,0.138122,0.376965,0.195080,0.231114,0.092509,0.100028,0.004975,0.000000,3.000000,0.000000,0.000000,filler
1785598309.165556,0.100069,1.860800,0.137873,0.375990,0.195100,0.230775,0.092345,0.099849,0.004976,0.000000,3.000000,0.000000,0.000000,filler
1785598309.197294,0.031738,1.865859,0.138449,0.366898,0.195081,0.230997,0.092350,0.099945,0.004965,0.000000,3.000000,0.143000,-0.292000,odom
1785598309.198826,0.001532,1.866072,0.138530,0.366423,0.195081,0.231009,0.092350,0.099950,0.004965,0.000000,3.000000,0.149000,-0.310000,odom
1785598309.200007,0.001181,1.866232,0.138592,0.366049,0.195081,0.231018,0.092350,0.099955,0.004964,0.000000,3.000000,0.145000,-0.317000,odom
1785598309.200760,0.000752,1.866337,0.138632,0.365834,0.195081,0.231024,0.092350,0.099957,0.004964,0.000000,3.000000,0.149000,-0.286000,odom
1785598309.201383,0.000623,1.866421,0.138664,0.365671,0.195081,0.231029,0.092350,0.099960,0.004964,0.000000,3.000000,0.146000,-0.261000,odom
1785598309.202118,0.000735,1.866526,0.138704,0.365456,0.195081,0.231035,0.092350,0.099962,0.004964,0.000000,3.000000,0.152000,-0.292000,odom
1785598309.202743,0.000625,1.866611,0.138737,0.365274,0.195081,0.231040,0.092350,0.099964,0.004963,0.000000,3.000000,0.145000,-0.292000,odom
1785598309.203423,0.000680,1.866699,0.138771,0.365067,0.195081,0.231045,0.092350,0.099967,0.004963,0.000000,3.000000,0.140000,-0.304000,odom
1785598309.204131,0.000709,1.866793,0.138806,0.364856,0.195081,0.231050,0.092350,0.099969,0.004963,0.000000,3.000000,0.141000,-0.298000,odom
1785598309.204719,0.000587,1.866873,0.138837,0.364688,0.195081,0.231055,0.092350,0.099971,0.004963,0.000000,3.000000,0.146000,-0.286000,odom
1785598309.208559,0.003840,1.867393,0.139035,0.363617,0.195080,0.231084,0.092350,0.099985,0.004961,0.000000,3.000000,0.145000,-0.279000,odom
1785598309.209257,0.000699,1.867486,0.139071,0.363439,0.195080,0.231089,0.092350,0.099987,0.004961,0.000000,3.000000,0.143000,-0.254000,odom
1785598309.209848,0.000591,1.867569,0.139102,0.363271,0.195080,0.231094,0.092350,0.099989,0.004961,0.000000,3.000000,0.149000,-0.286000,odom
1785598309.210512,0.000664,1.867661,0.139137,0.363097,0.195080,0.231099,0.092350,0.099992,0.004961,0.000000,3.000000,0.149000,-0.261000,odom
1785598309.211387,0.000875,1.867781,0.139183,0.362853,0.195080,0.231106,0.092350,0.099995,0.004960,0.000000,3.000000,0.147000,-0.279000,odom
1785598309.212117,0.000730,1.867879,0.139220,0.362658,0.195080,0.231112,0.092350,0.099998,0.004960,0.000000,3.000000,0.143000,-0.267000,odom
1785598309.212681,0.000563,1.867957,0.139249,0.362487,0.195080,0.231116,0.092350,0.100000,0.004960,0.000000,3.000000,0.147000,-0.304000,odom
1785598309.213234,0.000554,1.868031,0.139277,0.362325,0.195080,0.231120,0.092350,0.100002,0.004960,0.000000,3.000000,0.143000,-0.292000,odom
1785598309.213840,0.000606,1.868112,0.139308,0.362167,0.195080,0.231125,0.092350,0.100004,0.004960,0.000000,3.000000,0.144000,-0.261000,odom
1785598309.214638,0.000798,1.868220,0.139349,0.361949,0.195080,0.231131,0.092350,0.100006,0.004959,0.000000,3.000000,0.144000,-0.273000,odom
1785598309.215473,0.000835,1.868334,0.139392,0.361685,0.195080,0.231138,0.092350,0.100009,0.004959,0.000000,3.000000,0.147000,-0.317000,odom
1785598309.216382,0.000909,1.868458,0.139439,0.361425,0.195080,0.231145,0.092350,0.100013,0.004959,0.000000,3.000000,0.146000,-0.286000,odom
1785598309.217222,0.000840,1.868572,0.139482,0.361211,0.195080,0.231151,0.092350,0.100016,0.004958,0.000000,3.000000,0.145000,-0.254000,odom
1785598309.218169,0.000947,1.868704,0.139532,0.360953,0.195080,0.231159,0.092350,0.100019,0.004958,0.000000,3.000000,0.149000,-0.273000,odom
1785598309.218973,0.000804,1.868813,0.139573,0.360713,0.195080,0.231165,0.092350,0.100022,0.004958,0.000000,3.000000,0.144000,-0.298000,odom
1785598309.219756,0.000783,1.868918,0.139613,0.360480,0.195080,0.231171,0.092350,0.100025,0.004958,0.000000,3.000000,0.144000,-0.298000,odom
1785598309.245958,0.026202,1.872380,0.140904,0.353327,0.195080,0.231368,0.092354,0.100117,0.004950,0.000000,3.000000,0.141000,-0.273000,odom
1785598309.247108,0.001150,1.872542,0.140963,0.353006,0.195080,0.231377,0.092354,0.100121,0.004949,0.000000,3.000000,0.150000,-0.279000,odom
1785598309.247917,0.000808,1.872652,0.141004,0.352780,0.195080,0.231384,0.092354,0.100124,0.004949,0.000000,3.000000,0.145000,-0.279000,odom
1785598309.248558,0.000641,1.872738,0.141036,0.352597,0.195079,0.231389,0.092354,0.100126,0.004949,0.000000,3.000000,0.144000,-0.286000,odom
1785598309.249181,0.000623,1.872826,0.141068,0.352427,0.195079,0.231394,0.092354,0.100128,0.004949,0.000000,3.000000,0.149000,-0.273000,odom
1785598309.249764,0.000584,1.872908,0.141098,0.352260,0.195079,0.231398,0.092354,0.100130,0.004948,0.000000,3.000000,0.151000,-0.286000,odom
1785598309.346259,0.096495,1.886445,0.146182,0.326067,0.195094,0.231815,0.092180,0.100297,0.004915,0.000000,3.000000,0.150000,-0.267000,odom
1785598309.347198,0.000940,1.886569,0.146224,0.325816,0.195093,0.231822,0.092180,0.100300,0.004915,0.000000,3.000000,0.140000,-0.267000,odom
1785598309.347938,0.000740,1.886672,0.146259,0.325591,0.195093,0.231828,0.092180,0.100303,0.004915,0.000000,3.000000,0.147000,-0.304000,odom
1785598309.348815,0.000877,1.886793,0.146299,0.325325,0.195093,0.231835,0.092180,0.100306,0.004915,0.000000,3.000000,0.145000,-0.304000,odom
1785598309.349469,0.000653,1.886879,0.146329,0.325150,0.195093,0.231839,0.092180,0.100308,0.004914,0.000000,3.000000,0.140000,-0.267000,odom
1785598309.360269,0.010800,1.888293,0.146803,0.322266,0.195093,0.231920,0.092180,0.100345,0.004911,0.000000,3.000000,0.138000,-0.267000,odom
1785598309.361505,0.001236,1.888467,0.146861,0.321883,0.195093,0.231930,0.092180,0.100350,0.004911,0.000000,3.000000,0.149000,-0.310000,odom
1785598309.362358,0.000853,1.888586,0.146901,0.321645,0.195093,0.231937,0.092180,0.100353,0.004910,0.000000,3.000000,0.147000,-0.279000,odom
1785598309.374349,0.011991,1.890236,0.147448,0.318444,0.195093,0.232031,0.092181,0.100397,0.004906,0.000000,3.000000,0.145000,-0.267000,odom
1785598309.565337,0.190989,1.890472,0.128372,0.311502,0.195144,0.231317,0.092037,0.100059,0.004931,0.000000,3.000000,0.000000,0.000000,filler
1785598309.666235,0.100898,1.889838,0.133797,0.316215,0.195166,0.231187,0.091929,0.099988,0.004929,0.000000,3.000000,0.000000,0.000000,filler
1785598309.865818,0.199583,1.893733,0.138664,0.317055,0.195236,0.230992,0.092134,0.099963,0.004963,0.000000,3.000000,0.000000,0.000000,filler
1785598310.065562,0.199745,1.896335,0.158579,0.327723,0.195322,0.229762,0.091567,0.099326,0.004964,0.000000,3.000000,0.000000,0.000000,filler
1785598310.224461,0.158898,1.920785,0.168960,0.286042,0.195358,0.230169,0.091401,0.099497,0.004928,0.000000,3.000000,0.149000,-0.273000,odom
1785598310.225393,0.000933,1.920916,0.168999,0.285787,0.195358,0.230176,0.091401,0.099500,0.004927,0.000000,3.000000,0.146000,-0.273000,odom
1785598310.240305,0.014912,1.922963,0.169596,0.281999,0.195359,0.230291,0.091402,0.099553,0.004923,0.000000,3.000000,0.143000,-0.254000,odom
1785598310.313655,0.073351,1.933961,0.173583,0.260780,0.195356,0.230818,0.091415,0.099797,0.004901,0.000000,3.000000,0.145000,-0.304000,odom
1785598310.314932,0.001276,1.934139,0.173630,0.260415,0.195356,0.230828,0.091415,0.099802,0.004901,0.000000,3.000000,0.144000,-0.286000,odom
1785598310.315837,0.000905,1.934266,0.173664,0.260156,0.195356,0.230835,0.091415,0.099805,0.004901,0.000000,3.000000,0.146000,-0.286000,odom
1785598310.316632,0.000795,1.934379,0.173694,0.259939,0.195356,0.230841,0.091415,0.099808,0.004900,0.000000,3.000000,0.146000,-0.273000,odom
1785598310.317409,0.000777,1.934488,0.173723,0.259717,0.195356,0.230847,0.091415,0.099811,0.004900,0.000000,3.000000,0.146000,-0.286000,odom
1785598310.318175,0.000766,1.934596,0.173752,0.259512,0.195356,0.230853,0.091415,0.099814,0.004900,0.000000,3.000000,0.145000,-0.267000,odom
1785598310.319004,0.000829,1.934717,0.173784,0.259275,0.195356,0.230860,0.091415,0.099817,0.004900,0.000000,3.000000,0.151000,-0.286000,odom
1785598310.319776,0.000772,1.934825,0.173813,0.259069,0.195356,0.230866,0.091415,0.099820,0.004899,0.000000,3.000000,0.145000,-0.267000,odom
1785598310.320554,0.000779,1.934932,0.173841,0.258861,0.195356,0.230872,0.091415,0.099822,0.004899,0.000000,3.000000,0.143000,-0.267000,odom
1785598310.337510,0.016956,1.937245,0.174448,0.254232,0.195356,0.231002,0.091416,0.099883,0.004894,0.000000,3.000000,0.141000,-0.273000,odom
1785598310.338943,0.001433,1.937449,0.174501,0.253797,0.195356,0.231013,0.091416,0.099888,0.004893,0.000000,3.000000,0.147000,-0.304000,odom
1785598310.339864,0.000921,1.937577,0.174534,0.253522,0.195356,0.231020,0.091416,0.099891,0.004893,0.000000,3.000000,0.144000,-0.298000,odom
1785598310.340597,0.000732,1.937677,0.174560,0.253322,0.195356,0.231026,0.091416,0.099894,0.004893,0.000000,3.000000,0.141000,-0.273000,odom
1785598310.341273,0.000676,1.937773,0.174585,0.253129,0.195356,0.231031,0.091416,0.099896,0.004892,0.000000,3.000000,0.146000,-0.286000,odom
1785598310.341841,0.000567,1.937853,0.174606,0.252971,0.195356,0.231036,0.091416,0.099898,0.004892,0.000000,3.000000,0.147000,-0.279000,odom
1785598310.342408,0.000568,1.937937,0.174627,0.252801,0.195356,0.231041,0.091416,0.099901,0.004892,0.000000,3.000000,0.151000,-0.298000,odom
1785598310.343034,0.000626,1.938023,0.174649,0.252627,0.195356,0.231045,0.091416,0.099903,0.004892,0.000000,3.000000,0.143000,-0.279000,odom
1785598310.388108,0.045074,1.945158,0.177402,0.241071,0.195347,0.231358,0.091409,0.100042,0.004877,0.000000,3.000000,0.147000,-0.279000,odom
1785598310.389040,0.000932,1.945289,0.177435,0.240811,0.195347,0.231365,0.091409,0.100046,0.004877,0.000000,3.000000,0.145000,-0.279000,odom
1785598310.390036,0.000995,1.945433,0.177470,0.240514,0.195347,0.231373,0.091409,0.100050,0.004876,0.000000,3.000000,0.149000,-0.298000,odom
1785598310.390947,0.000912,1.945560,0.177501,0.240242,0.195347,0.231380,0.091409,0.100053,0.004876,0.000000,3.000000,0.144000,-0.298000,odom
1785598310.391741,0.000793,1.945671,0.177528,0.239997,0.195347,0.231387,0.091409,0.100056,0.004876,0.000000,3.000000,0.144000,-0.310000,odom
1785598310.435681,0.043941,1.951870,0.179002,0.226639,0.195351,0.231736,0.091420,0.100221,0.004863,0.000000,3.000000,0.145000,-0.304000,odom
1785598310.436633,0.000952,1.952003,0.179032,0.226373,0.195351,0.231743,0.091420,0.100224,0.004862,0.000000,3.000000,0.143000,-0.279000,odom
1785598310.565294,0.128660,1.952721,0.180112,0.227350,0.195378,0.231696,0.091490,0.100226,0.004876,0.000000,3.000000,0.000000,0.000000,filler
1785598310.665989,0.100695,1.954502,0.185219,0.230096,0.195397,0.230440,0.090635,0.099497,0.004847,0.000000,3.000000,0.000000,0.000000,filler
1785598310.865332,0.199344,1.956113,0.184876,0.231235,0.195478,0.230382,0.090828,0.099537,0.004882,0.000000,3.000000,0.000000,0.000000,filler
1785598311.065347,0.200015,1.957169,0.186148,0.231890,0.195563,0.230325,0.091023,0.099579,0.004918,0.000000,3.000000,0.000000,0.000000,filler
1785598311.072647,0.007300,1.958186,0.186387,0.229853,0.195563,0.230381,0.091023,0.099605,0.004916,0.000000,3.000000,0.143000,-0.279000,odom
1785598311.129034,0.056387,1.966592,0.189420,0.217769,0.195559,0.230756,0.091012,0.099775,0.004898,0.000000,3.000000,0.143000,-0.230000,odom
1785598311.143221,0.014188,1.968574,0.189855,0.214691,0.195560,0.230866,0.091013,0.099826,0.004894,0.000000,3.000000,0.143000,-0.217000,odom
1785598311.230046,0.086824,1.980795,0.194071,0.211364,0.195577,0.231369,0.090953,0.100055,0.004868,0.000000,3.000000,0.140000,-0.055000,odom
1785598311.281909,0.051863,1.988612,0.196827,0.209988,0.195574,0.231706,0.090938,0.100207,0.004852,0.000000,3.000000,0.143000,-0.043000,odom
1785598311.282766,0.000857,1.988728,0.196851,0.209946,0.195574,0.231713,0.090938,0.100210,0.004852,0.000000,3.000000,0.139000,-0.049000,odom
1785598311.283332,0.000566,1.988808,0.196868,0.209915,0.195574,0.231717,0.090938,0.100212,0.004851,0.000000,3.000000,0.143000,-0.055000,odom
1785598311.283869,0.000537,1.988882,0.196884,0.209889,0.195574,0.231721,0.090938,0.100213,0.004851,0.000000,3.000000,0.141000,-0.049000,odom
1785598311.284359,0.000490,1.988948,0.196898,0.209850,0.195574,0.231725,0.090938,0.100215,0.004851,0.000000,3.000000,0.138000,-0.080000,odom
1785598311.284834,0.000475,1.989015,0.196912,0.209767,0.195574,0.231729,0.090938,0.100217,0.004851,0.000000,3.000000,0.144000,-0.174000,odom
1785598311.285376,0.000543,1.989094,0.196929,0.209639,0.195574,0.231733,0.090938,0.100219,0.004851,0.000000,3.000000,0.149000,-0.236000,odom
1785598311.286037,0.000661,1.989188,0.196949,0.209466,0.195574,0.231738,0.090938,0.100221,0.004850,0.000000,3.000000,0.146000,-0.261000,odom
1785598311.287039,0.001001,1.989326,0.196979,0.209255,0.195574,0.231746,0.090938,0.100225,0.004850,0.000000,3.000000,0.141000,-0.211000,odom
1785598311.465342,0.178303,1.989326,0.196979,0.209255,0.195651,0.231749,0.091113,0.100289,0.004880,0.000000,3.000000,0.000000,0.000000,filler
1785598311.562598,0.097256,2.003348,0.199767,0.183288,0.195675,0.232534,0.091165,0.100672,0.004855,0.000000,3.000000,0.147000,-0.267000,odom
1785598311.628342,0.065744,2.012346,0.201366,0.168627,0.195686,0.233040,0.091188,0.100916,0.004838,0.000000,3.000000,0.139000,-0.223000,odom
1785598311.629706,0.001364,2.012495,0.201392,0.168458,0.195686,0.233048,0.091188,0.100920,0.004837,0.000000,3.000000,0.111000,-0.124000,odom
1785598311.630612,0.000906,2.012557,0.201402,0.168401,0.195686,0.233051,0.091188,0.100921,0.004837,0.000000,3.000000,0.069000,-0.062000,odom
1785598311.631396,0.000784,2.012555,0.201402,0.168353,0.195686,0.233051,0.091188,0.100921,0.004837,0.000000,3.000000,-0.002000,-0.062000,odom
1785598311.632287,0.000891,2.012487,0.201390,0.168248,0.195686,0.233048,0.091189,0.100919,0.004837,0.000000,3.000000,-0.078000,-0.118000,odom
1785598311.633089,0.000803,2.012400,0.201376,0.168223,0.195686,0.233043,0.091189,0.100917,0.004838,0.000000,3.000000,-0.110000,-0.031000,odom
1785598311.633904,0.000815,2.012287,0.201356,0.168238,0.195686,0.233036,0.091189,0.100914,0.004838,0.000000,3.000000,-0.140000,0.018000,odom
1785598311.634750,0.000846,2.012156,0.201334,0.168222,0.195686,0.233029,0.091189,0.100911,0.004838,0.000000,3.000000,-0.157000,-0.018000,odom
1785598311.635675,0.000925,2.012014,0.201310,0.168200,0.195686,0.233021,0.091189,0.100907,0.004839,0.000000,3.000000,-0.156000,-0.024000,odom
1785598311.636585,0.000910,2.011885,0.201288,0.168166,0.195686,0.233014,0.091189,0.100904,0.004839,0.000000,3.000000,-0.144000,-0.037000,odom
1785598311.664882,0.028297,2.008230,0.200668,0.167827,0.195688,0.232808,0.091193,0.100809,0.004848,0.000000,3.000000,-0.131000,-0.012000,odom
1785598311.666530,0.001648,2.008017,0.200632,0.167847,0.195688,0.232796,0.091193,0.100804,0.004849,0.000000,3.000000,-0.131000,0.012000,odom
1785598311.668064,0.001534,2.007811,0.200597,0.167883,0.195688,0.232785,0.091193,0.100798,0.004849,0.000000,3.000000,-0.136000,0.024000,odom
1785598311.668838,0.000774,2.007706,0.200580,0.167897,0.195688,0.232779,0.091193,0.100796,0.004850,0.000000,3.000000,-0.138000,0.018000,odom
1785598311.669452,0.000614,2.007621,0.200565,0.167908,0.195688,0.232774,0.091193,0.100794,0.004850,0.000000,3.000000,-0.140000,0.018000,odom
1785598311.670111,0.000659,2.007530,0.200550,0.167901,0.195688,0.232769,0.091193,0.100791,0.004850,0.000000,3.000000,-0.141000,-0.012000,odom
1785598311.670640,0.000529,2.007458,0.200537,0.167904,0.195688,0.232765,0.091193,0.100789,0.004850,0.000000,3.000000,-0.138000,0.006000,odom
1785598311.671205,0.000565,2.007380,0.200524,0.167914,0.195688,0.232760,0.091193,0.100787,0.004850,0.000000,3.000000,-0.140000,0.018000,odom
1785598311.671898,0.000693,2.007280,0.200507,0.167931,0.195688,0.232755,0.091193,0.100785,0.004851,0.000000,3.000000,-0.146000,0.024000,odom
1785598311.672730,0.000833,2.007161,0.200487,0.167946,0.195688,0.232748,0.091193,0.100781,0.004851,0.000000,3.000000,-0.145000,0.018000,odom
1785598311.728553,0.055822,1.999300,0.201737,0.171317,0.195693,0.231525,0.090641,0.100115,0.004843,0.000000,3.000000,-0.141000,0.000000,odom
1785598311.729879,0.001326,1.999119,0.201705,0.171301,0.195693,0.231515,0.090641,0.100111,0.004843,0.000000,3.000000,-0.139000,-0.012000,odom
1785598311.730571,0.000692,1.999022,0.201689,0.171318,0.195693,0.231509,0.090641,0.100108,0.004843,0.000000,3.000000,-0.141000,0.024000,odom
1785598311.731390,0.000819,1.998909,0.201669,0.171338,0.195693,0.231503,0.090641,0.100105,0.004844,0.000000,3.000000,-0.141000,0.024000,odom
1785598311.732388,0.000998,1.998768,0.201645,0.171369,0.195693,0.231495,0.090641,0.100102,0.004844,0.000000,3.000000,-0.143000,0.031000,odom
1785598311.733462,0.001074,1.998625,0.201620,0.171375,0.195693,0.231487,0.090641,0.100098,0.004844,0.000000,3.000000,-0.135000,0.006000,odom
1785598311.865276,0.131814,1.999133,0.202784,0.172152,0.195727,0.231422,0.090707,0.100093,0.004859,0.000000,3.000000,0.000000,0.000000,filler
1785598311.965384,0.100108,1.999343,0.203078,0.172040,0.195750,0.231305,0.090692,0.100045,0.004866,0.000000,3.000000,0.000000,0.000000,filler
1785598312.166092,0.200708,1.999343,0.203078,0.172040,0.195850,0.231308,0.090913,0.100126,0.004904,0.000000,3.000000,0.000000,0.000000,filler
1785598312.264119,0.098027,1.999343,0.203078,0.172040,0.195874,0.231308,0.090966,0.100145,0.004913,0.000000,3.000000,0.000000,0.000000,odom
1785598312.365628,0.101509,1.999343,0.203078,0.172040,0.195899,0.231309,0.091023,0.100166,0.004922,0.000000,3.000000,0.000000,0.000000,filler
1785598312.560731,0.195102,2.027361,0.213969,0.178958,0.195994,0.232447,0.090942,0.100716,0.004876,0.000000,3.000000,0.147000,0.018000,odom
1785598312.561737,0.001007,2.027502,0.213994,0.178989,0.195994,0.232455,0.090942,0.100719,0.004876,0.000000,3.000000,0.143000,0.031000,odom
1785598312.562453,0.000716,2.027600,0.214012,0.179020,0.195994,0.232461,0.090942,0.100722,0.004876,0.000000,3.000000,0.138000,0.043000,odom
1785598312.563054,0.000600,2.027681,0.214026,0.179031,0.195994,0.232465,0.090942,0.100724,0.004876,0.000000,3.000000,0.138000,0.018000,odom
1785598312.581246,0.018192,2.030340,0.215359,0.180032,0.195993,0.232555,0.090889,0.100756,0.004866,0.000000,3.000000,0.140000,0.031000,odom
1785598312.581955,0.000709,2.030436,0.215377,0.180063,0.195993,0.232560,0.090889,0.100758,0.004866,0.000000,3.000000,0.138000,0.043000,odom
1785598312.582480,0.000525,2.030510,0.215390,0.180075,0.195993,0.232564,0.090889,0.100760,0.004866,0.000000,3.000000,0.144000,0.024000,odom
1785598312.582984,0.000505,2.030584,0.215404,0.180075,0.195993,0.232569,0.090889,0.100762,0.004866,0.000000,3.000000,0.149000,0.000000,odom
1785598312.583448,0.000463,2.030651,0.215416,0.180090,0.195993,0.232572,0.090889,0.100764,0.004865,0.000000,3.000000,0.147000,0.031000,odom
1785598312.584004,0.000556,2.030731,0.215430,0.180107,0.195993,0.232577,0.090889,0.100766,0.004865,0.000000,3.000000,0.145000,0.031000,odom
1785598312.584561,0.000557,2.030805,0.215444,0.180131,0.195993,0.232581,0.090889,0.100768,0.004865,0.000000,3.000000,0.135000,0.043000,odom
1785598312.585039,0.000478,2.030863,0.215454,0.180157,0.195993,0.232584,0.090889,0.100770,0.004865,0.000000,3.000000,0.123000,0.055000,odom
1785598312.585587,0.000547,2.030926,0.215466,0.180201,0.195993,0.232588,0.090889,0.100771,0.004865,0.000000,3.000000,0.118000,0.080000,odom
1785598312.586119,0.000533,2.030979,0.215476,0.180287,0.195993,0.232590,0.090889,0.100773,0.004865,0.000000,3.000000,0.101000,0.161000,odom
1785598312.601516,0.015396,2.031721,0.215611,0.180471,0.195994,0.232632,0.090890,0.100792,0.004863,0.000000,3.000000,0.049000,0.012000,odom
1785598312.765213,0.163697,2.031820,0.215920,0.180997,0.196057,0.232587,0.090923,0.100802,0.004877,0.000000,3.000000,0.000000,0.000000,filler
1785598312.865567,0.100355,2.031820,0.215920,0.180997,0.196081,0.232587,0.090978,0.100822,0.004887,0.000000,3.000000,0.000000,0.000000,filler
1785598313.065372,0.199805,2.031830,0.216368,0.181197,0.196180,0.232530,0.091166,0.100868,0.004923,0.000000,3.000000,0.000000,0.000000,filler
1785598313.099420,0.034048,2.032074,0.216408,0.181610,0.196181,0.232452,0.091059,0.100813,0.004916,0.000000,3.000000,0.006000,0.006000,odom
1785598313.101102,0.001682,2.032077,0.216409,0.181631,0.196181,0.232453,0.091059,0.100813,0.004916,0.000000,3.000000,0.002000,0.012000,odom
1785598313.102137,0.001035,2.032070,0.216408,0.181631,0.196181,0.232452,0.091059,0.100813,0.004916,0.000000,3.000000,-0.007000,0.000000,odom
1785598313.103043,0.000906,2.032010,0.216397,0.181507,0.196181,0.232449,0.091059,0.100811,0.004916,0.000000,3.000000,-0.067000,-0.136000,odom
1785598313.103957,0.000915,2.031925,0.216381,0.181422,0.196181,0.232444,0.091059,0.100809,0.004916,0.000000,3.000000,-0.095000,-0.093000,odom
1785598313.104884,0.000927,2.031814,0.216361,0.181365,0.196181,0.232438,0.091059,0.100806,0.004916,0.000000,3.000000,-0.121000,-0.062000,odom
1785598313.105813,0.000930,2.031682,0.216336,0.181278,0.196181,0.232431,0.091059,0.100803,0.004917,0.000000,3.000000,-0.145000,-0.093000,odom
1785598313.107005,0.001192,2.031507,0.216304,0.181146,0.196181,0.232421,0.091059,0.100798,0.004917,0.000000,3.000000,-0.149000,-0.111000,odom
1785598313.128663,0.021657,2.028268,0.215717,0.177789,0.196182,0.232242,0.091061,0.100716,0.004925,0.000000,3.000000,-0.152000,-0.155000,odom
1785598313.129598,0.000935,2.028128,0.215692,0.177644,0.196182,0.232234,0.091061,0.100712,0.004926,0.000000,3.000000,-0.152000,-0.155000,odom
1785598313.130482,0.000884,2.028003,0.215669,0.177502,0.196182,0.232227,0.091061,0.100709,0.004926,0.000000,3.000000,-0.144000,-0.161000,odom
1785598313.131001,0.000519,2.027933,0.215657,0.177412,0.196182,0.232223,0.091061,0.100707,0.004926,0.000000,3.000000,-0.136000,-0.174000,odom
1785598313.131752,0.000751,2.027831,0.215638,0.177253,0.196182,0.232218,0.091061,0.100705,0.004926,0.000000,3.000000,-0.139000,-0.211000,odom
1785598313.132340,0.000588,2.027750,0.215624,0.177129,0.196182,0.232213,0.091061,0.100703,0.004927,0.000000,3.000000,-0.139000,-0.211000,odom
1785598313.133231,0.000891,2.027623,0.215601,0.176924,0.196182,0.232206,0.091061,0.100699,0.004927,0.000000,3.000000,-0.145000,-0.230000,odom
1785598313.265182,0.131950,2.027623,0.215601,0.176924,0.196225,0.232207,0.091157,0.100734,0.004943,0.000000,3.000000,0.000000,0.000000,filler
1785598313.365316,0.100134,2.027623,0.215601,0.176924,0.196250,0.232208,0.091212,0.100754,0.004953,0.000000,3.000000,0.000000,0.000000,filler
1785598313.372869,0.007553,2.026537,0.215407,0.177105,0.196250,0.232148,0.091212,0.100726,0.004955,0.000000,3.000000,-0.146000,0.024000,odom
1785598313.373803,0.000935,2.026406,0.215383,0.177122,0.196250,0.232141,0.091212,0.100723,0.004956,0.000000,3.000000,-0.143000,0.018000,odom
1785598313.374621,0.000817,2.026288,0.215362,0.177157,0.196250,0.232134,0.091212,0.100720,0.004956,0.000000,3.000000,-0.147000,0.043000,odom
1785598313.375345,0.000724,2.026186,0.215344,0.177188,0.196250,0.232129,0.091212,0.100717,0.004956,0.000000,3.000000,-0.143000,0.043000,odom
1785598313.376112,0.000767,2.026078,0.215325,0.177212,0.196250,0.232123,0.091212,0.100715,0.004956,0.000000,3.000000,-0.143000,0.031000,odom
1785598313.376856,0.000744,2.025969,0.215305,0.177230,0.196250,0.232117,0.091212,0.100712,0.004957,0.000000,3.000000,-0.149000,0.024000,odom
1785598313.377496,0.000640,2.025874,0.215288,0.177250,0.196250,0.232111,0.091212,0.100709,0.004957,0.000000,3.000000,-0.150000,0.031000,odom
1785598313.378206,0.000710,2.025772,0.215270,0.177267,0.196250,0.232106,0.091212,0.100707,0.004957,0.000000,3.000000,-0.146000,0.024000,odom
1785598313.378804,0.000598,2.025687,0.215255,0.177270,0.196250,0.232101,0.091212,0.100705,0.004957,0.000000,3.000000,-0.145000,0.006000,odom
1785598313.379631,0.000827,2.025570,0.215234,0.177265,0.196250,0.232095,0.091212,0.100702,0.004958,0.000000,3.000000,-0.143000,-0.006000,odom
1785598313.380298,0.000667,2.025478,0.215217,0.177257,0.196250,0.232089,0.091212,0.100699,0.004958,0.000000,3.000000,-0.141000,-0.012000,odom
1785598313.380795,0.000497,2.025404,0.215204,0.177242,0.196250,0.232085,0.091212,0.100697,0.004958,0.000000,3.000000,-0.150000,-0.031000,odom
1785598313.565940,0.185144,2.025404,0.215204,0.177242,0.196335,0.232088,0.091400,0.100766,0.004990,0.000000,3.000000,0.000000,0.000000,filler
1785598313.765360,0.199420,2.025404,0.215204,0.177242,0.196433,0.232090,0.091617,0.100845,0.005027,0.000000,3.000000,0.000000,0.000000,filler
1785598313.847227,0.081867,1.998931,0.193237,0.178130,0.196301,0.229374,0.088128,0.098913,0.004747,0.000000,3.000000,-0.141000,-0.062000,odom
1785598313.848743,0.001517,1.998718,0.193198,0.177971,0.196301,0.229362,0.088128,0.098908,0.004747,0.000000,3.000000,-0.143000,-0.105000,odom
1785598313.850085,0.001342,1.998525,0.193163,0.177838,0.196301,0.229352,0.088128,0.098903,0.004748,0.000000,3.000000,-0.146000,-0.099000,odom
1785598313.851088,0.001003,1.998382,0.193138,0.177745,0.196301,0.229345,0.088128,0.098900,0.004748,0.000000,3.000000,-0.145000,-0.093000,odom
1785598313.852114,0.001026,1.998231,0.193111,0.177579,0.196301,0.229337,0.088128,0.098896,0.004749,0.000000,3.000000,-0.149000,-0.161000,odom
1785598313.852810,0.000695,1.998134,0.193093,0.177437,0.196301,0.229332,0.088128,0.098894,0.004749,0.000000,3.000000,-0.143000,-0.205000,odom
1785598313.853607,0.000797,1.998021,0.193073,0.177264,0.196301,0.229326,0.088128,0.098891,0.004749,0.000000,3.000000,-0.143000,-0.217000,odom
1785598313.854683,0.001076,1.997872,0.193046,0.177037,0.196301,0.229318,0.088128,0.098887,0.004749,0.000000,3.000000,-0.141000,-0.211000,odom
1785598313.855830,0.001148,1.997708,0.193017,0.176731,0.196301,0.229310,0.088128,0.098883,0.004750,0.000000,3.000000,-0.145000,-0.267000,odom
1785598313.965271,0.109441,1.987587,0.186355,0.174581,0.196124,0.227733,0.085989,0.097721,0.004601,0.000000,3.000000,0.000000,0.000000,filler
1785598314.065640,0.100369,1.987587,0.186355,0.174581,0.196149,0.227734,0.086047,0.097741,0.004610,0.000000,3.000000,0.000000,0.000000,filler
1785598314.106493,0.040853,1.981666,0.185349,0.162162,0.196153,0.227436,0.086057,0.097609,0.004625,0.000000,3.000000,-0.147000,-0.304000,odom
1785598314.107705,0.001212,1.981493,0.185321,0.161777,0.196153,0.227427,0.086057,0.097605,0.004625,0.000000,3.000000,-0.145000,-0.317000,odom
1785598314.108794,0.001090,1.981338,0.185296,0.161507,0.196153,0.227419,0.086057,0.097601,0.004625,0.000000,3.000000,-0.144000,-0.248000,odom
1785598314.109807,0.001012,1.981191,0.185272,0.161262,0.196153,0.227412,0.086057,0.097598,0.004626,0.000000,3.000000,-0.147000,-0.242000,odom
1785598314.111106,0.001299,1.981004,0.185241,0.160923,0.196153,0.227402,0.086057,0.097594,0.004626,0.000000,3.000000,-0.146000,-0.261000,odom
1785598314.112310,0.001204,1.980830,0.185213,0.160579,0.196153,0.227394,0.086057,0.097590,0.004626,0.000000,3.000000,-0.146000,-0.286000,odom
1785598314.113588,0.001278,1.980655,0.185185,0.160262,0.196153,0.227385,0.086057,0.097586,0.004627,0.000000,3.000000,-0.139000,-0.248000,odom
1785598314.114533,0.000945,1.980523,0.185163,0.160004,0.196153,0.227378,0.086057,0.097583,0.004627,0.000000,3.000000,-0.141000,-0.273000,odom
1785598314.115329,0.000796,1.980410,0.185145,0.159782,0.196153,0.227372,0.086057,0.097580,0.004627,0.000000,3.000000,-0.145000,-0.279000,odom
1785598314.116131,0.000802,1.980295,0.185127,0.159538,0.196153,0.227367,0.086057,0.097577,0.004627,0.000000,3.000000,-0.145000,-0.304000,odom
1785598314.136801,0.020670,1.977436,0.184674,0.154288,0.196154,0.227223,0.086059,0.097513,0.004634,0.000000,3.000000,-0.140000,-0.254000,odom
1785598314.137733,0.000931,1.977302,0.184653,0.154044,0.196154,0.227216,0.086059,0.097510,0.004634,0.000000,3.000000,-0.146000,-0.261000,odom
1785598314.138727,0.000994,1.977158,0.184631,0.153767,0.196154,0.227209,0.086059,0.097507,0.004635,0.000000,3.000000,-0.147000,-0.279000,odom
1785598314.139446,0.000719,1.977055,0.184615,0.153571,0.196154,0.227204,0.086059,0.097504,0.004635,0.000000,3.000000,-0.144000,-0.273000,odom
1785598314.140114,0.000667,1.976961,0.184601,0.153393,0.196154,0.227199,0.086059,0.097502,0.004635,0.000000,3.000000,-0.143000,-0.267000,odom
1785598314.140691,0.000578,1.976876,0.184587,0.153220,0.196154,0.227195,0.086059,0.097500,0.004635,0.000000,3.000000,-0.149000,-0.298000,odom
1785598314.141511,0.000820,1.976754,0.184569,0.152961,0.196154,0.227189,0.086059,0.097497,0.004635,0.000000,3.000000,-0.150000,-0.317000,odom
1785598314.142449,0.000938,1.976625,0.184549,0.152704,0.196154,0.227182,0.086059,0.097494,0.004636,0.000000,3.000000,-0.139000,-0.273000,odom
1785598314.144162,0.001713,1.976388,0.184512,0.152227,0.196154,0.227170,0.086059,0.097489,0.004636,0.000000,3.000000,-0.140000,-0.279000,odom
1785598314.145109,0.000948,1.976255,0.184492,0.151962,0.196154,0.227164,0.086059,0.097486,0.004636,0.000000,3.000000,-0.143000,-0.279000,odom
1785598314.145993,0.000883,1.976124,0.184472,0.151732,0.196154,0.227157,0.086059,0.097483,0.004637,0.000000,3.000000,-0.149000,-0.261000,odom
1785598314.149716,0.003723,1.975594,0.184391,0.150808,0.196154,0.227131,0.086059,0.097471,0.004638,0.000000,3.000000,-0.144000,-0.248000,odom
1785598314.150424,0.000708,1.975494,0.184376,0.150606,0.196154,0.227126,0.086059,0.097469,0.004638,0.000000,3.000000,-0.144000,-0.286000,odom
1785598314.151164,0.000740,1.975388,0.184360,0.150385,0.196154,0.227120,0.086059,0.097466,0.004638,0.000000,3.000000,-0.144000,-0.298000,odom
1785598314.151798,0.000634,1.975298,0.184346,0.150220,0.196154,0.227116,0.086059,0.097464,0.004639,0.000000,3.000000,-0.144000,-0.261000,odom
1785598314.152364,0.000567,1.975217,0.184334,0.150072,0.196154,0.227112,0.086059,0.097462,0.004639,0.000000,3.000000,-0.144000,-0.261000,odom
1785598314.177341,0.024977,1.971635,0.183805,0.143103,0.196155,0.226932,0.086063,0.097382,0.004647,0.000000,3.000000,-0.145000,-0.279000,odom
1785598314.208709,0.031367,1.967068,0.183167,0.134352,0.196157,0.226703,0.086069,0.097280,0.004658,0.000000,3.000000,-0.147000,-0.279000,odom
1785598314.211224,0.002516,1.966709,0.183119,0.133695,0.196157,0.226686,0.086069,0.097272,0.004658,0.000000,3.000000,-0.144000,-0.261000,odom
1785598314.279275,0.068051,1.956917,0.181897,0.114709,0.196169,0.226197,0.086096,0.097060,0.004684,0.000000,3.000000,-0.145000,-0.279000,odom
1785598314.281078,0.001803,1.956658,0.181867,0.114161,0.196169,0.226184,0.086096,0.097054,0.004684,0.000000,3.000000,-0.145000,-0.304000,odom
1785598314.465243,0.184165,1.956658,0.181867,0.114161,0.196254,0.226185,0.086292,0.097122,0.004716,0.000000,3.000000,0.000000,0.000000,filler
1785598314.565452,0.100209,1.956658,0.181867,0.114161,0.196279,0.226186,0.086351,0.097142,0.004726,0.000000,3.000000,0.000000,0.000000,filler
1785598314.665592,0.100140,1.956658,0.181867,0.114161,0.196305,0.226186,0.086409,0.097162,0.004735,0.000000,3.000000,0.000000,0.000000,filler
1785598314.865244,0.199651,1.958130,0.168732,0.106256,0.196398,0.225613,0.085833,0.096841,0.004709,0.000000,3.000000,0.000000,0.000000,filler
1785598314.966054,0.100810,1.955868,0.155955,0.097042,0.196372,0.224878,0.084835,0.096329,0.004640,0.000000,3.000000,0.000000,0.000000,filler
1785598315.040936,0.074883,1.945052,0.155001,0.078921,0.196386,0.224358,0.084868,0.096107,0.004668,0.000000,3.000000,-0.145000,-0.242000,odom
1785598315.042158,0.001222,1.944874,0.154987,0.078571,0.196386,0.224349,0.084868,0.096103,0.004669,0.000000,3.000000,-0.146000,-0.286000,odom
1785598315.042943,0.000784,1.944757,0.154977,0.078328,0.196386,0.224344,0.084868,0.096100,0.004669,0.000000,3.000000,-0.149000,-0.310000,odom
1785598315.043556,0.000613,1.944666,0.154970,0.078145,0.196386,0.224339,0.084868,0.096098,0.004669,0.000000,3.000000,-0.149000,-0.298000,odom
1785598315.044218,0.000662,1.944571,0.154963,0.077981,0.196386,0.224335,0.084868,0.096096,0.004669,0.000000,3.000000,-0.144000,-0.248000,odom
1785598315.044935,0.000717,1.944466,0.154955,0.077772,0.196386,0.224330,0.084868,0.096094,0.004669,0.000000,3.000000,-0.147000,-0.292000,odom
1785598315.045948,0.001013,1.944322,0.154943,0.077464,0.196386,0.224323,0.084868,0.096091,0.004670,0.000000,3.000000,-0.143000,-0.304000,odom
1785598315.046890,0.000942,1.944189,0.154933,0.077207,0.196386,0.224316,0.084868,0.096088,0.004670,0.000000,3.000000,-0.141000,-0.273000,odom
1785598315.047631,0.000741,1.944083,0.154925,0.077023,0.196386,0.224311,0.084868,0.096086,0.004670,0.000000,3.000000,-0.144000,-0.248000,odom
1785598315.048366,0.000735,1.943974,0.154917,0.076804,0.196386,0.224306,0.084868,0.096083,0.004670,0.000000,3.000000,-0.149000,-0.298000,odom
1785598315.057258,0.008893,1.942724,0.154822,0.074376,0.196386,0.224246,0.084869,0.096057,0.004673,0.000000,3.000000,-0.141000,-0.273000,odom
1785598315.058467,0.001208,1.942551,0.154809,0.074039,0.196386,0.224238,0.084869,0.096053,0.004673,0.000000,3.000000,-0.143000,-0.279000,odom
1785598315.059209,0.000743,1.942443,0.154801,0.073836,0.196386,0.224233,0.084869,0.096051,0.004674,0.000000,3.000000,-0.146000,-0.273000,odom
1785598315.060087,0.000878,1.942314,0.154792,0.073580,0.196386,0.224227,0.084869,0.096048,0.004674,0.000000,3.000000,-0.147000,-0.292000,odom
1785598315.061204,0.001117,1.942155,0.154780,0.073268,0.196386,0.224219,0.084869,0.096044,0.004674,0.000000,3.000000,-0.143000,-0.279000,odom
1785598315.062032,0.000827,1.942040,0.154771,0.073042,0.196386,0.224214,0.084869,0.096042,0.004675,0.000000,3.000000,-0.139000,-0.273000,odom
1785598315.062717,0.000686,1.941938,0.154764,0.072838,0.196386,0.224209,0.084869,0.096040,0.004675,0.000000,3.000000,-0.149000,-0.298000,odom
1785598315.081899,0.019182,1.938280,0.142350,0.058614,0.196353,0.223625,0.084233,0.095658,0.004634,0.000000,3.000000,-0.151000,-0.273000,odom
1785598315.082863,0.000964,1.938141,0.142342,0.058351,0.196353,0.223619,0.084233,0.095655,0.004634,0.000000,3.000000,-0.144000,-0.273000,odom
1785598315.083503,0.000640,1.938052,0.142337,0.058164,0.196353,0.223614,0.084233,0.095653,0.004634,0.000000,3.000000,-0.140000,-0.292000,odom
1785598315.084088,0.000585,1.937967,0.142332,0.057990,0.196353,0.223610,0.084233,0.095651,0.004634,0.000000,3.000000,-0.146000,-0.298000,odom
1785598315.084535,0.000447,1.937902,0.142328,0.057873,0.196353,0.223607,0.084233,0.095650,0.004634,0.000000,3.000000,-0.144000,-0.261000,odom
1785598315.101592,0.017058,1.935399,0.142189,0.053114,0.196354,0.223489,0.084235,0.095598,0.004640,0.000000,3.000000,-0.147000,-0.279000,odom
1785598315.103123,0.001531,1.935178,0.142177,0.052676,0.196354,0.223479,0.084235,0.095593,0.004640,0.000000,3.000000,-0.144000,-0.286000,odom
1785598315.104000,0.000877,1.935048,0.142171,0.052404,0.196354,0.223473,0.084235,0.095590,0.004640,0.000000,3.000000,-0.149000,-0.310000,odom
1785598315.104776,0.000776,1.934936,0.142165,0.052197,0.196354,0.223467,0.084235,0.095588,0.004641,0.000000,3.000000,-0.145000,-0.267000,odom
1785598315.118103,0.013326,1.933032,0.142068,0.048812,0.196354,0.223377,0.084236,0.095548,0.004645,0.000000,3.000000,-0.143000,-0.254000,odom
1785598315.265594,0.147492,1.932850,0.136403,0.044584,0.196405,0.223207,0.084120,0.095472,0.004647,0.000000,3.000000,0.000000,0.000000,filler
1785598315.366266,0.100672,1.932409,0.129776,0.039671,0.196402,0.222909,0.083775,0.095281,0.004627,0.000000,3.000000,0.000000,0.000000,filler
1785598315.566118,0.199852,1.932389,0.125263,0.036186,0.196500,0.222673,0.083699,0.095201,0.004642,0.000000,3.000000,0.000000,0.000000,filler
1785598315.625762,0.059643,1.923842,0.121479,0.017126,0.196494,0.222093,0.083464,0.094902,0.004644,0.000000,3.000000,-0.141000,-0.273000,odom
1785598315.626753,0.000992,1.923699,0.121476,0.016842,0.196494,0.222087,0.083464,0.094899,0.004644,0.000000,3.000000,-0.144000,-0.286000,odom
1785598315.627391,0.000638,1.923609,0.121475,0.016652,0.196494,0.222083,0.083464,0.094897,0.004644,0.000000,3.000000,-0.141000,-0.298000,odom
1785598315.628114,0.000722,1.923505,0.121473,0.016437,0.196494,0.222078,0.083464,0.094895,0.004644,0.000000,3.000000,-0.144000,-0.298000,odom
1785598315.628731,0.000618,1.923414,0.121471,0.016272,0.196494,0.222074,0.083464,0.094893,0.004644,0.000000,3.000000,-0.147000,-0.267000,odom
1785598315.629284,0.000552,1.923331,0.121470,0.016114,0.196494,0.222070,0.083464,0.094891,0.004645,0.000000,3.000000,-0.151000,-0.286000,odom
1785598315.639646,0.010362,1.921818,0.121448,0.013285,0.196495,0.222001,0.083465,0.094861,0.004648,0.000000,3.000000,-0.146000,-0.273000,odom
1785598315.640441,0.000795,1.921703,0.121446,0.013073,0.196495,0.221995,0.083465,0.094858,0.004648,0.000000,3.000000,-0.145000,-0.267000,odom
1785598315.641007,0.000566,1.921621,0.121445,0.012918,0.196495,0.221992,0.083465,0.094857,0.004648,0.000000,3.000000,-0.144000,-0.273000,odom
1785598315.641502,0.000495,1.921549,0.121444,0.012777,0.196495,0.221988,0.083465,0.094855,0.004648,0.000000,3.000000,-0.146000,-0.286000,odom
1785598315.641968,0.000465,1.921482,0.121444,0.012647,0.196495,0.221985,0.083465,0.094854,0.004648,0.000000,3.000000,-0.143000,-0.279000,odom
1785598315.642419,0.000451,1.921419,0.121443,0.012523,0.196495,0.221982,0.083465,0.094853,0.004649,0.000000,3.000000,-0.141000,-0.273000,odom
1785598315.765397,0.122978,1.921470,0.122183,0.012900,0.196532,0.221889,0.083432,0.094821,0.004654,0.000000,3.000000,0.000000,0.000000,filler
1785598315.966327,0.200930,1.914230,0.124903,0.012631,0.196596,0.221167,0.083290,0.094502,0.004676,0.000000,3.000000,0.000000,0.000000,filler
1785598316.049601,0.083274,1.901888,0.121393,-0.014703,0.196602,0.220483,0.083144,0.094178,0.004693,0.000000,3.000000,-0.147000,-0.292000,odom
1785598316.050799,0.001198,1.901716,0.121395,-0.015046,0.196602,0.220476,0.083144,0.094175,0.004694,0.000000,3.000000,-0.144000,-0.286000,odom
1785598316.052161,0.001363,1.901521,0.121398,-0.015460,0.196602,0.220467,0.083144,0.094171,0.004694,0.000000,3.000000,-0.143000,-0.304000,odom
1785598316.053092,0.000930,1.901388,0.121401,-0.015743,0.196602,0.220461,0.083144,0.094168,0.004694,0.000000,3.000000,-0.143000,-0.304000,odom
1785598316.054059,0.000968,1.901248,0.121403,-0.016019,0.196602,0.220455,0.083144,0.094166,0.004695,0.000000,3.000000,-0.144000,-0.286000,odom
1785598316.054696,0.000637,1.901155,0.121404,-0.016190,0.196602,0.220451,0.083144,0.094164,0.004695,0.000000,3.000000,-0.147000,-0.267000,odom
1785598316.055296,0.000600,1.901068,0.121406,-0.016346,0.196602,0.220447,0.083144,0.094162,0.004695,0.000000,3.000000,-0.144000,-0.261000,odom
1785598316.055956,0.000660,1.900973,0.121407,-0.016518,0.196602,0.220442,0.083144,0.094160,0.004695,0.000000,3.000000,-0.144000,-0.261000,odom
1785598316.056614,0.000658,1.900878,0.121409,-0.016694,0.196602,0.220438,0.083144,0.094158,0.004695,0.000000,3.000000,-0.145000,-0.267000,odom
1785598316.057554,0.000939,1.900741,0.121411,-0.016963,0.196602,0.220432,0.083144,0.094156,0.004696,0.000000,3.000000,-0.146000,-0.286000,odom
1785598316.165999,0.108445,1.865509,0.030869,-0.074284,0.196274,0.218841,0.081133,0.092997,0.004513,0.000000,3.000000,0.000000,0.000000,filler
1785598316.208301,0.042302,1.852411,0.038522,-0.084017,0.196244,0.217860,0.080740,0.092493,0.004509,0.000000,3.000000,-0.147000,-0.279000,odom
1785598316.209230,0.000930,1.852274,0.038533,-0.084288,0.196244,0.217854,0.080740,0.092491,0.004509,0.000000,3.000000,-0.147000,-0.292000,odom
1785598316.209838,0.000608,1.852188,0.038541,-0.084450,0.196244,0.217850,0.080740,0.092489,0.004509,0.000000,3.000000,-0.143000,-0.267000,odom
1785598316.210336,0.000498,1.852116,0.038547,-0.084593,0.196244,0.217847,0.080740,0.092488,0.004509,0.000000,3.000000,-0.144000,-0.286000,odom
1785598316.210786,0.000450,1.852051,0.038552,-0.084729,0.196244,0.217844,0.080740,0.092487,0.004509,0.000000,3.000000,-0.145000,-0.304000,odom
1785598316.211223,0.000437,1.851989,0.038558,-0.084854,0.196244,0.217842,0.080740,0.092486,0.004509,0.000000,3.000000,-0.144000,-0.286000,odom
1785598316.211683,0.000460,1.851922,0.038563,-0.084977,0.196244,0.217839,0.080740,0.092484,0.004509,0.000000,3.000000,-0.145000,-0.267000,odom
1785598316.212189,0.000507,1.851849,0.038570,-0.085113,0.196244,0.217836,0.080740,0.092483,0.004510,0.000000,3.000000,-0.145000,-0.267000,odom
1785598316.212667,0.000477,1.851780,0.038576,-0.085249,0.196244,0.217833,0.080740,0.092482,0.004510,0.000000,3.000000,-0.146000,-0.286000,odom
1785598316.213160,0.000493,1.851706,0.038582,-0.085390,0.196244,0.217830,0.080740,0.092480,0.004510,0.000000,3.000000,-0.149000,-0.286000,odom
1785598316.365877,0.152718,1.848338,0.041364,-0.085192,0.196250,0.217704,0.080874,0.092450,0.004532,0.000000,3.000000,0.000000,0.000000,filler
1785598316.565655,0.199777,1.821126,0.004967,-0.112508,0.196112,0.216322,0.079386,0.091558,0.004428,0.000000,3.000000,0.000000,0.000000,filler
1785598316.636333,0.070677,1.806512,-0.001499,-0.135834,0.196082,0.215529,0.079310,0.091191,0.004448,0.000000,3.000000,-0.145000,-0.267000,odom
1785598316.637427,0.001095,1.806353,-0.001477,-0.136127,0.196082,0.215522,0.079310,0.091188,0.004448,0.000000,3.000000,-0.147000,-0.267000,odom
1785598316.638757,0.001329,1.806162,-0.001451,-0.136481,0.196083,0.215514,0.079310,0.091185,0.004449,0.000000,3.000000,-0.145000,-0.267000,odom
1785598316.639603,0.000847,1.806042,-0.001435,-0.136739,0.196083,0.215509,0.079310,0.091183,0.004449,0.000000,3.000000,-0.143000,-0.304000,odom
1785598316.640464,0.000861,1.805924,-0.001419,-0.136990,0.196083,0.215505,0.079310,0.091181,0.004449,0.000000,3.000000,-0.138000,-0.292000,odom
1785598316.641273,0.000809,1.805810,-0.001403,-0.137216,0.196083,0.215500,0.079310,0.091179,0.004449,0.000000,3.000000,-0.143000,-0.279000,odom
1785598316.642474,0.001201,1.805632,-0.001378,-0.137559,0.196083,0.215493,0.079310,0.091176,0.004449,0.000000,3.000000,-0.149000,-0.286000,odom
1785598316.643469,0.000995,1.805486,-0.001358,-0.137844,0.196083,0.215487,0.079310,0.091173,0.004450,0.000000,3.000000,-0.149000,-0.286000,odom
1785598316.644355,0.000886,1.805357,-0.001340,-0.138097,0.196083,0.215482,0.079310,0.091171,0.004450,0.000000,3.000000,-0.146000,-0.286000,odom
1785598316.645193,0.000838,1.805235,-0.001323,-0.138342,0.196083,0.215477,0.079310,0.091169,0.004450,0.000000,3.000000,-0.147000,-0.292000,odom
1785598316.658373,0.013180,1.803317,-0.001052,-0.142191,0.196083,0.215398,0.079311,0.091135,0.004454,0.000000,3.000000,-0.147000,-0.292000,odom
1785598316.659312,0.000939,1.803182,-0.001033,-0.142465,0.196083,0.215393,0.079311,0.091133,0.004454,0.000000,3.000000,-0.145000,-0.292000,odom
1785598316.660051,0.000739,1.803081,-0.001018,-0.142667,0.196083,0.215389,0.079311,0.091131,0.004454,0.000000,3.000000,-0.139000,-0.273000,odom
1785598316.660594,0.000543,1.803003,-0.001007,-0.142822,0.196083,0.215386,0.079311,0.091130,0.004454,0.000000,3.000000,-0.144000,-0.286000,odom
1785598316.661149,0.000555,1.802926,-0.000996,-0.142987,0.196083,0.215382,0.079311,0.091129,0.004455,0.000000,3.000000,-0.141000,-0.298000,odom
1785598316.661723,0.000574,1.802843,-0.000984,-0.143169,0.196083,0.215379,0.079311,0.091127,0.004455,0.000000,3.000000,-0.145000,-0.317000,odom
1785598316.662295,0.000573,1.802760,-0.000972,-0.143336,0.196083,0.215376,0.079311,0.091126,0.004455,0.000000,3.000000,-0.147000,-0.292000,odom
1785598316.662902,0.000606,1.802674,-0.000960,-0.143495,0.196083,0.215372,0.079311,0.091124,0.004455,0.000000,3.000000,-0.144000,-0.261000,odom
1785598316.663565,0.000663,1.802580,-0.000946,-0.143499,0.196083,0.215368,0.079311,0.091123,0.004455,0.000000,3.000000,-0.143000,-0.006000,odom
1785598316.664173,0.000608,1.802493,-0.000934,-0.143484,0.196084,0.215365,0.079311,0.091121,0.004455,0.000000,3.000000,-0.144000,0.024000,odom
1785598316.665223,0.001050,1.802342,-0.000912,-0.143426,0.196084,0.215359,0.079311,0.091118,0.004456,0.000000,3.000000,-0.145000,0.055000,odom
1785598316.666125,0.000902,1.802212,-0.000893,-0.143370,0.196084,0.215353,0.079311,0.091116,0.004456,0.000000,3.000000,-0.146000,0.062000,odom
1785598316.666762,0.000637,1.802121,-0.000880,-0.143343,0.196084,0.215350,0.079311,0.091115,0.004456,0.000000,3.000000,-0.145000,0.043000,odom
1785598316.667341,0.000579,1.802040,-0.000868,-0.143314,0.196084,0.215346,0.079311,0.091113,0.004456,0.000000,3.000000,-0.141000,0.049000,odom
1785598316.668001,0.000659,1.801948,-0.000855,-0.143225,0.196084,0.215343,0.079311,0.091112,0.004456,0.000000,3.000000,-0.141000,0.136000,odom
1785598316.668643,0.000643,1.801855,-0.000842,-0.143129,0.196084,0.215339,0.079311,0.091110,0.004456,0.000000,3.000000,-0.146000,0.149000,odom
1785598316.669448,0.000804,1.801741,-0.000825,-0.143004,0.196084,0.215334,0.079311,0.091108,0.004457,0.000000,3.000000,-0.143000,0.155000,odom
1785598316.670137,0.000689,1.801641,-0.000811,-0.142928,0.196084,0.215330,0.079311,0.091106,0.004457,0.000000,3.000000,-0.146000,0.111000,odom
1785598316.684245,0.014108,1.787502,-0.025929,-0.157504,0.195981,0.214910,0.078612,0.090775,0.004393,0.000000,3.000000,-0.154000,0.149000,odom
1785598316.724333,0.040089,1.781560,-0.025010,-0.149285,0.195986,0.214672,0.078622,0.090676,0.004405,0.000000,3.000000,-0.150000,0.205000,odom
1785598316.755038,0.030704,1.777033,-0.024346,-0.142039,0.195990,0.214491,0.078628,0.090601,0.004414,0.000000,3.000000,-0.149000,0.236000,odom
1785598316.810367,0.055330,1.763066,-0.011155,-0.125949,0.195968,0.213488,0.078213,0.090098,0.004408,0.000000,3.000000,-0.141000,0.198000,odom
1785598316.811842,0.001475,1.762851,-0.011128,-0.125574,0.195968,0.213480,0.078213,0.090094,0.004409,0.000000,3.000000,-0.147000,0.254000,odom
1785598316.828091,0.016249,1.760528,-0.010840,-0.120732,0.195969,0.213389,0.078215,0.090056,0.004413,0.000000,3.000000,-0.144000,0.298000,odom
1785598316.836783,0.008692,1.759312,-0.010694,-0.118246,0.195970,0.213341,0.078215,0.090036,0.004415,0.000000,3.000000,-0.141000,0.286000,odom
1785598316.837425,0.000643,1.759223,-0.010684,-0.118087,0.195970,0.213338,0.078215,0.090035,0.004415,0.000000,3.000000,-0.139000,0.248000,odom
1785598316.965532,0.128106,1.750823,-0.026285,-0.124563,0.195950,0.213124,0.078236,0.089939,0.004424,0.000000,3.000000,0.000000,0.000000,filler
1785598317.165418,0.199886,1.735561,-0.024605,-0.125269,0.195943,0.212316,0.077678,0.089506,0.004399,0.000000,3.000000,0.000000,0.000000,filler
1785598317.365758,0.200341,1.717517,-0.046091,-0.131511,0.195923,0.212154,0.077617,0.089419,0.004397,0.000000,3.000000,0.000000,0.000000,filler
1785598317.465940,0.100181,1.706519,-0.061014,-0.133550,0.195882,0.211994,0.077435,0.089307,0.004380,0.000000,3.000000,0.000000,0.000000,filler
1785598317.609761,0.143822,1.663298,-0.061616,-0.084140,0.195763,0.211111,0.077096,0.088835,0.004380,0.000000,3.000000,-0.145000,0.317000,odom
1785598317.610572,0.000811,1.663188,-0.061607,-0.083889,0.195763,0.211107,0.077096,0.088833,0.004380,0.000000,3.000000,-0.136000,0.310000,odom
1785598317.611226,0.000654,1.663094,-0.061599,-0.083670,0.195763,0.211103,0.077096,0.088832,0.004380,0.000000,3.000000,-0.144000,0.335000,odom
1785598317.611979,0.000753,1.662984,-0.061590,-0.083436,0.195763,0.211099,0.077096,0.088830,0.004380,0.000000,3.000000,-0.146000,0.310000,odom
1785598317.612591,0.000612,1.662896,-0.061583,-0.083257,0.195763,0.211096,0.077096,0.088828,0.004380,0.000000,3.000000,-0.145000,0.292000,odom
1785598317.613155,0.000564,1.662816,-0.061576,-0.083093,0.195763,0.211093,0.077096,0.088827,0.004380,0.000000,3.000000,-0.143000,0.292000,odom
1785598317.613912,0.000757,1.662703,-0.061567,-0.082858,0.195763,0.211088,0.077096,0.088825,0.004381,0.000000,3.000000,-0.149000,0.310000,odom
1785598317.614833,0.000921,1.662565,-0.061555,-0.082584,0.195763,0.211083,0.077096,0.088823,0.004381,0.000000,3.000000,-0.151000,0.298000,odom
1785598317.615864,0.001031,1.662414,-0.061543,-0.082296,0.195763,0.211077,0.077096,0.088821,0.004381,0.000000,3.000000,-0.147000,0.279000,odom
1785598317.616816,0.000953,1.662280,-0.061532,-0.081977,0.195763,0.211072,0.077096,0.088819,0.004381,0.000000,3.000000,-0.141000,0.335000,odom
1785598317.710894,0.094078,1.640702,-0.053438,-0.046885,0.195704,0.210476,0.076852,0.088506,0.004380,0.000000,3.000000,-0.143000,0.341000,odom
1785598317.712295,0.001401,1.640498,-0.053429,-0.046380,0.195704,0.210468,0.076852,0.088503,0.004380,0.000000,3.000000,-0.146000,0.360000,odom
1785598317.713349,0.001055,1.640347,-0.053422,-0.046072,0.195704,0.210462,0.076852,0.088501,0.004381,0.000000,3.000000,-0.143000,0.292000,odom
1785598317.865305,0.151956,1.629004,-0.063082,-0.048406,0.195685,0.210355,0.076704,0.088425,0.004371,0.000000,3.000000,0.000000,0.000000,filler
1785598317.916873,0.051568,1.616539,-0.056951,-0.033731,0.195648,0.210057,0.076549,0.088262,0.004363,0.000000,3.000000,-0.140000,0.267000,odom
1785598317.917948,0.001076,1.616383,-0.056946,-0.033417,0.195648,0.210051,0.076549,0.088259,0.004363,0.000000,3.000000,-0.145000,0.292000,odom
1785598317.918672,0.000723,1.616275,-0.056943,-0.033183,0.195648,0.210047,0.076549,0.088258,0.004363,0.000000,3.000000,-0.149000,0.323000,odom
1785598317.919439,0.000768,1.616163,-0.056939,-0.032935,0.195648,0.210043,0.076549,0.088256,0.004364,0.000000,3.000000,-0.146000,0.323000,odom
1785598317.920254,0.000815,1.616049,-0.056935,-0.032708,0.195648,0.210039,0.076549,0.088254,0.004364,0.000000,3.000000,-0.140000,0.279000,odom
1785598317.920807,0.000553,1.615967,-0.056933,-0.032529,0.195648,0.210036,0.076549,0.088253,0.004364,0.000000,3.000000,-0.149000,0.323000,odom
1785598317.921332,0.000525,1.615891,-0.056930,-0.032357,0.195648,0.210033,0.076549,0.088252,0.004364,0.000000,3.000000,-0.145000,0.329000,odom
1785598317.921847,0.000515,1.615817,-0.056928,-0.032200,0.195648,0.210030,0.076549,0.088251,0.004364,0.000000,3.000000,-0.143000,0.304000,odom
1785598317.922385,0.000537,1.615743,-0.056925,-0.032050,0.195648,0.210027,0.076549,0.088249,0.004364,0.000000,3.000000,-0.138000,0.279000,odom
1785598317.923373,0.000988,1.615596,-0.056921,-0.031744,0.195648,0.210022,0.076549,0.088247,0.004365,0.000000,3.000000,-0.149000,0.310000,odom
1785598317.924090,0.000718,1.615488,-0.056917,-0.031526,0.195648,0.210018,0.076549,0.088245,0.004365,0.000000,3.000000,-0.150000,0.304000,odom
1785598317.924685,0.000595,1.615403,-0.056915,-0.031352,0.195648,0.210015,0.076549,0.088244,0.004365,0.000000,3.000000,-0.143000,0.292000,odom
1785598317.925251,0.000566,1.615321,-0.056912,-0.031173,0.195648,0.210012,0.076549,0.088243,0.004365,0.000000,3.000000,-0.145000,0.317000,odom
1785598317.925805,0.000554,1.615242,-0.056909,-0.030990,0.195648,0.210009,0.076549,0.088242,0.004365,0.000000,3.000000,-0.143000,0.329000,odom
1785598318.065604,0.139799,1.606413,-0.065692,-0.031610,0.195647,0.209885,0.076346,0.088159,0.004349,0.000000,3.000000,0.000000,0.000000,filler
1785598318.265614,0.200009,1.593110,-0.062954,-0.028566,0.195663,0.209683,0.076082,0.088039,0.004330,0.000000,3.000000,0.000000,0.000000,filler
1785598318.465287,0.199673,1.580536,-0.053778,-0.022433,0.195684,0.209419,0.075792,0.087893,0.004310,0.000000,3.000000,0.000000,0.000000,filler
1785598318.565375,0.100087,1.574734,-0.039359,-0.016594,0.195661,0.209208,0.075591,0.087765,0.004294,0.000000,3.000000,0.000000,0.000000,filler
1785598318.594483,0.029108,1.560466,-0.041478,-0.006431,0.195576,0.208974,0.075180,0.087572,0.004257,0.000000,3.000000,-0.141000,0.335000,odom
1785598318.595387,0.000904,1.560341,-0.041477,-0.006156,0.195576,0.208970,0.075180,0.087571,0.004257,0.000000,3.000000,-0.138000,0.304000,odom
1785598318.596299,0.000912,1.560204,-0.041476,-0.005851,0.195576,0.208965,0.075180,0.087569,0.004257,0.000000,3.000000,-0.151000,0.335000,odom
1785598318.632891,0.036592,1.554715,-0.041476,0.005749,0.195580,0.208771,0.075189,0.087490,0.004267,0.000000,3.000000,-0.150000,0.317000,odom
1785598318.634247,0.001356,1.554520,-0.041477,0.006136,0.195580,0.208764,0.075189,0.087487,0.004267,0.000000,3.000000,-0.144000,0.286000,odom
1785598318.704781,0.070534,1.537542,-0.030551,0.032961,0.195524,0.208185,0.074867,0.087176,0.004254,0.000000,3.000000,-0.147000,0.341000,odom
1785598318.705575,0.000794,1.537427,-0.030555,0.033213,0.195524,0.208181,0.074867,0.087174,0.004254,0.000000,3.000000,-0.145000,0.317000,odom
1785598318.706119,0.000545,1.537352,-0.030557,0.033365,0.195524,0.208179,0.074867,0.087173,0.004254,0.000000,3.000000,-0.138000,0.279000,odom
1785598318.706621,0.000502,1.537279,-0.030560,0.033530,0.195524,0.208176,0.074867,0.087172,0.004254,0.000000,3.000000,-0.145000,0.329000,odom
1785598318.707081,0.000460,1.537212,-0.030562,0.033681,0.195524,0.208174,0.074867,0.087171,0.004254,0.000000,3.000000,-0.145000,0.329000,odom
1785598318.707522,0.000441,1.537148,-0.030564,0.033815,0.195524,0.208172,0.074867,0.087170,0.004254,0.000000,3.000000,-0.145000,0.304000,odom
1785598318.707999,0.000477,1.537080,-0.030567,0.033943,0.195524,0.208169,0.074867,0.087169,0.004254,0.000000,3.000000,-0.143000,0.267000,odom
1785598318.865149,0.157150,1.528830,-0.033816,0.032675,0.195531,0.208127,0.074752,0.087137,0.004246,0.000000,3.000000,0.000000,0.000000,filler
1785598318.942315,0.077166,1.513802,-0.020655,0.058805,0.195514,0.207515,0.074456,0.086832,0.004236,0.000000,3.000000,-0.144000,0.286000,odom
1785598318.943167,0.000852,1.513677,-0.020663,0.059076,0.195514,0.207511,0.074456,0.086831,0.004237,0.000000,3.000000,-0.147000,0.317000,odom
1785598318.943799,0.000631,1.513583,-0.020668,0.059280,0.195514,0.207508,0.074456,0.086829,0.004237,0.000000,3.000000,-0.149000,0.323000,odom
1785598318.944293,0.000494,1.513511,-0.020672,0.059436,0.195514,0.207505,0.074456,0.086828,0.004237,0.000000,3.000000,-0.147000,0.317000,odom
1785598318.944789,0.000497,1.513442,-0.020677,0.059590,0.195514,0.207503,0.074456,0.086827,0.004237,0.000000,3.000000,-0.139000,0.310000,odom
1785598318.945271,0.000481,1.513373,-0.020681,0.059754,0.195514,0.207501,0.074456,0.086826,0.004237,0.000000,3.000000,-0.143000,0.341000,odom
1785598318.946132,0.000862,1.513253,-0.020688,0.060054,0.195514,0.207497,0.074456,0.086824,0.004237,0.000000,3.000000,-0.139000,0.348000,odom
1785598318.998457,0.052325,1.500563,-0.023019,0.074407,0.195488,0.207229,0.074249,0.086672,0.004223,0.000000,3.000000,-0.140000,0.292000,odom
1785598318.999878,0.001421,1.500358,-0.023035,0.074804,0.195488,0.207222,0.074249,0.086669,0.004223,0.000000,3.000000,-0.145000,0.279000,odom
1785598319.000854,0.000976,1.500212,-0.023046,0.075101,0.195488,0.207217,0.074249,0.086667,0.004224,0.000000,3.000000,-0.150000,0.304000,odom
1785598319.001762,0.000908,1.500079,-0.023056,0.075366,0.195488,0.207213,0.074249,0.086665,0.004224,0.000000,3.000000,-0.147000,0.292000,odom
1785598319.002563,0.000801,1.499960,-0.023065,0.075595,0.195488,0.207209,0.074249,0.086664,0.004224,0.000000,3.000000,-0.149000,0.286000,odom
1785598319.003522,0.000959,1.499819,-0.023075,0.075875,0.195488,0.207204,0.074249,0.086662,0.004224,0.000000,3.000000,-0.147000,0.292000,odom
1785598319.004297,0.000775,1.499707,-0.023084,0.076130,0.195488,0.207200,0.074249,0.086660,0.004224,0.000000,3.000000,-0.145000,0.329000,odom
1785598319.004891,0.000594,1.499625,-0.023090,0.076322,0.195488,0.207197,0.074249,0.086659,0.004225,0.000000,3.000000,-0.139000,0.323000,odom
1785598319.165415,0.160523,1.495424,-0.009464,0.082266,0.195524,0.206980,0.074128,0.086565,0.004221,0.000000,3.000000,0.000000,0.000000,filler
1785598319.228023,0.062609,1.481727,-0.010141,0.100773,0.195502,0.206668,0.073948,0.086401,0.004212,0.000000,3.000000,-0.144000,0.298000,odom
1785598319.229506,0.001483,1.481513,-0.010163,0.101279,0.195502,0.206661,0.073948,0.086398,0.004212,0.000000,3.000000,-0.145000,0.341000,odom
1785598319.230657,0.001151,1.481353,-0.010179,0.101672,0.195502,0.206656,0.073948,0.086396,0.004212,0.000000,3.000000,-0.140000,0.341000,odom
1785598319.231639,0.000982,1.481215,-0.010193,0.102013,0.195502,0.206651,0.073948,0.086394,0.004212,0.000000,3.000000,-0.141000,0.348000,odom
1785598319.232846,0.001207,1.481042,-0.010211,0.102403,0.195502,0.206645,0.073948,0.086392,0.004213,0.000000,3.000000,-0.144000,0.323000,odom
1785598319.233947,0.001101,1.480881,-0.010228,0.102738,0.195502,0.206640,0.073948,0.086389,0.004213,0.000000,3.000000,-0.147000,0.304000,odom
1785598319.234912,0.000965,1.480737,-0.010242,0.103031,0.195502,0.206635,0.073948,0.086387,0.004213,0.000000,3.000000,-0.150000,0.304000,odom
1785598319.236144,0.001232,1.480554,-0.010261,0.103398,0.195502,0.206629,0.073948,0.086385,0.004213,0.000000,3.000000,-0.149000,0.298000,odom
1785598319.365422,0.129278,1.476252,0.001703,0.108852,0.195517,0.206467,0.073830,0.086306,0.004205,0.000000,3.000000,0.000000,0.000000,filler
1785598319.412586,0.047164,1.465056,0.002321,0.123330,0.195492,0.206236,0.073663,0.086177,0.004194,0.000000,3.000000,-0.143000,0.317000,odom
1785598319.413499,0.000913,1.464925,0.002305,0.123613,0.195492,0.206231,0.073663,0.086175,0.004194,0.000000,3.000000,-0.144000,0.310000,odom
1785598319.421670,0.008171,1.463758,0.002158,0.126048,0.195492,0.206192,0.073663,0.086159,0.004196,0.000000,3.000000,-0.144000,0.298000,odom
1785598319.422502,0.000832,1.463634,0.002143,0.126301,0.195492,0.206188,0.073663,0.086157,0.004196,0.000000,3.000000,-0.150000,0.304000,odom
1785598319.423135,0.000633,1.463539,0.002130,0.126493,0.195492,0.206185,0.073663,0.086156,0.004196,0.000000,3.000000,-0.152000,0.304000,odom
1785598319.423714,0.000579,1.463454,0.002120,0.126669,0.195492,0.206182,0.073663,0.086155,0.004196,0.000000,3.000000,-0.147000,0.304000,odom
1785598319.424280,0.000566,1.463372,0.002109,0.126859,0.195492,0.206180,0.073663,0.086154,0.004196,0.000000,3.000000,-0.146000,0.335000,odom
1785598319.424833,0.000552,1.463293,0.002099,0.127041,0.195492,0.206177,0.073663,0.086152,0.004196,0.000000,3.000000,-0.145000,0.329000,odom
1785598319.425410,0.000577,1.463210,0.002089,0.127231,0.195492,0.206174,0.073663,0.086151,0.004196,0.000000,3.000000,-0.145000,0.329000,odom
1785598319.425946,0.000536,1.463135,0.002079,0.127404,0.195492,0.206172,0.073663,0.086150,0.004197,0.000000,3.000000,-0.141000,0.323000,odom
1785598319.565320,0.139374,1.458022,0.009214,0.129503,0.195502,0.206102,0.073596,0.086116,0.004192,0.000000,3.000000,0.000000,0.000000,filler
1785598319.665478,0.100158,1.451038,0.008455,0.126109,0.195458,0.206072,0.073363,0.086051,0.004166,0.000000,3.000000,0.000000,0.000000,filler
1785598319.765538,0.100060,1.444711,0.011053,0.124664,0.195424,0.206017,0.073106,0.085978,0.004138,0.000000,3.000000,0.000000,0.000000,filler
1785598319.779750,0.014213,1.437222,0.011073,0.122181,0.195360,0.205980,0.072857,0.085901,0.004110,0.000000,3.000000,-0.026000,0.006000,odom
1785598319.780480,0.000730,1.437214,0.011072,0.122186,0.195360,0.205980,0.072857,0.085901,0.004110,0.000000,3.000000,-0.011000,0.006000,odom
1785598319.781150,0.000670,1.437214,0.011072,0.122194,0.195360,0.205980,0.072857,0.085901,0.004110,0.000000,3.000000,0.000000,0.012000,odom
1785598319.781632,0.000481,1.437215,0.011072,0.122200,0.195360,0.205980,0.072857,0.085901,0.004110,0.000000,3.000000,0.002000,0.012000,odom
1785598319.782087,0.000455,1.437215,0.011073,0.122205,0.195360,0.205980,0.072857,0.085901,0.004110,0.000000,3.000000,0.002000,0.012000,odom
1785598319.782558,0.000472,1.437216,0.011073,0.122211,0.195360,0.205980,0.072857,0.085901,0.004110,0.000000,3.000000,0.002000,0.012000,odom
1785598319.783030,0.000472,1.437217,0.011073,0.122216,0.195360,0.205980,0.072857,0.085901,0.004110,0.000000,3.000000,0.002000,0.012000,odom
1785598319.783540,0.000509,1.437218,0.011073,0.122223,0.195360,0.205980,0.072857,0.085901,0.004110,0.000000,3.000000,0.002000,0.012000,odom
1785598319.784060,0.000521,1.437218,0.011073,0.122223,0.195360,0.205980,0.072857,0.085901,0.004110,0.000000,3.000000,0.000000,0.000000,odom
1785598319.784521,0.000461,1.437218,0.011073,0.122223,0.195360,0.205980,0.072857,0.085901,0.004110,0.000000,3.000000,0.000000,0.000000,odom
1785598319.797411,0.012890,1.437218,0.011073,0.122223,0.195360,0.205980,0.072858,0.085902,0.004110,0.000000,3.000000,0.000000,0.000000,odom
1785598319.798664,0.001253,1.437218,0.011073,0.122223,0.195360,0.205980,0.072858,0.085902,0.004110,0.000000,3.000000,0.000000,0.000000,odom
1785598319.799612,0.000948,1.437218,0.011073,0.122223,0.195360,0.205980,0.072858,0.085902,0.004110,0.000000,3.000000,0.000000,0.000000,odom
1785598319.800679,0.001067,1.437218,0.011073,0.122223,0.195360,0.205980,0.072858,0.085902,0.004110,0.000000,3.000000,0.000000,0.000000,odom
1785598319.801621,0.000942,1.437218,0.011073,0.122223,0.195360,0.205980,0.072858,0.085902,0.004110,0.000000,3.000000,0.000000,0.000000,odom
1785598319.802556,0.000935,1.437218,0.011073,0.122223,0.195360,0.205980,0.072858,0.085902,0.004110,0.000000,3.000000,0.000000,0.000000,odom
1785598319.803902,0.001346,1.437218,0.011073,0.122223,0.195360,0.205980,0.072858,0.085902,0.004110,0.000000,3.000000,0.000000,0.000000,odom
1785598319.804900,0.000998,1.437218,0.011073,0.122223,0.195360,0.205980,0.072858,0.085902,0.004110,0.000000,3.000000,0.000000,0.000000,odom
1785598319.806486,0.001585,1.437218,0.011073,0.122223,0.195360,0.205980,0.072858,0.085902,0.004110,0.000000,3.000000,0.000000,0.000000,odom
1785598319.807259,0.000774,1.437218,0.011073,0.122223,0.195360,0.205980,0.072858,0.085902,0.004110,0.000000,3.000000,0.000000,0.000000,odom
1785598319.807938,0.000678,1.437218,0.011073,0.122223,0.195360,0.205980,0.072858,0.085902,0.004110,0.000000,3.000000,0.000000,0.000000,odom
1785598319.808574,0.000637,1.437218,0.011073,0.122223,0.195360,0.205980,0.072858,0.085902,0.004110,0.000000,3.000000,0.000000,0.000000,odom
1785598319.809191,0.000616,1.437218,0.011073,0.122223,0.195360,0.205980,0.072858,0.085902,0.004110,0.000000,3.000000,0.000000,0.000000,odom
1785598319.810013,0.000822,1.437218,0.011073,0.122223,0.195360,0.205980,0.072858,0.085902,0.004110,0.000000,3.000000,0.000000,0.000000,odom
1785598319.810670,0.000658,1.437218,0.011073,0.122223,0.195360,0.205980,0.072858,0.085902,0.004110,0.000000,3.000000,0.000000,0.000000,odom
1785598319.811672,0.001002,1.437218,0.011073,0.122223,0.195360,0.205980,0.072858,0.085902,0.004110,0.000000,3.000000,0.000000,0.000000,odom
1785598319.812772,0.001100,1.437218,0.011073,0.122223,0.195360,0.205980,0.072858,0.085902,0.004110,0.000000,3.000000,0.000000,0.000000,odom
1785598319.832814,0.020041,1.437218,0.011073,0.122223,0.195361,0.205980,0.072861,0.085903,0.004110,0.000000,3.000000,0.000000,0.000000,odom
1785598319.852523,0.019710,1.437218,0.011073,0.122223,0.195362,0.205980,0.072864,0.085903,0.004111,0.000000,3.000000,0.000000,0.000000,odom
1785598319.872044,0.019521,1.437218,0.011073,0.122223,0.195363,0.205980,0.072866,0.085904,0.004111,0.000000,3.000000,0.000000,0.000000,odom
1785598319.892190,0.020145,1.431519,0.012713,0.120913,0.195308,0.205916,0.072476,0.085799,0.004068,0.000000,3.000000,0.000000,0.000000,odom
1785598319.918307,0.026118,1.431519,0.012713,0.120913,0.195309,0.205916,0.072481,0.085801,0.004068,0.000000,3.000000,0.000000,0.000000,odom
1785598319.932959,0.014652,1.431519,0.012713,0.120913,0.195310,0.205916,0.072482,0.085801,0.004068,0.000000,3.000000,0.000000,0.000000,odom
1785598319.952073,0.019114,1.431519,0.012713,0.120913,0.195311,0.205916,0.072485,0.085802,0.004069,0.000000,3.000000,0.000000,0.000000,odom
1785598319.972003,0.019931,1.431519,0.012713,0.120913,0.195312,0.205916,0.072487,0.085802,0.004069,0.000000,3.000000,0.000000,0.000000,odom
1785598319.992403,0.020400,1.425143,0.013397,0.119248,0.195253,0.205889,0.072260,0.085735,0.004043,0.000000,3.000000,0.000000,0.000000,odom
1785598320.012673,0.020270,1.425143,0.013397,0.119248,0.195254,0.205889,0.072263,0.085736,0.004043,0.000000,3.000000,0.000000,0.000000,odom
1785598320.034277,0.021604,1.425143,0.013397,0.119248,0.195255,0.205889,0.072266,0.085737,0.004044,0.000000,3.000000,0.000000,0.000000,odom
1785598320.051674,0.017397,1.425143,0.013397,0.119248,0.195256,0.205889,0.072268,0.085738,0.004044,0.000000,3.000000,0.000000,0.000000,odom
1785598320.072938,0.021264,1.425143,0.013397,0.119248,0.195257,0.205889,0.072271,0.085739,0.004045,0.000000,3.000000,0.000000,0.000000,odom
1785598320.092839,0.019900,1.419510,0.013848,0.116963,0.195204,0.205835,0.071885,0.085640,0.004001,0.000000,3.000000,0.000000,0.000000,odom
1785598320.112633,0.019794,1.419510,0.013848,0.116963,0.195205,0.205835,0.071888,0.085641,0.004002,0.000000,3.000000,0.000000,0.000000,odom
1785598320.132758,0.020125,1.419510,0.013848,0.116963,0.195206,0.205835,0.071891,0.085642,0.004002,0.000000,3.000000,0.000000,0.000000,odom
1785598320.152343,0.019585,1.419510,0.013848,0.116963,0.195207,0.205835,0.071894,0.085643,0.004003,0.000000,3.000000,0.000000,0.000000,odom
1785598320.186620,0.034277,1.412967,0.014816,0.115682,0.195154,0.205809,0.071690,0.085582,0.003980,0.000000,3.000000,0.000000,0.000000,odom
1785598320.199774,0.013154,1.412967,0.014816,0.115682,0.195155,0.205809,0.071691,0.085582,0.003980,0.000000,3.000000,0.000000,0.000000,odom
1785598320.212900,0.013125,1.412967,0.014816,0.115682,0.195155,0.205809,0.071692,0.085582,0.003980,0.000000,3.000000,0.000000,0.000000,odom
1785598320.245145,0.032245,1.412967,0.014816,0.115682,0.195158,0.205809,0.071699,0.085585,0.003981,0.000000,3.000000,0.000000,0.000000,odom
1785598320.261085,0.015940,1.412967,0.014816,0.115682,0.195158,0.205809,0.071701,0.085585,0.003981,0.000000,3.000000,0.000000,0.000000,odom
1785598320.280565,0.019480,1.407959,0.014456,0.112842,0.195109,0.205745,0.071285,0.085480,0.003936,0.000000,3.000000,0.000000,0.000000,odom
1785598320.292347,0.011783,1.407959,0.014456,0.112842,0.195109,0.205745,0.071286,0.085480,0.003936,0.000000,3.000000,0.000000,0.000000,odom
1785598320.316126,0.023778,1.407959,0.014456,0.112842,0.195110,0.205745,0.071290,0.085481,0.003936,0.000000,3.000000,0.000000,0.000000,odom
1785598320.338758,0.022632,1.407959,0.014456,0.112842,0.195112,0.205745,0.071293,0.085482,0.003937,0.000000,3.000000,0.000000,0.000000,odom
1785598320.362069,0.023311,1.407959,0.014456,0.112842,0.195113,0.205745,0.071297,0.085483,0.003937,0.000000,3.000000,0.000000,0.000000,odom
1785598320.381787,0.019718,1.403561,0.016350,0.112691,0.195078,0.205722,0.071119,0.085435,0.003917,0.000000,3.000000,0.000000,0.000000,odom
1785598320.396963,0.015176,1.403561,0.016350,0.112691,0.195079,0.205722,0.071120,0.085435,0.003917,0.000000,3.000000,0.000000,0.000000,odom
1785598320.414929,0.017966,1.403561,0.016350,0.112691,0.195079,0.205722,0.071122,0.085436,0.003917,0.000000,3.000000,0.000000,0.000000,odom
1785598320.439116,0.024187,1.403561,0.016350,0.112691,0.195081,0.205722,0.071127,0.085437,0.003918,0.000000,3.000000,0.000000,0.000000,odom
1785598320.458937,0.019821,1.403561,0.016350,0.112691,0.195082,0.205722,0.071129,0.085438,0.003918,0.000000,3.000000,0.000000,0.000000,odom
1785598320.476666,0.017730,1.403561,0.016350,0.112691,0.195083,0.205723,0.071132,0.085439,0.003918,0.000000,3.000000,0.000000,0.000000,odom
1785598320.492492,0.015826,1.400387,0.019063,0.112196,0.195064,0.205683,0.070816,0.085370,0.003882,0.000000,3.000000,0.000000,0.000000,odom
1785598320.527178,0.034686,1.400387,0.019063,0.112196,0.195067,0.205683,0.070824,0.085373,0.003883,0.000000,3.000000,0.000000,0.000000,odom
1785598320.533260,0.006082,1.400387,0.019063,0.112196,0.195067,0.205683,0.070825,0.085373,0.003883,0.000000,3.000000,0.000000,0.000000,odom
1785598320.552904,0.019644,1.400387,0.019063,0.112196,0.195068,0.205683,0.070827,0.085373,0.003883,0.000000,3.000000,0.000000,0.000000,odom
1785598320.572864,0.019960,1.400387,0.019063,0.112196,0.195069,0.205683,0.070830,0.085374,0.003884,0.000000,3.000000,0.000000,0.000000,odom
1785598320.592747,0.019883,1.397108,0.022612,0.113447,0.195051,0.205653,0.070650,0.085329,0.003863,0.000000,3.000000,0.000000,0.000000,odom
1785598320.612757,0.020010,1.397108,0.022612,0.113447,0.195052,0.205653,0.070653,0.085330,0.003863,0.000000,3.000000,0.000000,0.000000,odom
1785598320.633338,0.020581,1.397108,0.022612,0.113447,0.195053,0.205653,0.070656,0.085331,0.003864,0.000000,3.000000,0.000000,0.000000,odom
1785598320.653039,0.019701,1.397108,0.022612,0.113447,0.195054,0.205653,0.070658,0.085332,0.003864,0.000000,3.000000,0.000000,0.000000,odom
1785598320.674498,0.021460,1.397108,0.022612,0.113447,0.195055,0.205653,0.070662,0.085333,0.003864,0.000000,3.000000,0.000000,0.000000,odom
1785598320.693363,0.018864,1.393894,0.025341,0.113088,0.195038,0.205624,0.070393,0.085276,0.003833,0.000000,3.000000,0.000000,0.000000,odom
1785598320.712739,0.019376,1.393894,0.025341,0.113088,0.195039,0.205624,0.070396,0.085277,0.003833,0.000000,3.000000,0.000000,0.000000,odom
1785598320.733710,0.020972,1.393894,0.025341,0.113088,0.195040,0.205624,0.070399,0.085278,0.003834,0.000000,3.000000,0.000000,0.000000,odom
1785598320.752855,0.019145,1.393894,0.025341,0.113088,0.195041,0.205624,0.070402,0.085278,0.003834,0.000000,3.000000,0.000000,0.000000,odom
1785598320.772696,0.019841,1.393894,0.025341,0.113088,0.195042,0.205624,0.070405,0.085279,0.003834,0.000000,3.000000,0.000000,0.000000,odom
1785598320.792867,0.020171,1.390906,0.028285,0.113892,0.195025,0.205593,0.070207,0.085232,0.003812,0.000000,3.000000,0.000000,0.000000,odom
1785598320.812593,0.019727,1.390906,0.028285,0.113892,0.195025,0.205593,0.070210,0.085233,0.003812,0.000000,3.000000,0.000000,0.000000,odom
1785598320.833615,0.021022,1.390906,0.028285,0.113892,0.195027,0.205593,0.070213,0.085234,0.003813,0.000000,3.000000,0.000000,0.000000,odom
1785598320.853614,0.020000,1.390906,0.028285,0.113892,0.195028,0.205593,0.070215,0.085234,0.003813,0.000000,3.000000,0.000000,0.000000,odom
1785598320.872932,0.019318,1.390906,0.028285,0.113892,0.195029,0.205593,0.070218,0.085235,0.003813,0.000000,3.000000,0.000000,0.000000,odom
1785598320.893581,0.020649,1.387130,0.029026,0.112173,0.195002,0.205564,0.069933,0.085173,0.003781,0.000000,3.000000,0.000000,0.000000,odom
1785598320.913043,0.019463,1.387130,0.029026,0.112173,0.195003,0.205564,0.069936,0.085173,0.003781,0.000000,3.000000,0.000000,0.000000,odom
1785598320.933474,0.020430,1.387130,0.029026,0.112173,0.195004,0.205564,0.069939,0.085174,0.003782,0.000000,3.000000,0.000000,0.000000,odom
1785598320.953647,0.020174,1.387130,0.029026,0.112173,0.195005,0.205564,0.069942,0.085175,0.003782,0.000000,3.000000,0.000000,0.000000,odom
1785598320.973482,0.019835,1.387130,0.029026,0.112173,0.195006,0.205564,0.069945,0.085176,0.003782,0.000000,3.000000,0.000000,0.000000,odom
1785598321.015071,0.041589,1.382948,0.030101,0.111418,0.194977,0.205532,0.069726,0.085121,0.003759,0.000000,3.000000,0.000000,0.000000,odom
1785598321.015991,0.000920,1.382948,0.030101,0.111418,0.194977,0.205532,0.069726,0.085121,0.003759,0.000000,3.000000,0.000000,0.000000,odom
1785598321.042213,0.026222,1.382948,0.030101,0.111418,0.194979,0.205532,0.069730,0.085123,0.003759,0.000000,3.000000,0.000000,0.000000,odom
1785598321.061864,0.019651,1.382948,0.030101,0.111418,0.194980,0.205532,0.069733,0.085123,0.003760,0.000000,3.000000,0.000000,0.000000,odom
1785598321.079976,0.018112,1.380062,0.032152,0.110679,0.194965,0.205500,0.069451,0.085065,0.003727,0.000000,3.000000,0.000000,0.000000,odom
1785598321.092794,0.012818,1.380062,0.032152,0.110679,0.194965,0.205500,0.069452,0.085065,0.003728,0.000000,3.000000,0.000000,0.000000,odom
1785598321.122070,0.029276,1.380062,0.032152,0.110679,0.194967,0.205500,0.069459,0.085067,0.003728,0.000000,3.000000,0.000000,0.000000,odom
1785598321.136472,0.014402,1.380062,0.032152,0.110679,0.194968,0.205500,0.069460,0.085067,0.003729,0.000000,3.000000,0.000000,0.000000,odom
1785598321.157442,0.020970,1.380062,0.032152,0.110679,0.194969,0.205500,0.069463,0.085068,0.003729,0.000000,3.000000,0.000000,0.000000,odom
1785598321.172839,0.015397,1.380062,0.032152,0.110679,0.194970,0.205500,0.069465,0.085069,0.003729,0.000000,3.000000,0.000000,0.000000,odom
1785598321.202121,0.029282,1.377589,0.034307,0.111025,0.194955,0.205470,0.069265,0.085023,0.003707,0.000000,3.000000,0.000000,0.000000,odom
1785598321.213480,0.011359,1.377589,0.034307,0.111025,0.194956,0.205470,0.069266,0.085023,0.003707,0.000000,3.000000,0.000000,0.000000,odom
1785598321.236248,0.022769,1.377589,0.034307,0.111025,0.194957,0.205470,0.069270,0.085024,0.003708,0.000000,3.000000,0.000000,0.000000,odom
1785598321.258864,0.022615,1.377589,0.034307,0.111025,0.194958,0.205470,0.069274,0.085025,0.003708,0.000000,3.000000,0.000000,0.000000,odom
1785598321.280196,0.021332,1.373872,0.034678,0.109162,0.194933,0.205432,0.068966,0.084958,0.003675,0.000000,3.000000,0.000000,0.000000,odom
1785598321.295637,0.015441,1.373872,0.034678,0.109162,0.194934,0.205432,0.068968,0.084958,0.003675,0.000000,3.000000,0.000000,0.000000,odom
1785598321.324107,0.028470,1.373872,0.034678,0.109162,0.194936,0.205432,0.068974,0.084960,0.003676,0.000000,3.000000,0.000000,0.000000,odom
1785598321.339912,0.015805,1.373872,0.034678,0.109162,0.194937,0.205432,0.068976,0.084960,0.003676,0.000000,3.000000,0.000000,0.000000,odom
1785598321.361630,0.021718,1.373872,0.034678,0.109162,0.194938,0.205432,0.068979,0.084961,0.003676,0.000000,3.000000,0.000000,0.000000,odom
1785598321.376406,0.014776,1.373872,0.034678,0.109162,0.194939,0.205432,0.068981,0.084962,0.003677,0.000000,3.000000,0.000000,0.000000,odom
1785598321.393616,0.017210,1.369019,0.034082,0.107182,0.194893,0.205385,0.068712,0.084888,0.003649,0.000000,3.000000,0.000000,0.000000,odom
1785598321.413402,0.019786,1.369019,0.034082,0.107182,0.194894,0.205385,0.068715,0.084888,0.003649,0.000000,3.000000,0.000000,0.000000,odom
1785598321.433949,0.020548,1.369019,0.034082,0.107182,0.194895,0.205385,0.068718,0.084889,0.003649,0.000000,3.000000,0.000000,0.000000,odom
1785598321.454434,0.020485,1.369019,0.034082,0.107182,0.194896,0.205385,0.068721,0.084890,0.003650,0.000000,3.000000,0.000000,0.000000,odom
1785598321.473414,0.018980,1.369019,0.034082,0.107182,0.194897,0.205385,0.068723,0.084891,0.003650,0.000000,3.000000,0.000000,0.000000,odom
1785598321.493063,0.019649,1.364661,0.032425,0.103810,0.194856,0.205296,0.068285,0.084778,0.003606,0.000000,3.000000,0.000000,0.000000,odom
1785598321.513433,0.020370,1.364661,0.032425,0.103810,0.194857,0.205296,0.068288,0.084779,0.003606,0.000000,3.000000,0.000000,0.000000,odom
1785598321.534260,0.020827,1.364661,0.032425,0.103810,0.194858,0.205296,0.068291,0.084780,0.003607,0.000000,3.000000,0.000000,0.000000,odom
1785598321.553480,0.019220,1.364661,0.032425,0.103810,0.194859,0.205296,0.068294,0.084780,0.003607,0.000000,3.000000,0.000000,0.000000,odom
1785598321.573426,0.019947,1.364661,0.032425,0.103810,0.194860,0.205296,0.068297,0.084781,0.003607,0.000000,3.000000,0.000000,0.000000,odom
1785598321.593496,0.020070,1.360076,0.031793,0.101972,0.194817,0.205254,0.068060,0.084715,0.003583,0.000000,3.000000,0.000000,0.000000,odom
1785598321.613352,0.019855,1.360076,0.031793,0.101972,0.194818,0.205254,0.068063,0.084716,0.003583,0.000000,3.000000,0.000000,0.000000,odom
1785598321.634963,0.021611,1.360076,0.031793,0.101972,0.194819,0.205254,0.068066,0.084717,0.003584,0.000000,3.000000,0.000000,0.000000,odom
1785598321.654297,0.019334,1.360076,0.031793,0.101972,0.194820,0.205254,0.068069,0.084718,0.003584,0.000000,3.000000,0.000000,0.000000,odom
1785598321.674597,0.020300,1.360076,0.031793,0.101972,0.194821,0.205254,0.068072,0.084718,0.003585,0.000000,3.000000,0.000000,0.000000,odom
1785598321.694748,0.020151,1.355940,0.030055,0.098559,0.194782,0.205149,0.067599,0.084596,0.003538,0.000000,3.000000,0.000000,0.000000,odom
1785598321.713470,0.018722,1.355940,0.030055,0.098559,0.194783,0.205149,0.067601,0.084596,0.003538,0.000000,3.000000,0.000000,0.000000,odom
1785598321.734860,0.021390,1.355940,0.030055,0.098559,0.194784,0.205149,0.067605,0.084597,0.003539,0.000000,3.000000,0.000000,0.000000,odom
1785598321.754254,0.019394,1.355940,0.030055,0.098559,0.194785,0.205149,0.067608,0.084598,0.003539,0.000000,3.000000,0.000000,0.000000,odom
1785598321.774363,0.020109,1.355940,0.030055,0.098559,0.194786,0.205149,0.067611,0.084599,0.003539,0.000000,3.000000,0.000000,0.000000,odom
1785598321.793762,0.019399,1.351845,0.029316,0.096771,0.194746,0.205109,0.067390,0.084537,0.003517,0.000000,3.000000,0.000000,0.000000,odom
1785598321.814292,0.020531,1.351845,0.029316,0.096771,0.194747,0.205109,0.067393,0.084538,0.003517,0.000000,3.000000,0.000000,0.000000,odom
1785598321.834770,0.020478,1.351845,0.029316,0.096771,0.194748,0.205109,0.067396,0.084539,0.003518,0.000000,3.000000,0.000000,0.000000,odom
1785598321.854315,0.019544,1.351845,0.029316,0.096771,0.194749,0.205109,0.067399,0.084540,0.003518,0.000000,3.000000,0.000000,0.000000,odom
1785598321.874212,0.019898,1.351845,0.029316,0.096771,0.194750,0.205109,0.067402,0.084540,0.003518,0.000000,3.000000,0.000000,0.000000,odom
1785598321.893955,0.019743,1.348129,0.027410,0.093319,0.194713,0.204988,0.066902,0.084409,0.003470,0.000000,3.000000,0.000000,0.000000,odom
1785598321.913882,0.019927,1.348129,0.027410,0.093319,0.194714,0.204988,0.066905,0.084410,0.003470,0.000000,3.000000,0.000000,0.000000,odom
1785598321.937934,0.024051,1.348129,0.027410,0.093319,0.194715,0.204988,0.066909,0.084411,0.003471,0.000000,3.000000,0.000000,0.000000,odom
1785598321.954346,0.016412,1.348129,0.027410,0.093319,0.194716,0.204988,0.066911,0.084411,0.003471,0.000000,3.000000,0.000000,0.000000,odom
1785598321.974627,0.020281,1.348129,0.027410,0.093319,0.194717,0.204988,0.066914,0.084412,0.003471,0.000000,3.000000,0.000000,0.000000,odom
1785598321.995167,0.020540,1.343992,0.026710,0.091639,0.194680,0.204948,0.066702,0.084353,0.003450,0.000000,3.000000,0.000000,0.000000,odom
1785598322.016011,0.020844,1.343992,0.026710,0.091639,0.194681,0.204948,0.066705,0.084354,0.003451,0.000000,3.000000,0.000000,0.000000,odom
1785598322.034672,0.018661,1.343992,0.026710,0.091639,0.194682,0.204948,0.066708,0.084354,0.003451,0.000000,3.000000,0.000000,0.000000,odom
1785598322.069148,0.034475,1.343992,0.026710,0.091639,0.194685,0.204948,0.066717,0.084357,0.003452,0.000000,3.000000,0.000000,0.000000,odom
1785598322.073600,0.004453,1.343992,0.026710,0.091639,0.194685,0.204948,0.066717,0.084357,0.003452,0.000000,3.000000,0.000000,0.000000,odom
1785598322.097389,0.023788,1.340489,0.024869,0.088283,0.194649,0.204826,0.066225,0.084228,0.003405,0.000000,3.000000,0.000000,0.000000,odom
1785598322.120973,0.023585,1.340489,0.024869,0.088283,0.194651,0.204826,0.066229,0.084229,0.003405,0.000000,3.000000,0.000000,0.000000,odom
1785598322.135092,0.014119,1.340489,0.024869,0.088283,0.194651,0.204826,0.066230,0.084229,0.003406,0.000000,3.000000,0.000000,0.000000,odom
1785598322.158717,0.023626,1.340489,0.024869,0.088283,0.194652,0.204826,0.066235,0.084230,0.003406,0.000000,3.000000,0.000000,0.000000,odom
1785598322.179684,0.020967,1.336362,0.024196,0.086681,0.194617,0.204784,0.066024,0.084172,0.003385,0.000000,3.000000,0.000000,0.000000,odom
1785598322.202501,0.022817,1.336362,0.024196,0.086681,0.194619,0.204784,0.066028,0.084173,0.003386,0.000000,3.000000,0.000000,0.000000,odom
1785598322.219545,0.017044,1.336362,0.024196,0.086681,0.194619,0.204784,0.066030,0.084173,0.003386,0.000000,3.000000,0.000000,0.000000,odom
1785598322.235426,0.015881,1.336362,0.024196,0.086681,0.194620,0.204784,0.066032,0.084174,0.003386,0.000000,3.000000,0.000000,0.000000,odom
1785598322.260716,0.025290,1.336362,0.024196,0.086681,0.194622,0.204784,0.066037,0.084175,0.003387,0.000000,3.000000,0.000000,0.000000,odom
1785598322.292561,0.031845,1.332717,0.022702,0.083590,0.194589,0.204666,0.065566,0.084052,0.003342,0.000000,3.000000,0.000000,0.000000,odom
1785598322.298951,0.006391,1.332717,0.022702,0.083590,0.194589,0.204666,0.065566,0.084052,0.003342,0.000000,3.000000,0.000000,0.000000,odom
1785598322.319524,0.020573,1.332717,0.022702,0.083590,0.194590,0.204666,0.065569,0.084053,0.003343,0.000000,3.000000,0.000000,0.000000,odom
1785598322.339329,0.019805,1.332717,0.022702,0.083590,0.194591,0.204666,0.065572,0.084054,0.003343,0.000000,3.000000,0.000000,0.000000,odom
1785598322.358729,0.019400,1.332717,0.022702,0.083590,0.194592,0.204666,0.065575,0.084055,0.003343,0.000000,3.000000,0.000000,0.000000,odom
1785598322.375674,0.016945,1.332717,0.022702,0.083590,0.194593,0.204666,0.065577,0.084055,0.003344,0.000000,3.000000,0.000000,0.000000,odom
1785598322.394654,0.018980,1.329686,0.023260,0.082999,0.194572,0.204632,0.065381,0.084007,0.003324,0.000000,3.000000,0.000000,0.000000,odom
1785598322.415077,0.020423,1.329686,0.023260,0.082999,0.194573,0.204632,0.065384,0.084008,0.003324,0.000000,3.000000,0.000000,0.000000,odom
1785598322.435871,0.020794,1.329686,0.023260,0.082999,0.194574,0.204632,0.065388,0.084009,0.003325,0.000000,3.000000,0.000000,0.000000,odom
1785598322.454436,0.018565,1.329686,0.023260,0.082999,0.194575,0.204632,0.065390,0.084010,0.003325,0.000000,3.000000,0.000000,0.000000,odom
1785598322.474975,0.020540,1.329686,0.023260,0.082999,0.194576,0.204632,0.065394,0.084011,0.003325,0.000000,3.000000,0.000000,0.000000,odom
1785598322.494761,0.019786,1.326991,0.023093,0.080840,0.194556,0.204539,0.064953,0.083907,0.003282,0.000000,3.000000,0.000000,0.000000,odom
1785598322.514812,0.020051,1.326991,0.023093,0.080840,0.194558,0.204539,0.064956,0.083908,0.003283,0.000000,3.000000,0.000000,0.000000,odom
1785598322.536144,0.021332,1.326991,0.023093,0.080840,0.194559,0.204539,0.064960,0.083909,0.003283,0.000000,3.000000,0.000000,0.000000,odom
1785598322.554501,0.018356,1.326991,0.023093,0.080840,0.194560,0.204539,0.064962,0.083910,0.003284,0.000000,3.000000,0.000000,0.000000,odom
1785598322.577908,0.023407,1.324103,0.023652,0.080255,0.194540,0.204499,0.064751,0.083858,0.003263,0.000000,3.000000,0.000000,0.000000,odom
1785598322.598677,0.020770,1.324103,0.023652,0.080255,0.194541,0.204499,0.064755,0.083859,0.003263,0.000000,3.000000,0.000000,0.000000,odom
1785598322.614560,0.015882,1.324103,0.023652,0.080255,0.194542,0.204499,0.064757,0.083860,0.003263,0.000000,3.000000,0.000000,0.000000,odom
1785598322.635007,0.020447,1.324103,0.023652,0.080255,0.194543,0.204499,0.064760,0.083860,0.003264,0.000000,3.000000,0.000000,0.000000,odom
1785598322.654330,0.019323,1.324103,0.023652,0.080255,0.194544,0.204499,0.064763,0.083861,0.003264,0.000000,3.000000,0.000000,0.000000,odom
1785598322.676343,0.022013,1.324103,0.023652,0.080255,0.194545,0.204499,0.064766,0.083862,0.003265,0.000000,3.000000,0.000000,0.000000,odom
1785598322.694774,0.018431,1.321419,0.023577,0.078242,0.194526,0.204410,0.064347,0.083765,0.003224,0.000000,3.000000,0.000000,0.000000,odom
1785598322.714444,0.019670,1.321419,0.023577,0.078242,0.194527,0.204410,0.064350,0.083765,0.003224,0.000000,3.000000,0.000000,0.000000,odom
1785598322.735956,0.021512,1.321419,0.023577,0.078242,0.194528,0.204410,0.064353,0.083766,0.003225,0.000000,3.000000,0.000000,0.000000,odom
1785598322.754857,0.018902,1.321419,0.023577,0.078242,0.194529,0.204410,0.064356,0.083767,0.003225,0.000000,3.000000,0.000000,0.000000,odom
1785598322.774912,0.020055,1.321419,0.023577,0.078242,0.194530,0.204410,0.064359,0.083768,0.003225,0.000000,3.000000,0.000000,0.000000,odom
1785598322.795038,0.020126,1.317975,0.022932,0.076780,0.194499,0.204360,0.064139,0.083707,0.003205,0.000000,3.000000,0.000000,0.000000,odom
1785598322.814844,0.019805,1.317975,0.022932,0.076780,0.194500,0.204360,0.064142,0.083707,0.003205,0.000000,3.000000,0.000000,0.000000,odom
1785598322.835772,0.020928,1.317975,0.022932,0.076780,0.194501,0.204360,0.064146,0.083708,0.003205,0.000000,3.000000,0.000000,0.000000,odom
1785598322.854950,0.019178,1.317975,0.022932,0.076780,0.194502,0.204360,0.064149,0.083709,0.003206,0.000000,3.000000,0.000000,0.000000,odom
1785598322.875036,0.020087,1.317975,0.022932,0.076780,0.194503,0.204360,0.064152,0.083710,0.003206,0.000000,3.000000,0.000000,0.000000,odom
1785598322.895283,0.020247,1.314719,0.021281,0.073849,0.194472,0.204246,0.063714,0.083595,0.003166,0.000000,3.000000,0.000000,0.000000,odom
1785598322.916634,0.021351,1.314719,0.021281,0.073849,0.194474,0.204246,0.063718,0.083596,0.003166,0.000000,3.000000,0.000000,0.000000,odom
1785598322.935319,0.018685,1.314719,0.021281,0.073849,0.194474,0.204246,0.063721,0.083597,0.003166,0.000000,3.000000,0.000000,0.000000,odom
1785598322.954906,0.019587,1.314719,0.021281,0.073849,0.194475,0.204246,0.063724,0.083598,0.003167,0.000000,3.000000,0.000000,0.000000,odom
1785598322.975096,0.020190,1.314719,0.021281,0.073849,0.194476,0.204246,0.063727,0.083598,0.003167,0.000000,3.000000,0.000000,0.000000,odom
1785598322.995989,0.020892,1.311497,0.020695,0.072503,0.194447,0.204200,0.063528,0.083543,0.003148,0.000000,3.000000,0.000000,0.000000,odom
1785598323.018144,0.022155,1.311497,0.020695,0.072503,0.194448,0.204200,0.063532,0.083544,0.003149,0.000000,3.000000,0.000000,0.000000,odom
1785598323.040969,0.022825,1.311497,0.020695,0.072503,0.194450,0.204200,0.063536,0.083545,0.003149,0.000000,3.000000,0.000000,0.000000,odom
1785598323.064404,0.023435,1.311497,0.020695,0.072503,0.194451,0.204200,0.063540,0.083546,0.003150,0.000000,3.000000,0.000000,0.000000,odom
1785598323.075140,0.010736,1.311497,0.020695,0.072503,0.194451,0.204200,0.063541,0.083546,0.003150,0.000000,3.000000,0.000000,0.000000,odom
1785598323.265548,0.190408,1.305793,0.019655,0.069200,0.194496,0.204037,0.063176,0.083451,0.003125,0.000000,3.000000,0.000000,0.000000,filler
1785598323.465249,0.199702,1.305793,0.019655,0.069200,0.194598,0.204038,0.063491,0.083531,0.003164,0.000000,3.000000,0.000000,0.000000,filler
1785598323.565300,0.100050,1.305793,0.019655,0.069200,0.194623,0.204038,0.063570,0.083551,0.003174,0.000000,3.000000,0.000000,0.000000,filler
1785598323.665949,0.100649,1.305793,0.019655,0.069200,0.194649,0.204038,0.063649,0.083571,0.003184,0.000000,3.000000,0.000000,0.000000,filler
1785598323.865297,0.199349,1.305793,0.019655,0.069200,0.194751,0.204038,0.063961,0.083650,0.003222,0.000000,3.000000,0.000000,0.000000,filler
1785598323.965510,0.100213,1.305793,0.019655,0.069200,0.194776,0.204038,0.064039,0.083671,0.003232,0.000000,3.000000,0.000000,0.000000,filler
1785598324.065737,0.100227,1.305793,0.019655,0.069200,0.194802,0.204039,0.064118,0.083691,0.003242,0.000000,3.000000,0.000000,0.000000,filler
1785598324.265491,0.199754,1.305793,0.019655,0.069200,0.194904,0.204039,0.064428,0.083770,0.003281,0.000000,3.000000,0.000000,0.000000,filler
1785598324.465740,0.200249,1.305793,0.019655,0.069200,0.195006,0.204039,0.064739,0.083851,0.003320,0.000000,3.000000,0.000000,0.000000,filler
1785598324.665528,0.199788,1.305793,0.019655,0.069200,0.195108,0.204040,0.065046,0.083930,0.003359,0.000000,3.000000,0.000000,0.000000,filler
1785598324.865349,0.199821,1.305793,0.019655,0.069200,0.195210,0.204040,0.065352,0.084010,0.003398,0.000000,3.000000,0.000000,0.000000,filler
1785598324.965501,0.100152,1.305793,0.019655,0.069200,0.195235,0.204041,0.065429,0.084030,0.003408,0.000000,3.000000,0.000000,0.000000,filler
1785598325.166000,0.200499,1.305793,0.019655,0.069200,0.195338,0.204041,0.065735,0.084111,0.003448,0.000000,3.000000,0.000000,0.000000,filler
1785598325.266193,0.100193,1.305793,0.019655,0.069200,0.195363,0.204041,0.065812,0.084131,0.003457,0.000000,3.000000,0.000000,0.000000,filler
1785598325.465378,0.199185,1.305793,0.019655,0.069200,0.195464,0.204042,0.066113,0.084210,0.003496,0.000000,3.000000,0.000000,0.000000,filler
1785598325.565771,0.100393,1.305793,0.019655,0.069200,0.195490,0.204042,0.066189,0.084230,0.003506,0.000000,3.000000,0.000000,0.000000,filler
1785598325.765533,0.199762,1.305793,0.019655,0.069200,0.195592,0.204042,0.066489,0.084310,0.003545,0.000000,3.000000,0.000000,0.000000,filler
1785598325.965988,0.200454,1.305793,0.019655,0.069200,0.195694,0.204043,0.066791,0.084391,0.003584,0.000000,3.000000,0.000000,0.000000,filler
1785598326.166095,0.200107,1.305793,0.019655,0.069200,0.195796,0.204043,0.067090,0.084471,0.003623,0.000000,3.000000,0.000000,0.000000,filler
1785598326.366035,0.199941,1.305793,0.019655,0.069200,0.195897,0.204044,0.067387,0.084551,0.003662,0.000000,3.000000,0.000000,0.000000,filler
1785598326.565491,0.199456,1.305793,0.019655,0.069200,0.195998,0.204044,0.067682,0.084630,0.003701,0.000000,3.000000,0.000000,0.000000,filler
1785598326.765209,0.199718,1.305793,0.019655,0.069200,0.196099,0.204045,0.067976,0.084710,0.003740,0.000000,3.000000,0.000000,0.000000,filler
1785598326.865436,0.100227,1.305793,0.019655,0.069200,0.196125,0.204045,0.068050,0.084730,0.003750,0.000000,3.000000,0.000000,0.000000,filler
1785598326.966042,0.100606,1.305793,0.019655,0.069200,0.196151,0.204045,0.068124,0.084750,0.003760,0.000000,3.000000,0.000000,0.000000,filler
1785598327.165537,0.199495,1.305793,0.019655,0.069200,0.196252,0.204045,0.068416,0.084830,0.003799,0.000000,3.000000,0.000000,0.000000,filler
1785598327.265631,0.100095,1.305793,0.019655,0.069200,0.196277,0.204045,0.068489,0.084850,0.003809,0.000000,3.000000,0.000000,0.000000,filler
1785598327.366225,0.100593,1.305793,0.019655,0.069200,0.196303,0.204045,0.068563,0.084870,0.003819,0.000000,3.000000,0.000000,0.000000,filler
1785598327.565953,0.199728,1.305793,0.019655,0.069200,0.196404,0.204046,0.068853,0.084950,0.003858,0.000000,3.000000,0.000000,0.000000,filler
1785598327.666209,0.100256,1.305793,0.019655,0.069200,0.196429,0.204046,0.068926,0.084970,0.003867,0.000000,3.000000,0.000000,0.000000,filler
1785598327.865582,0.199373,1.305793,0.019655,0.069200,0.196530,0.204046,0.069214,0.085049,0.003906,0.000000,3.000000,0.000000,0.000000,filler
1785598327.965834,0.100251,1.305793,0.019655,0.069200,0.196555,0.204047,0.069286,0.085070,0.003916,0.000000,3.000000,0.000000,0.000000,filler
1785598328.165295,0.199461,1.305793,0.019655,0.069200,0.196656,0.204047,0.069573,0.085149,0.003955,0.000000,3.000000,0.000000,0.000000,filler
1785598328.366201,0.200906,1.305793,0.019655,0.069200,0.196758,0.204048,0.069862,0.085230,0.003994,0.000000,3.000000,0.000000,0.000000,filler
1785598328.466356,0.100155,1.305793,0.019655,0.069200,0.196783,0.204048,0.069934,0.085250,0.004004,0.000000,3.000000,0.000000,0.000000,filler
1785598328.665711,0.199356,1.305793,0.019655,0.069200,0.196884,0.204048,0.070217,0.085329,0.004043,0.000000,3.000000,0.000000,0.000000,filler
1785598328.866374,0.200662,1.305793,0.019655,0.069200,0.196986,0.204049,0.070504,0.085410,0.004082,0.000000,3.000000,0.000000,0.000000,filler
1785598329.065526,0.199152,1.305793,0.019655,0.069200,0.197086,0.204049,0.070784,0.085489,0.004121,0.000000,3.000000,0.000000,0.000000,filler
1785598329.266017,0.200491,1.305793,0.019655,0.069200,0.197187,0.204050,0.071068,0.085570,0.004160,0.000000,3.000000,0.000000,0.000000,filler
1785598329.465338,0.199321,1.305793,0.019655,0.069200,0.197288,0.204050,0.071347,0.085649,0.004199,0.000000,3.000000,0.000000,0.000000,filler
1785598329.565456,0.100118,1.305793,0.019655,0.069200,0.197313,0.204050,0.071417,0.085669,0.004209,0.000000,3.000000,0.000000,0.000000,filler
1785598329.765501,0.200045,1.305793,0.019655,0.069200,0.197414,0.204051,0.071696,0.085749,0.004248,0.000000,3.000000,0.000000,0.000000,filler
1785598329.865722,0.100221,1.305793,0.019655,0.069200,0.197439,0.204051,0.071766,0.085769,0.004258,0.000000,3.000000,0.000000,0.000000,filler
1785598330.065447,0.199725,1.305793,0.019655,0.069200,0.197540,0.204051,0.072044,0.085849,0.004297,0.000000,3.000000,0.000000,0.000000,filler
1785598330.265334,0.199887,1.305793,0.019655,0.069200,0.197640,0.204052,0.072321,0.085929,0.004336,0.000000,3.000000,0.000000,0.000000,filler
1785598330.365520,0.100186,1.305793,0.019655,0.069200,0.197665,0.204052,0.072390,0.085949,0.004346,0.000000,3.000000,0.000000,0.000000,filler
1785598330.565395,0.199875,1.305793,0.019655,0.069200,0.197766,0.204052,0.072665,0.086029,0.004385,0.000000,3.000000,0.000000,0.000000,filler
1785598330.666173,0.100778,1.305793,0.019655,0.069200,0.197792,0.204052,0.072735,0.086049,0.004395,0.000000,3.000000,0.000000,0.000000,filler
1785598330.865546,0.199373,1.305793,0.019655,0.069200,0.197891,0.204053,0.073008,0.086129,0.004433,0.000000,3.000000,0.000000,0.000000,filler
1785598330.966214,0.100668,1.305793,0.019655,0.069200,0.197917,0.204053,0.073077,0.086149,0.004443,0.000000,3.000000,0.000000,0.000000,filler
1785598331.165347,0.199132,1.305793,0.019655,0.069200,0.198017,0.204053,0.073348,0.086228,0.004482,0.000000,3.000000,0.000000,0.000000,filler
1785598331.266827,0.101480,1.305793,0.019655,0.069200,0.198043,0.204054,0.073418,0.086249,0.004492,0.000000,3.000000,0.000000,0.000000,filler
1785598331.466041,0.199214,1.305793,0.019655,0.069200,0.198142,0.204054,0.073688,0.086328,0.004531,0.000000,3.000000,0.000000,0.000000,filler
1785598331.665608,0.199567,1.305793,0.019655,0.069200,0.198242,0.204054,0.073958,0.086408,0.004570,0.000000,3.000000,0.000000,0.000000,filler
1785598331.865566,0.199958,1.305793,0.019655,0.069200,0.198343,0.204055,0.074228,0.086488,0.004609,0.000000,3.000000,0.000000,0.000000,filler
1785598332.065510,0.199945,1.305793,0.019655,0.069200,0.198443,0.204055,0.074496,0.086568,0.004648,0.000000,3.000000,0.000000,0.000000,filler
1785598332.265523,0.200013,1.305793,0.019655,0.069200,0.198543,0.204056,0.074765,0.086648,0.004687,0.000000,3.000000,0.000000,0.000000,filler
1785598332.365653,0.100130,1.305793,0.019655,0.069200,0.198568,0.204056,0.074832,0.086668,0.004697,0.000000,3.000000,0.000000,0.000000,filler
1785598332.565494,0.199840,1.305793,0.019655,0.069200,0.198668,0.204056,0.075098,0.086748,0.004736,0.000000,3.000000,0.000000,0.000000,filler
1785598332.665706,0.100212,1.305793,0.019655,0.069200,0.198693,0.204057,0.075165,0.086768,0.004746,0.000000,3.000000,0.000000,0.000000,filler
1785598332.865431,0.199726,1.305793,0.019655,0.069200,0.198793,0.204057,0.075430,0.086848,0.004784,0.000000,3.000000,0.000000,0.000000,filler
1785598332.965842,0.100410,1.305793,0.019655,0.069200,0.198819,0.204057,0.075496,0.086868,0.004794,0.000000,3.000000,0.000000,0.000000,filler
1785598333.165905,0.200063,1.305793,0.019655,0.069200,0.198919,0.204058,0.075761,0.086948,0.004833,0.000000,3.000000,0.000000,0.000000,filler
1785598333.266285,0.100380,1.305793,0.019655,0.069200,0.198944,0.204058,0.075828,0.086968,0.004843,0.000000,3.000000,0.000000,0.000000,filler
1785598333.465431,0.199146,1.305793,0.019655,0.069200,0.199043,0.204058,0.076089,0.087047,0.004882,0.000000,3.000000,0.000000,0.000000,filler
1785598333.566214,0.100783,1.305793,0.019655,0.069200,0.199068,0.204058,0.076155,0.087068,0.004892,0.000000,3.000000,0.000000,0.000000,filler
1785598333.666584,0.100370,1.305793,0.019655,0.069200,0.199094,0.204058,0.076221,0.087088,0.004902,0.000000,3.000000,0.000000,0.000000,filler
1785598333.866255,0.199671,1.305793,0.019655,0.069200,0.199193,0.204059,0.076482,0.087168,0.004941,0.000000,3.000000,0.000000,0.000000,filler
1785598334.065204,0.198949,1.305793,0.019655,0.069200,0.199292,0.204059,0.076741,0.087247,0.004979,0.000000,3.000000,0.000000,0.000000,filler
1785598334.165658,0.100454,1.305793,0.019655,0.069200,0.199317,0.204059,0.076807,0.087267,0.004989,0.000000,3.000000,0.000000,0.000000,filler
1785598334.365412,0.199753,1.305793,0.019655,0.069200,0.199417,0.204060,0.077066,0.087347,0.005028,0.000000,3.000000,0.000000,0.000000,filler
1785598334.565557,0.200146,1.305793,0.019655,0.069200,0.199517,0.204060,0.077325,0.087427,0.005067,0.000000,3.000000,0.000000,0.000000,filler
1785598334.765514,0.199956,1.305793,0.019655,0.069200,0.199617,0.204061,0.077583,0.087507,0.005106,0.000000,3.000000,0.000000,0.000000,filler
1785598334.965290,0.199776,1.305793,0.019655,0.069200,0.199716,0.204061,0.077840,0.087587,0.005145,0.000000,3.000000,0.000000,0.000000,filler
1785598335.065546,0.100257,1.305793,0.019655,0.069200,0.199741,0.204061,0.077905,0.087607,0.005155,0.000000,3.000000,0.000000,0.000000,filler
1785598335.265669,0.200122,1.305793,0.019655,0.069200,0.199841,0.204062,0.078161,0.087687,0.005194,0.000000,3.000000,0.000000,0.000000,filler
1785598335.366310,0.100642,1.305793,0.019655,0.069200,0.199866,0.204062,0.078226,0.087707,0.005204,0.000000,3.000000,0.000000,0.000000,filler
1785598335.565174,0.198864,1.305793,0.019655,0.069200,0.199964,0.204063,0.078478,0.087786,0.005242,0.000000,3.000000,0.000000,0.000000,filler
1785598335.665502,0.100328,1.305793,0.019655,0.069200,0.199990,0.204063,0.078543,0.087806,0.005252,0.000000,3.000000,0.000000,0.000000,filler
1785598335.865532,0.200029,1.305793,0.019655,0.069200,0.200089,0.204063,0.078797,0.087886,0.005291,0.000000,3.000000,0.000000,0.000000,filler
