id,x,y,theta
1,0.5,0.0,0.0
1,0.5637166472811411,-0.08978186022480135,-0.08780674707945481
1,0.59320233402423,-0.09546235531030665,-0.05864423652168714
1,0.773827164477926,-0.0903291423934963,-0.1295938978009083
1,0.7749859799309949,-0.08511017892098437,-0.14287998613544067
1,0.7833542773883829,-0.10005836189543302,-0.13724212758352136
1,0.7682519267110977,-0.09365772799529873,-0.13768507192271232
1,0.8206015468798489,-0.05272113683137957,-0.17227599727905926
1,0.8243929618520324,-0.05207830731328754,-0.1807513433515678
1,0.8261237962466177,-0.0644093782011643,-0.17539052649165748
1,0.8165810724311104,-0.060071701881349214,-0.17477090726063066
1,0.8440341836228147,-0.04091888877328972,-0.19039883800973742
1,0.8370861613872833,-0.036890839122553885,-0.20075169496107234
1,0.8345177789643946,-0.0428390530825377,-0.19099098979404358
1,0.8249731882009302,-0.04117471983884088,-0.1904272868770228
1,0.8377407456093676,-0.0344736337042308,-0.19426581086869416
1,0.8366475199475217,-0.03390845907131894,-0.2033764909884962
1,0.8284332890275454,-0.042338130730400776,-0.19449073840172976
1,0.8412503864551423,-0.08717221539163902,-0.17844512755275765
1,0.8361971810769411,-0.08494600894118279,-0.1767458392031507
1,0.8447808518107995,-0.079912859861069,-0.17915020458801817
1,0.8444518096682537,-0.0823373660520629,-0.18512393267624497
1,0.8321906239925622,-0.08389557782614915,-0.17853829872689805
1,0.8438882486419365,-0.10775544992974863,-0.1763672745721181
1,0.8423355354891242,-0.10635155320165812,-0.17547304021829951
1,0.8480512903751576,-0.10294144200415616,-0.17683885507074232
1,0.8491937834035346,-0.10418239599547803,-0.180688946537799
1,0.8712060786129255,-0.10490570610168845,-0.19261197913049125
1,0.8819787419433245,-0.1232055664647067,-0.19331307896844976
1,0.8812091057792395,-0.12283536136461509,-0.19207198296108072
1,0.8712632375522951,-0.11895945423782542,-0.18551636239435984
1,0.8791334327677176,-0.1287349834841286,-0.18886287493898438
1,0.8773513285767938,-0.1283150590833269,-0.18742366714555384
1,0.8828549115874987,-0.12623045661558793,-0.18757814555996177
1,0.8831665624376503,-0.12651057278051325,-0.18995055065419847
1,0.8695706511912683,-0.12480778261707039,-0.1856980290663926
1,0.8775420960944647,-0.13608340930798726,-0.18867030587966602
1,0.8779441400627573,-0.1367007551523332,-0.1898998073655346
1,0.8837617796362298,-0.13444188585646077,-0.19080717416158693
1,0.8841480659079389,-0.1336936788570112,-0.1893458864139521
1,0.8758733282896466,-0.13386045711087122,-0.1895653644513893
1,0.8607800985256577,-0.2006803599637072,-0.13469827513441845
1,0.8628502258333992,-0.20332840943662803,-0.13871953777845397
1,0.8681665779244411,-0.20008298945053823,-0.14105421263724566
1,0.872089404700453,-0.19764826673414607,-0.136565643086902
1,0.8562323866408725,-0.1957370235025241,-0.13357840281999386
1,0.8637041964387366,-0.2007149990299521,-0.14571818429342792
1,0.8672456690142686,-0.20372945314887173,-0.15034285132219938
1,0.8718220124744108,-0.20114722620717268,-0.15189043923762646
1,0.875124365071122,-0.19873793638139609,-0.14751247194403183
1,0.8554974062179098,-0.19713863175287896,-0.14644383116527177
1,0.8633449211189431,-0.20527713927387609,-0.15823792106360726
1,0.8657328566163242,-0.2073391947257788,-0.16251044304380238
1,0.8695079897274065,-0.20554824767464758,-0.16321963228948605
1,0.8722656381122618,-0.20453084858870013,-0.1614981485142342
1,0.8630703856803799,-0.20325028975386533,-0.16369005258773242
1,0.8696677521715002,-0.20993747877330954,-0.1734317829345835
1,0.8697786363995399,-0.2073870363034788,-0.17021083303262152
1,0.8729144466583499,-0.20604129739715463,-0.1705626439655492
1,0.8730224398978966,-0.2060798750620242,-0.17045032053246367
1,0.8704430151401822,-0.20313719194260046,-0.17042797706975674
1,0.8749119658532267,-0.20577893087066518,-0.17737205283779373
1,0.8742048697100591,-0.20530895255827764,-0.1767223917037018
1,0.8779119368571897,-0.20359618057767281,-0.17744106635290732
1,0.8778038140832221,-0.20365672203523819,-0.1776132862359207
1,0.8716909189653406,-0.20334898406864926,-0.17869941201229583
1,0.8718204114544281,-0.20105324066565616,-0.17630526714682423
1,0.8742161671072307,-0.20037203541941512,-0.17590185384964718
1,0.8737921311934311,-0.19960425753027197,-0.17536848947862013
1,0.8720190690796777,-0.19969300752733643,-0.17415516930444455
1,0.871954587968212,-0.19850898405991207,-0.17384823847174033
1,0.8748479753846573,-0.19734207368770915,-0.1740240323619794
1,0.8741246386120946,-0.1959796386425694,-0.17334413531872087
1,0.8679325604053827,-0.1948894357585626,-0.17300048436649187
1,0.8720251555378022,-0.19648321218368806,-0.1790937873663425
1,0.872493842019967,-0.19374736325251674,-0.17724579245552333
1,0.8754082854693641,-0.19261846233095486,-0.1773692329535787
1,0.8742904586292756,-0.19187267602415198,-0.17754954423116007
1,0.8735512454227047,-0.1950627261043041,-0.18050943673995293
1,0.8734576390290191,-0.18729111830644699,-0.17076520931063963
1,0.8762359856798712,-0.18606148123251165,-0.1709217066301928
1,0.875571526804967,-0.18547754298246888,-0.1715133204324344
1,0.8720879211792647,-0.1849388821574718,-0.17293078272043905
1,0.876239280813255,-0.18663402982971114,-0.17822973044815
1,0.8751533074055042,-0.18139418174041283,-0.17263439626237628
1,0.8777376093459344,-0.1802618743950406,-0.1726238374192095
1,0.8775477344940005,-0.1807318977775881,-0.17405649731261724
1,0.8734289889798332,-0.1803476580761018,-0.17958510085896912
1,0.8774154953937419,-0.18255726122543015,-0.18365157288442638
1,0.8796990114596268,-0.18162239854428072,-0.1836715614276941
1,0.8797379680571177,-0.18272489778328097,-0.18492352551542332
1,0.8777923820676041,-0.1825165281171459,-0.18820923322256633
1,0.8820369241560665,-0.18524585641186167,-0.19246986499155483
1,0.8839557762969492,-0.18473949009732443,-0.19209777184504637
1,0.8839431487595751,-0.18497935477319855,-0.1925189814452802
1,0.8827952746789194,-0.18577874022955534,-0.19530890239933296
1,0.8849843341315392,-0.18502016452270967,-0.1954627387310212
1,0.8817692376216792,-0.18368592050720173,-0.1968806018932409
1,0.8799564622370301,-0.18385620145454581,-0.1992865903108455
1,0.8836019597282992,-0.185181541335608,-0.20399782355904253
1,0.8788131233552408,-0.1788839211613714,-0.19814903287825542
1,0.8810256810269328,-0.17809294041001814,-0.19823214195318586
1,0.8799593665781561,-0.1776047835143823,-0.19852705304045098
1,0.881802995500022,-0.17968131102309953,-0.20047397628709507
1,0.8854934990882557,-0.18152553175494096,-0.20419724672387737
1,0.8838581542270452,-0.1779087414488575,-0.19902043357265206
1,0.8853122416769555,-0.17758157308962483,-0.19874269894388594
1,0.885222603681112,-0.1795307435581079,-0.2020922113217972
1,0.8860659843663498,-0.1768397900961791,-0.2005921363320962
1,0.8815691762793998,-0.17344162650740075,-0.198427978380177
1,0.8838798033442904,-0.17250200924783562,-0.19865685827915314
1,0.8845540046532414,-0.17506848571045894,-0.2030565135935288
1,0.886847927060071,-0.17615594472717244,-0.2021471816051915
1,0.8791339870553281,-0.16974637979496052,-0.19825203363055394
1,0.8814087616018637,-0.16876900116601615,-0.19844349684312243
1,0.8819594692076416,-0.1718604440220555,-0.2044837556625871
1,0.8828469696330615,-0.17073470811868346,-0.20150841186477586
1,0.8867221533284527,-0.1729679533588696,-0.20439506870957136
1,0.8852085418481948,-0.17008688604364483,-0.1989710662190917
1,0.8869962669042725,-0.16944144207851725,-0.19862111771954077
1,0.8869920283898054,-0.17247842187634746,-0.20509571802423424
1,0.886660743070512,-0.1704133143605996,-0.20196367317430114
1,0.890377044656485,-0.17242675001135732,-0.20457972111068187
1,0.8876206272212965,-0.16947637601506924,-0.20243309397229522
1,0.8894204928385689,-0.168943731383448,-0.20193876012584158
1,0.8892246567420705,-0.17026905759050587,-0.20484681535142613
1,0.8843645601594124,-0.16951722676429343,-0.20319272305351507
1,0.8877667757539076,-0.17117762371560485,-0.20593596944889894
1,0.8874165610388588,-0.17059112101963558,-0.2046435639175035
1,0.8887403362837726,-0.17032833751074994,-0.20388774775969468
1,0.8948702345024111,-0.17034266889638627,-0.20348365862656087
1,0.8987360488330925,-0.17214524724699282,-0.20622313024398642
1,0.8993377413698501,-0.17291174437706605,-0.20660579695944117
1,0.8970376699549556,-0.17181513501660528,-0.20458403137847633
1,0.9002021902727504,-0.17271321450545146,-0.20791337882125052
1,0.8990233579720486,-0.17231291242293767,-0.20740278616042992
1,0.9003333848298424,-0.17228226934397606,-0.20596776641256673
1,0.8994644549322744,-0.17281282352725208,-0.20721066968785956
1,0.8948727662103599,-0.17215834890296228,-0.20654183880988758
1,0.8986121760086714,-0.17396048733900052,-0.20906880894536192
1,0.8988800067780562,-0.17379979871317114,-0.20910682292133262
1,0.9005788488913951,-0.17366335435689007,-0.20797279734392815
1,0.9011111100116131,-0.1735422278648965,-0.20746164228703895
1,0.8929732458565397,-0.17254662906697216,-0.20683628369200208
1,0.8880431461752432,-0.184090485375496,-0.16847154203459885
1,0.8884811632538187,-0.18419645761859216,-0.16914753392503395
1,0.8901423076841655,-0.18374449340131102,-0.16866165560353633
1,0.8910359632778111,-0.18282676771066247,-0.16656583658715363
1,0.8816981005972486,-0.18217553948462578,-0.16655115874975457
1,0.8853020167756885,-0.18386564560779578,-0.1706347277647448
1,0.8865259281016153,-0.18421433630059433,-0.17170199071646566
1,0.8881943171948936,-0.18385866503101075,-0.1711106843313453
1,0.8886309914112167,-0.18294400424620877,-0.16922804172973788
1,0.8866457600023434,-0.18327670230326565,-0.17160649082834734
1,0.891234672682387,-0.18607484086039872,-0.17549968252560366
1,0.8931582084225124,-0.18645547587095526,-0.17633650949085022
1,0.8946935110879347,-0.18622697518933432,-0.1755433376961547
1,0.8958197213667126,-0.18630831555603858,-0.1754154243150753
1,0.8890269969454695,-0.1864062781471249,-0.1778629622958626
1,0.8932549170105288,-0.18886734565958047,-0.1813597019705944
1,0.8931233500040482,-0.1887086195559401,-0.18120802667274546
1,0.8945145387779007,-0.18860103922993607,-0.1803939404024359
1,0.8945309506925682,-0.1886665481210022,-0.180440616496934
1,0.8920174505442108,-0.18809339852588858,-0.18177384299303476
1,0.8948418174318716,-0.18922942487440617,-0.1848191926306045
1,0.8950619218488016,-0.18861114842576152,-0.18434550511581135
1,0.8969368710896534,-0.1883290892584968,-0.1838526665030391
1,0.8969809732221212,-0.1885286697305525,-0.18415072937915586
1,0.8932729081730669,-0.18812628850880783,-0.18523957299197857
1,0.8922272675476105,-0.18786329602573146,-0.18539154406263833
1,0.8934856211893102,-0.18786816068411294,-0.18421872124738276
1,0.8930890620005077,-0.18848840380413,-0.18539573219180314
1,0.8911794403824338,-0.1883991453301912,-0.1853053626271932
1,0.8916912170307215,-0.18628784991889782,-0.18423190212063761
1,0.8933168665992068,-0.1861515885058415,-0.1835561740540551
1,0.8926526941072895,-0.18475413939559637,-0.18286041517974846
1,0.8886861812133596,-0.18437486359767177,-0.182403893191154
1,0.891534319440517,-0.18520213053524248,-0.18563655297139836
1,0.8920525725029346,-0.18411017359796272,-0.18578551519403072
1,0.8937707051788716,-0.18395026011613408,-0.18515453132522977
1,0.8928058136266258,-0.18460871408743232,-0.18699813182736214
1,0.8889063733542503,-0.18479386267925138,-0.1880158823010184
1,0.8881738758510599,-0.1811554979627637,-0.1834251641653658
1,0.8898042834211985,-0.1809647734675759,-0.1830096129575349
1,0.889370738862072,-0.18092857418320082,-0.1844797928128593
1,0.8880953058534795,-0.18322014963081287,-0.18780345959747582
1,0.8910995813989266,-0.18410267636173153,-0.1908842896394221
1,0.8910199959423781,-0.1805541318490394,-0.1865800737329304
1,0.8926321894273673,-0.18036580910758762,-0.1861051073620454
1,0.8922857050853646,-0.18022845446606378,-0.18705129599777115
1,0.8910003106862273,-0.18126731236385277,-0.19034534233201642
1,0.8941579346754981,-0.18233844783587833,-0.19272271112797798
1,0.89561922262956,-0.182154447351513,-0.19229879587283621
1,0.8954790147955539,-0.18168750797586442,-0.19202013043567348
1,0.8929747797064677,-0.18188526515466327,-0.1954147737270311
1,0.896484091511549,-0.1832407069329577,-0.19792521943269592
1,0.8977712199132565,-0.18318468538988572,-0.19716527455336383
1,0.8976800878460338,-0.18341478283080753,-0.19767594729291946
1,0.8966107678957415,-0.18364215246305443,-0.19957784075816343
1,0.8981445815679429,-0.18351554570820755,-0.19933768720642767
1,0.8965186888133176,-0.18221820183643406,-0.19905896619504576
1,0.8945018069866724,-0.18183352036809808,-0.2013171698511896
1,0.8974590851616817,-0.18259474154668026,-0.2045549020170755
1,0.8943513543305981,-0.17941867721018026,-0.20042955500370635
1,0.8959724140438436,-0.17924169834090853,-0.20016611805320328
1,0.8949190056316279,-0.17884027438297245,-0.20035167771628484
1,0.8953039706797262,-0.1781855592520628,-0.20082313271540003
1,0.8985219410180358,-0.17917832218470522,-0.20332040887868985
1,0.8959665554242896,-0.17744334029886477,-0.20073140416905372
1,0.8970727954440674,-0.1773909455357784,-0.20006567648635717
1,0.8965392200776353,-0.17802552697660481,-0.20188312645183681
1,0.8982838792195796,-0.17823023098830298,-0.20190360768328594
1,0.8924146110675926,-0.17597948893121548,-0.20113390863410377
1,0.8942364158823255,-0.1757465976635898,-0.2010690283336778
1,0.8933273468584034,-0.1768970657943353,-0.20447192086454893
1,0.8944157034280283,-0.176700206673902,-0.20352881362645336
1,0.8892063941718109,-0.17409247487870724,-0.20146133972017718
1,0.8910770375449578,-0.173854654413305,-0.20143951020487677
1,0.8899825014710804,-0.17573674312835003,-0.20678328543295033
1,0.8904241495596709,-0.17407742840455986,-0.20473761728590523
1,0.8940504664246861,-0.1753555200047626,-0.20680574702075485
1,0.8892498429392814,-0.17187110080557153,-0.20326887955493608
1,0.8908268330294257,-0.17176044540666974,-0.20276177057560896
1,0.8899877279536128,-0.17372217326357856,-0.20795236497358527
1,0.8890344878067167,-0.17281503434930715,-0.20584634072302402
1,0.8924632206143643,-0.1739857562765973,-0.20788734682689566
1,0.8917745713605457,-0.17307976467839592,-0.2055070331683523
1,0.893325662848879,-0.1730282179021006,-0.20488050760134316
1,0.8920605717528606,-0.17415875187590774,-0.2074144649964659
1,0.8883752881321937,-0.1731855840789037,-0.20589095591608064
1,0.8915542255549472,-0.1741828274228263,-0.20808583449349277
1,0.8908268138617792,-0.17345795844956038,-0.20715667514936456
1,0.8919964630319676,-0.17350469441450786,-0.20626500264857367
1,0.8950250247036269,-0.17363177858177936,-0.20597856556509975
1,0.8987061470634026,-0.17474804570019103,-0.20829779288047662
1,0.8989432194674651,-0.17540250327371795,-0.20887674073081694
1,0.900335886871757,-0.17548659177550463,-0.2078949582006078
1,0.9006430194592078,-0.17567816055263363,-0.20911283829703853
1,0.8976722818390847,-0.17528553387134418,-0.20901000396553548
1,0.9014173370005578,-0.17655505190458207,-0.21107023723746493
1,0.9009590644964295,-0.17638791756828606,-0.21046670414175356
1,0.9024205863726988,-0.17651064858486235,-0.2093467476179423
1,0.9024021248188637,-0.17635117294229216,-0.20932366222681473
1,0.8984077841648728,-0.17590750253600326,-0.20944866430512754
1,0.9017540894712437,-0.17700374307608818,-0.21139815221565325
1,0.9119823640583561,-0.18028930905569282,-0.21690905699903357
1,0.9138526607396528,-0.18045893766116364,-0.21614220758833363
1,0.9140745212077942,-0.1800110021756226,-0.21439088166445297
1,0.9054080461205963,-0.1782604803206525,-0.21270518988234174
1,0.906886515393702,-0.17650459817217537,-0.21021141310329736
1,0.9085540578855061,-0.17664931934974684,-0.2094324728301642
1,0.9090282537516469,-0.1751046438557531,-0.20624769872325152
1,0.9017962567117994,-0.17259740825513575,-0.20147425728989485
1,0.9048202011299538,-0.17339116936404247,-0.20332046993182004
1,0.9050525513619279,-0.1711267561853027,-0.2003340769933076
1,0.9066997297015669,-0.17119820294320967,-0.19974621623793368
1,0.9057119681355306,-0.16889372017232426,-0.19675494485081765
1,0.9030408512911121,-0.1697062272112766,-0.19594217103337994
1,0.9059768911297963,-0.17039317658732464,-0.19799190271486317
1,0.905712954117612,-0.16773528351475728,-0.19468458781364792
1,0.907266535553643,-0.1677678063242975,-0.19395106576628487
1,0.9069249349007746,-0.1681564122228038,-0.19562069931574072
1,0.9026242080020106,-0.1677108384873833,-0.19432613138357344
1,0.9055466372009434,-0.16837145823243663,-0.19626555655833394
1,0.9054142952475793,-0.1660386643927303,-0.1942507380964012
1,0.9069165858170603,-0.1660966793729747,-0.19355490008905035
1,0.9065586373603433,-0.16602064691760363,-0.19440207503601417
1,0.9040303762249406,-0.16670071250797006,-0.19684074198311186
1,0.9070420268533675,-0.16746248631231064,-0.19806170495800735
1,0.9083797716607184,-0.16751231452977003,-0.19747093889509323
1,0.9082580363617048,-0.1675151174607736,-0.1979637695736841
1,0.9058463497929669,-0.1676169904830644,-0.20031520736047514
1,0.9092509647279394,-0.1685597545140833,-0.20160829439196362
1,0.9103930702196055,-0.16869924765880245,-0.20076216901151522
1,0.9103777865897653,-0.1688051567954773,-0.2011364666435048
1,0.9094415292106456,-0.16885554133726358,-0.2023225903614256
1,0.9108507622363505,-0.1689590208628907,-0.20198412599908994
1,0.9088214412697416,-0.1674618500096031,-0.20149303508780703
1,0.9079708734042906,-0.16643690250736948,-0.20151770009607572
1,0.910851701212258,-0.16700192416372023,-0.20377043041383588
1,0.9087105320928651,-0.16560812972793548,-0.2019972957607933
1,0.9102254253019089,-0.16564444723843993,-0.20160994972277793
1,0.909367054018893,-0.1652500845801837,-0.20154350985067132
1,0.9101928804309096,-0.16548195718068784,-0.2031687616095972
1,0.9132907482465167,-0.1661928183964944,-0.20469701292886183
1,0.9097499398856883,-0.16517722507202726,-0.20332648317197508
1,0.9107666228997571,-0.16527929823440354,-0.2025494076779514
1,0.909857254603546,-0.16542282824743412,-0.20398875970996777
1,0.9113345752855819,-0.16476067389363538,-0.20353001410346658
1,0.9083775999602003,-0.16432540056681824,-0.202973901969893
1,0.9100407145947368,-0.16430571915500744,-0.20279987171343097
1,0.9081399081813012,-0.16475014235527982,-0.20569794502462643
1,0.9099882237202507,-0.16482289935959737,-0.20540507352753867
1,0.9042323025839138,-0.16287987317063482,-0.20370219843710707
1,0.9059095508149253,-0.16285342979757242,-0.20359366298398549
1,0.9031020385629183,-0.16407023695062412,-0.20874247089444228
1,0.9042508864173082,-0.16379836465901776,-0.207473709945572
1,0.9001812489660611,-0.16179572581194626,-0.2048574188980184
1,0.9012664185352025,-0.16189014875414567,-0.2039939738576541
1,0.9011002760515102,-0.16303975632291998,-0.20731139610483848
1,0.9006324898705623,-0.16213393100034143,-0.2055486563999558
1,0.9042761041589014,-0.163121129004406,-0.206756852426464
1,0.9014774585021296,-0.16186133442090053,-0.20526360904576513
1,0.9026992424801107,-0.16197125264768084,-0.2043338611103902
1,0.9017532204327301,-0.1629875865037191,-0.20720918149399892
1,0.8992774288628462,-0.16205851076143962,-0.20585399405707006
1,0.9025104208031169,-0.1628800294820482,-0.2073787863618829
1,0.9013835852829593,-0.16224057490789615,-0.2065221853138234
1,0.9024605330896591,-0.16236990269653015,-0.20552364144150212
1,0.9018732475216988,-0.16283468189504086,-0.20691098839271832
1,0.9027956794831228,-0.1630293991094114,-0.2076099866331593
1,0.9064518061305908,-0.16396944462099683,-0.2092728801663857
1,0.9060678663942912,-0.16430114006451665,-0.20967460590964807
1,0.9028359467221434,-0.1632363965494202,-0.20799764240665938
1,0.9057487736366346,-0.16379140964945824,-0.21051363037788695
1,0.90519952648882,-0.16384225621016,-0.21041979684127401
1,0.9064186201176605,-0.16409048243130495,-0.20867418744652377
1,0.9060540667336425,-0.1641673535975978,-0.2096266242765751
1,0.9029500725133264,-0.16378656237675437,-0.20954857392161247
1,0.9065789365795982,-0.16475808438757242,-0.2111431665983406
1,0.906506942859835,-0.16474455910353347,-0.21098200328248584
1,0.9080767396500213,-0.16499953975588752,-0.2095628273504291
1,0.9081940348503184,-0.16492062724163833,-0.2094053441083841
1,0.902921563792653,-0.1643809948532679,-0.20991564924861533
1,0.9011180241108043,-0.16849489773644194,-0.17180678056291834
1,0.9022164665277818,-0.16842762432062,-0.1718628293108832
1,0.903787633501025,-0.16855118132951483,-0.17129653085976232
1,0.9043411696863076,-0.1683034626452522,-0.1702251389522027
1,0.8985192943241161,-0.1676874055756233,-0.1710149197406221
1,0.9019560670442602,-0.16870863025183946,-0.17352237042861932
1,0.9040084705936341,-0.16881126504562552,-0.1738202551462372
1,0.9055568542233139,-0.16895223934223116,-0.17319159128959183
1,0.9064149056646861,-0.16880025224851586,-0.17243054577918193
1,0.8967643523469156,-0.16762536156213595,-0.17361495002437644
1,0.9013094910493339,-0.1691342075375865,-0.17557013928802095
1,0.9026955165883027,-0.16886170653853333,-0.17568704745845815
1,0.9042258885817285,-0.1690530769433845,-0.1747704287847853
1,0.9053089580451629,-0.16951473109050844,-0.1749434664791136
1,0.8990929179485959,-0.16893396891021903,-0.1769671936902338
1,0.9033603323395651,-0.17030684108589486,-0.1787438906487164
1,0.9031946808539684,-0.1699279640887767,-0.17842501859974363
1,0.9046155755776552,-0.1701428241041955,-0.17746904607680877
1,0.9045391368846208,-0.1701269473446877,-0.17747716348460188
1,0.8998965184488722,-0.16958377519870438,-0.1790038443166442
1,0.9027370074765052,-0.17032573002521584,-0.18090823040778084
1,0.9028297752127699,-0.16999200959405664,-0.18082161350477818
1,0.9046384677112171,-0.1702055676356745,-0.18029269299683648
1,0.904418750499038,-0.17016553981579194,-0.18034799623660483
1,0.9016329051852058,-0.16973083802779979,-0.1809684393296082
1,0.9012079414794552,-0.1694356428498048,-0.1811776669946335
1,0.9024998244308816,-0.16971377126744946,-0.17998489057022152
1,0.9022107274087497,-0.16945865826067286,-0.18015089527724182
1,0.9002239591544532,-0.16973379456350415,-0.1797814033457238
1,0.9004074915831074,-0.1690998477878042,-0.18018606994779365
1,0.9020309947513651,-0.16932504838204135,-0.17949662635616223
1,0.9017720085677425,-0.16936457469934688,-0.18072511123974352
1,0.8985222459674719,-0.16895284686381917,-0.1788433650133817
1,0.9013505210486451,-0.16960776688718013,-0.18117308984013913
1,0.9012365166273605,-0.1693210393150058,-0.1824393448975672
1,0.902884279535573,-0.16955143877494733,-0.18186387655401395
1,0.9018132531935976,-0.16973669708390715,-0.18380708885064967
1,0.8986501503368041,-0.16963728512046594,-0.18279021524259223
1,0.8973951717423385,-0.1671073975014047,-0.18029918559990493
1,0.8989886634876999,-0.1673072626224595,-0.17992605086534447
1,0.8985287597367949,-0.16698128623238792,-0.180897717347466
1,0.8958663961985849,-0.16732837211877993,-0.1807729430643041
1,0.8988577229277194,-0.16798550361482248,-0.18299125921284118
1,0.8982146613638379,-0.1664371513361385,-0.18209716930425696
1,0.9002043481153384,-0.1666047640554245,-0.18222908223328385
1,0.9005062250857581,-0.1674272365330559,-0.18435693737326017
1,0.8987931706998767,-0.16790904662780337,-0.18630731042515555
1,0.901879528467661,-0.16865356692678812,-0.18786953390054115
1,0.9032234153951072,-0.1688241011418041,-0.18753478792703487
1,0.9027443708771894,-0.16875011841027093,-0.18834244397094632
1,0.9008068764339996,-0.16897626251456702,-0.19080302495218704
1,0.9042483304489018,-0.16987482643130888,-0.19241740562551146
1,0.9054338809264639,-0.1701064146401451,-0.19177834845621536
1,0.9052707766293617,-0.17013455124714197,-0.1923498440509507
1,0.9046576574690712,-0.1702833897274901,-0.19388800220461724
1,0.9060419279488954,-0.17049544209079232,-0.19376481693588757
1,0.9029185254249866,-0.16992965374829372,-0.19576435998394365
1,0.9016628844195012,-0.1698984262395957,-0.1980616629993998
1,0.9046253432104621,-0.17051295154445278,-0.20059947774740486
1,0.9001262706133291,-0.1692937099695095,-0.20020623747662222
1,0.9013978849706675,-0.16955639320016513,-0.19977676284366805
1,0.8997052499677852,-0.16907438063879424,-0.20002807216515892
1,0.900900186684736,-0.16917093880624082,-0.20114391835492704
1,0.9041034614189482,-0.1699184488101207,-0.20304559507802294
1,0.9004529999230053,-0.16888921440858579,-0.20178499318646637
1,0.9015064648634258,-0.16913968497042906,-0.2013213940147155
1,0.8987521222093181,-0.1698797284935916,-0.2057437599709344
1,0.9004598454575786,-0.1693876109930407,-0.2051785443112036
1,0.8962640341856873,-0.16830611731601283,-0.20391574746929622
1,0.8979690315972386,-0.16855587107273026,-0.20412332432889183
1,0.8972770547858288,-0.16877175052385673,-0.20579277473680466
1,0.8989667008392376,-0.168233442095271,-0.2051256560248559
1,0.8964487178107008,-0.1673083479695412,-0.203037039842333
1,0.8982058166903663,-0.16752795078012778,-0.20324526307772736
1,0.8972398500940825,-0.16841172403760343,-0.20691525862119264
1,0.898697187244699,-0.16771672579356514,-0.20567481479774571
1,0.9022871869710075,-0.16864392261401595,-0.20717570246715947
1,0.8999227718654559,-0.16742133581868535,-0.20436919006806992
1,0.9013860679215688,-0.16765560601784274,-0.20402744645453125
1,0.9008145748309137,-0.16891445878304795,-0.20806706886764387
1,0.900125369192208,-0.16780026008050664,-0.20628929618184255
1,0.9035032484712602,-0.16865027533051408,-0.20776292320255363
1,0.9021563878654937,-0.1680167033448863,-0.20633222730692843
1,0.9032393298108253,-0.1682483477766182,-0.2055900970163688
1,0.903049616509615,-0.16909700845177608,-0.20806587547544814
1,0.900552596892437,-0.16821116944360118,-0.20689295455796342
1,0.903750528834467,-0.16897433379196589,-0.20862575897709632
1,0.9024432515851577,-0.16856692215042277,-0.208194501877626
1,0.902920265203897,-0.16830629936088706,-0.20756705327907315
1,0.9065192300175563,-0.16915959765188343,-0.20941488904249153
1,0.9061647722361197,-0.16935600917319796,-0.20961901474595618
1,0.9042093810927088,-0.16874417453239018,-0.2083916795280017
1,0.9070604591568384,-0.16925871847776805,-0.210995626948153
1,0.9063402390442846,-0.16920932826306143,-0.21078719018705916
1,0.907592321080097,-0.169539860501732,-0.20923495195979208
1,0.9070977755088536,-0.16952838579262294,-0.21003651644717253
1,0.9034780808996646,-0.16890686490369033,-0.20973190805078645
1,0.907030391656311,-0.16977971471276793,-0.21148624869176244
1,0.9070732088569626,-0.16976575986473005,-0.21136753604701253
1,0.9086558488116638,-0.17011788268722697,-0.21012052321925823
1,0.9092132810469826,-0.17018459068805014,-0.20998587759607432
1,0.9020578182268816,-0.1689096133133944,-0.20945647552346466
1,0.9005920601365539,-0.17236001506780557,-0.17409687234286525
1,0.9021180027039452,-0.17261925662556962,-0.17469231234096141
1,0.9036523283277013,-0.17285568801381843,-0.174279004363096
1,0.904945800357865,-0.17300062979145012,-0.17369669459637446
1,0.8970864948522292,-0.17173783658173528,-0.1740570742769919
1,0.9004678205220814,-0.1726116979592781,-0.17649940682056048
1,0.9020487053367334,-0.1725024150804963,-0.1765803424069183
1,0.9035754752076999,-0.17275242927615816,-0.17606804743937943
1,0.9044101944143838,-0.17269023002210332,-0.1752173864513738
1,0.8987073005948255,-0.17198617792767423,-0.17634035277844973
1,0.9031383363551011,-0.17329115041856685,-0.1782413057984071
1,0.9045139176875222,-0.17286650019334418,-0.1779599947586389
1,0.9059777716159195,-0.17313518027809988,-0.17718501885803628
1,0.9064538741315576,-0.17331559098870244,-0.17707907329977998
1,0.9013356356189273,-0.17273273730390548,-0.17872608154948652
1,0.9055951166594757,-0.1739392608587735,-0.18050903219395728
1,0.9051530225327087,-0.1736583361001521,-0.18058639682363625
1,0.9065469510460104,-0.17392596125051313,-0.17969215268777772
1,0.9063818312680668,-0.17387811891582822,-0.17971664673502774
1,0.9027800628297468,-0.17333893109565016,-0.18091899333286518
1,0.9056113485004499,-0.17400842634920255,-0.18287080851013598
1,0.9056272905069844,-0.1739174903951533,-0.18332728881608285
1,0.9073595051466998,-0.17419964498583188,-0.18288626710883993
1,0.9072387499859873,-0.17417921142740606,-0.18299659000148025
1,0.9051483964406833,-0.17374088501706553,-0.18351513989387494
1,0.9048656736892163,-0.1733388780266364,-0.18322109908155432
1,0.9061189902952564,-0.17359833072603445,-0.18202188145473
1,0.9058212666241471,-0.17349975717840252,-0.18238810559792565
1,0.9028892847484605,-0.1730548749588775,-0.18205365707830892
1,0.9031632435149475,-0.1723635561977322,-0.18233605534388483
1,0.9047221746229704,-0.17262504213693788,-0.18168867401394967
1,0.9036905105130627,-0.17175301163107187,-0.18165452717891742
1,0.9001163890588474,-0.17147486772018253,-0.18013839022629374
1,0.9029283534458767,-0.17207547091776948,-0.1825031254918527
1,0.9030451805263158,-0.17146207182794668,-0.1831914340956504
1,0.9046864819693806,-0.1717209554344742,-0.1826095175972726
1,0.9037063392634943,-0.17234472054733613,-0.1859552285182323
1,0.9009811393765058,-0.17271695709756754,-0.18633238974942243
1,0.8999090413790752,-0.17042313379873272,-0.18400173469916542
1,0.9015071435864274,-0.17066555677776357,-0.18361786045265174
1,0.9009492753955278,-0.17078699020988125,-0.18566227281898162
1,0.8982041267299714,-0.17075645287593538,-0.1839920401379101
1,0.9011460740707106,-0.17138456604142907,-0.1862643302032998
1,0.9005065387667837,-0.16966274729033964,-0.18496696076522964
1,0.902019293269465,-0.1699005766397297,-0.18459538413843785
1,0.9018003050492681,-0.17035834218916437,-0.1865783147851372
1,0.8991929087832926,-0.17074792444099077,-0.18917292630110144
1,0.9022618904308122,-0.17144137373652238,-0.1907904782667658
1,0.9036271520562233,-0.17166937837674942,-0.19048569678522448
1,0.9033725661981714,-0.1713056200795236,-0.19047540169247199
1,0.902158931707684,-0.1711568139017735,-0.1917004910466927
1,0.9055641901282094,-0.17197158530776738,-0.1933327634574825
1,0.9067741361949779,-0.17218569821264523,-0.19262154673621268
1,0.9066630209395201,-0.17201026731622565,-0.19261625851893363
1,0.9062508795962079,-0.17178693745882,-0.19313385489996865
1,0.9076414994035977,-0.17196168309609705,-0.19287325166546168
1,0.9044165952333882,-0.1714106571798266,-0.19490301528580237
1,0.9034993409294022,-0.17123176491088354,-0.19660538212374223
1,0.9063996391233009,-0.1718308341894595,-0.19920503307599377
1,0.9037610516041187,-0.1702349038243327,-0.1968154083147881
1,0.9052581548450921,-0.17042381404427712,-0.19661248901124026
1,0.9047372934194443,-0.17012545162034243,-0.19660269597443022
1,0.9058179279138134,-0.16977281450976586,-0.19688764388898192
1,0.9089438214629368,-0.17044446177518974,-0.1987673036191482
1,0.9040028067419095,-0.17002760700306352,-0.1990313309479736
1,0.9050484048337677,-0.1701632210258624,-0.19831820417305962
1,0.9034871944412913,-0.17012411238231653,-0.19975629265469522
1,0.9060310661453822,-0.17027677731655244,-0.20030918722911972
1,0.902476678544818,-0.16956587607860424,-0.19912836147573193
1,0.904079470241315,-0.16973729200128,-0.19916783772838997
1,0.9021047047415889,-0.17019708442647258,-0.20220017598667586
1,0.9048883617294233,-0.1702846572655866,-0.20230272090027854
1,0.9005721362999438,-0.16929340070880097,-0.2005402113582233
1,0.9021721380454334,-0.16947047956155412,-0.20067233573610876
1,0.9000363684327769,-0.17039408260100583,-0.2050282763592222
1,0.9021334939554989,-0.16996597231618288,-0.20386803387933838
1,0.9056932596281179,-0.1708058525242965,-0.20537537397155664
1,0.9034177892384476,-0.16929208342148713,-0.20186515294525997
1,0.9047517258264827,-0.1694722424942811,-0.20144474816045235
1,0.9041785853191074,-0.17039849220611905,-0.20487955720809814
1,0.903553493823666,-0.1694996429480002,-0.20323875111519468
1,0.9068454791406527,-0.17025487255463795,-0.20470254897659143
1,0.9056181064993604,-0.1695730208234572,-0.20315307682203315
1,0.9069614545225861,-0.1697665137984098,-0.20257750437229574
1,0.9068112496288705,-0.1704974295180475,-0.2048166303270272
1,0.9050947308544157,-0.16976980149723006,-0.20375807641632263
1,0.908272127370389,-0.17047108393519164,-0.20552264115784202
1,0.9075798108003695,-0.1700965739395477,-0.20467448258195545
1,0.9086482896568094,-0.1702805128334939,-0.20375971805324636
1,0.9153803031901993,-0.170430565253076,-0.20056338668658122
1,0.9047078514897291,-0.1677531996201287,-0.19782229756173075
1,0.9095511737184722,-0.16891559670263734,-0.19887912995326254
1,0.9118906794335953,-0.16899898404052,-0.19908588609426212
1,0.9131990325542046,-0.16920208612893964,-0.198559560912138
1,0.9142855659057076,-0.1693781658253486,-0.1980064509085763
1,0.9069323393201292,-0.16778074945040025,-0.19653666366768524
1,0.9114432770126797,-0.16883689980903163,-0.19750626275439312
1,0.911964400123065,-0.1688614590351812,-0.19763568133450668
1,0.9130685651887949,-0.16907746985932157,-0.1964600919864847
1,0.9132653564943771,-0.16917637428905255,-0.19639895507762906
1,0.9099067133093831,-0.16849255561915577,-0.19584746432117123
1,0.9094707428866585,-0.16839283675338715,-0.19569933329240052
1,0.9106504683959501,-0.16860606404718811,-0.19466111142273537
1,0.9104695827124595,-0.16855671297317812,-0.19472962224568868
1,0.9085948716391787,-0.1682379814721461,-0.1947358297854094
1,0.9117381509222363,-0.1688957381752655,-0.19606536045018472
1,0.9109111363500567,-0.16877161493534953,-0.19571072500268297
1,0.9119527577973546,-0.16896032737017225,-0.1946162064271328
1,0.9121171466555533,-0.16898119924689706,-0.1944739915213178
1,0.9099768420483328,-0.16865458104123748,-0.19371772725206288
1,0.909217168033965,-0.16828698446516602,-0.19349752347323398
1,0.9105240215244838,-0.16848947021703128,-0.19277441743697016
1,0.909559806385489,-0.1678897691526972,-0.19302864100205266
1,0.9072130585339431,-0.1680524585755943,-0.19250600995925687
1,0.910372212266206,-0.16871681837868582,-0.19415037262137727
1,0.9094259085439439,-0.16847357574981867,-0.19502877122496662
1,0.9108494829247487,-0.16868348266682442,-0.1944611014400623
1,0.9100676638744338,-0.16818974022566938,-0.19461561681048625
1,0.9063918080758148,-0.1678973258006975,-0.19254858045351383
1,0.9094382316801515,-0.1685137307007916,-0.1944238156973973
1,0.9085294449285469,-0.16810983934776125,-0.19608883355357803
1,0.9101386915077744,-0.16833218124479704,-0.19591506644048462
1,0.9090906653052033,-0.16754178198496888,-0.19629503213806146
1,0.9069007609924896,-0.16821990724440797,-0.19617527359700632
1,0.9098868321507538,-0.16882252494380762,-0.19798440778729345
1,0.9096807456570629,-0.16687835760211092,-0.1958051005317471
1,0.9108270131476137,-0.1670450820602609,-0.19502306222748564
1,0.9098681606272048,-0.1665076239130112,-0.195536953879057
1,0.9067186934085677,-0.16703418189244956,-0.1979037480765322
1,0.9098804797484864,-0.16769357249990174,-0.19912536499865766
1,0.9110641959676414,-0.16786557033283236,-0.19849760136931657
1,0.9107850892482103,-0.16792439033862994,-0.1995698868082384
1,0.9084719098328695,-0.16810414909926516,-0.2018209339596178
1,0.9097335898510174,-0.1683072081381665,-0.20133139097850897
1,0.9102904064288084,-0.1685547182586544,-0.2014889350807578
1,0.9098587953797362,-0.16854919561555168,-0.20192643820903344
1,0.913363289203629,-0.1693293328027664,-0.20319359832122427
1,0.91434519095751,-0.16952343260685482,-0.20234894201618234
1,0.912182757066853,-0.1683866327696867,-0.20248842235235134
1,0.9114433416963411,-0.16791269604471137,-0.20287081796811116
1,0.9143751139612247,-0.16846846839997734,-0.205034585669117
1,0.9127374375997515,-0.1676046415684929,-0.20382847942154741
1,0.9134718265285489,-0.16770082243334958,-0.20372783524977606
1,0.9118576529470699,-0.16740630315864832,-0.20419102684353438
1,0.9119783392867943,-0.16735321742438314,-0.20588852227778312
1,0.915054035240962,-0.16797283621982814,-0.20738866337453657
1,0.9129647662434249,-0.16732091094166532,-0.2061607498763431
1,0.9139151015037627,-0.1674921793604699,-0.20537715820809585
1,0.9115359014255413,-0.16753945535973047,-0.20801120950245164
1,0.9128833029321763,-0.1672348216491939,-0.20827741706341701
1,0.909709763349186,-0.16641168738410328,-0.20673088714942142
1,0.9112680267542527,-0.16664439498261102,-0.20665724480836845
1,0.9091145470591171,-0.16670395735869759,-0.20968698204310637
1,0.9103644034316845,-0.1661310628814784,-0.20894947555029053
1,0.9065732090370151,-0.16500569523840922,-0.20662729803043617
1,0.9082075311967833,-0.16523971165297205,-0.20660517516068375
1,0.9062247279046868,-0.165643828681792,-0.20996729797115496
1,0.9071404451272491,-0.1652816948457477,-0.2090746556247728
1,0.9044577292952267,-0.1641906960111514,-0.2066740402808102
1,0.9056392706320626,-0.1643927517847512,-0.20577407680846097
1,0.9041297188046865,-0.1654349819903242,-0.2107264726607893
1,0.9039221233387856,-0.16428676848686288,-0.208525530977342
1,0.9075857466716769,-0.16508333956927745,-0.20969181537464482
1,0.9047373037139348,-0.1642647046833876,-0.20801353305747464
1,0.9062110147891489,-0.16451259182911693,-0.20719029940729075
1,0.9050625422305599,-0.16530185150667995,-0.21016669827728515
1,0.9025721169185571,-0.1642356776504661,-0.20876373408281154
1,0.9059164596041064,-0.16497808077853385,-0.20997480349719075
1,0.9049762274408651,-0.16452104774407736,-0.20899324041599354
1,0.906197756206869,-0.16474949213840495,-0.20794509114559862
1,0.9057134368746638,-0.1650337556079185,-0.20918246007124472
1,0.9025740598629144,-0.16418726040844683,-0.20839982143860847
1,0.9057028260061064,-0.16486552451470893,-0.20990536178473077
1,0.9060915410302248,-0.16529688221397343,-0.21054695290629943
1,0.9026277173211037,-0.16423969161602897,-0.20868704977122
1,0.9060043605266963,-0.1649858634156181,-0.21029309790510597
1,0.9049459578329707,-0.16488040574758836,-0.21003399867581632
1,0.9064273518131818,-0.16516083303216186,-0.20885856179110085
1,0.9060166137947278,-0.1651040320099599,-0.20928767301825618
1,0.9026554429043749,-0.16446094023553362,-0.20887521744592613
1,0.9061652790313038,-0.16527303208329483,-0.21022820828653777
1,0.9056722161583948,-0.16516111826133026,-0.20987573821817768
1,0.9072298354013388,-0.16546079229739877,-0.2085018458023593
1,0.9075456182925314,-0.16549124732532555,-0.2084484292090607
1,0.9017992108581517,-0.16447898713907813,-0.20812874816639057
1,0.9052122747975522,-0.16525640417661142,-0.20973942877089666
1,0.9062964586709799,-0.16564341766669655,-0.2103088526201205
1,0.9079545752231374,-0.16595727986139736,-0.2092138717429931
1,0.9086101517116985,-0.16604079314660095,-0.20877413075259993
1,0.9009543222523846,-0.16451646195319458,-0.20819332034527446
1,0.9019800630660928,-0.1649338025755075,-0.2087556973698654
1,0.9037410696604509,-0.16528311318801517,-0.20739572419866933
1,0.905097656676233,-0.16544991999998218,-0.2068207328972849
1,0.8975485195864802,-0.1636739070045549,-0.20496662572860266
1,0.9021551310357622,-0.16482093378884666,-0.2058032597056569
1,0.9040632092208198,-0.1649720260853718,-0.20635071730103408
1,0.9057708128455152,-0.16529478409537554,-0.2056008041151368
1,0.90630568047414,-0.16530096385536083,-0.20524307303428352
1,0.8993851651105402,-0.1640613225525065,-0.20510351129812698
1,0.9036622485478003,-0.1651174951867805,-0.20589234180684216
1,0.9032650590125971,-0.1651754254573745,-0.20584962697897982
1,0.9049529696501812,-0.16550326621204098,-0.20498451903804737
1,0.9055143828815688,-0.16567817707134963,-0.2047593624162918
1,0.9016580996902929,-0.1648578988000061,-0.20413858588795802
1,0.9016008945406128,-0.16477891435352376,-0.20411541352349444
1,0.9032031808463139,-0.1651082489901393,-0.20286227733595738
1,0.9037857395202432,-0.16530702954266535,-0.2027140081327127
1,0.9010785588115291,-0.1647152241694433,-0.20227557830162557
1,0.9040799797558484,-0.16539635100267006,-0.2034826752391839
1,0.9035541051145224,-0.16527126000611267,-0.20332171496287835
1,0.9055394019012626,-0.16563823753744508,-0.2029677019846597
1,0.9054461747950567,-0.16559298782177687,-0.20299574906733314
1,0.9027262102210877,-0.1651579084063085,-0.2024419810620691
1,0.9022948119193619,-0.16502647450283575,-0.20269027186908448
1,0.9036785118881397,-0.16533455401986652,-0.20110453983445808
1,0.9026547462079776,-0.16468022150396203,-0.2010603666831018
1,0.8995906676215379,-0.16442363598795606,-0.1999026820932979
1,0.9024916976494586,-0.16508324577345085,-0.20136473126175294
1,0.9018107302392135,-0.16496083945533563,-0.20269750902869696
1,0.9035543399161994,-0.16529892334173926,-0.20184059074544994
1,0.9032147275098045,-0.16558725563776575,-0.20385315587769398
1,0.8993129895709642,-0.16493212698202664,-0.20013803548362166
1,0.9021481729480254,-0.16555363788948796,-0.2018447416499775
1,0.902080846819077,-0.16458315973149942,-0.20145070364675757
1,0.903972007553559,-0.16493522915401532,-0.2012488970687276
1,0.9030144426641079,-0.1643641566456418,-0.20147017905820377
1,0.899807728223709,-0.16450841216529308,-0.2004777344554231
1,0.9025958729641836,-0.1651117277970957,-0.2021351921183161
1,0.9024853967589169,-0.16422809362717644,-0.202105590954219
1,0.9041312192520928,-0.1645542591143918,-0.20162288180969629
1,0.9027299096435427,-0.16379901768521463,-0.20205702018785648
1,0.9002290995757236,-0.1644299804666765,-0.20421079228948097
1,0.903093339016615,-0.16507955035069918,-0.20528012881008123
1,0.9019797533465312,-0.16436585501891426,-0.20477606930634026
1,0.9034636029859588,-0.16465748603415073,-0.20414552933518906
1,0.9036386571248024,-0.16500904716418557,-0.2048666603726684
1,0.9010336205244642,-0.164735081517008,-0.20665244278034273
1,0.9043990962223739,-0.16551020955233997,-0.2077445373222063
1,0.9057558311389258,-0.1657832494165318,-0.20670772850848773
1,0.9047070582787238,-0.16543706519169618,-0.20743216173654008
1,0.9027022715886954,-0.16553110935383727,-0.2100486178950762
1,0.9023498282471778,-0.16530624338860683,-0.21008315732783112
1,0.9013885158300831,-0.16527463179449894,-0.21178241160456973
1,0.9042463202566864,-0.16587361133881054,-0.2138101352748016
1,0.9026813285979439,-0.16516493997555198,-0.21288361123982916
1,0.9046139532258376,-0.16552915114798594,-0.21258245225765007
1,0.9031516582447422,-0.1653759647959465,-0.21335839318389363
1,0.9035321129264952,-0.1653802641848571,-0.21526672059198265
1,0.9066207000337293,-0.16605927197195736,-0.21669690539264433
1,0.9045328269201767,-0.16537719275324353,-0.2153750124163256
1,0.9059425964789648,-0.16567733264241358,-0.2147404784497394
1,0.9034801443635588,-0.16561884930684614,-0.21719380612202638
1,0.9053426286463983,-0.1655019245073494,-0.2178227865616674
1,0.9014214741080061,-0.16522175645289786,-0.2174070654538456
1,0.9032291166171891,-0.16557477708375193,-0.21732843426376755
1,0.9010642617721865,-0.16598236927675183,-0.22045958757403622
1,0.9033502495194855,-0.16584094373495162,-0.2205790988442036
1,0.8996703643866925,-0.1652054763258687,-0.2191940040859083
1,0.9012960705234242,-0.1655417631080317,-0.2188573086058947
1,0.8989701129555554,-0.16606979497369476,-0.2225478912010853
1,0.9006126525401519,-0.16576729389147463,-0.22189213889780662
1,0.8978188880642276,-0.16476969787497503,-0.2197396636895215
1,0.8995696097393482,-0.1651229802135054,-0.2196039589105639
1,0.8971180872182425,-0.1662261875873214,-0.22511927575715845
1,0.8971965782240354,-0.16528756841308678,-0.22327639336202004
1,0.9006401429207038,-0.16612790751900497,-0.2243561937764878
1,0.8991668977341559,-0.16503425890942208,-0.22205456610534088
1,0.9005187458113454,-0.16534658639342625,-0.22114933696989653
1,0.8995760423237168,-0.16611154891011415,-0.22429337304918737
1,0.8970177958598161,-0.16496631548824822,-0.22282565450083183
1,0.9002098777503611,-0.16573819171504753,-0.22390017865545483
1,0.8994938466937538,-0.1651629575103554,-0.22269122932085306
1,0.9008511814980836,-0.16548358490196152,-0.22164211391719119
1,0.9007134303964807,-0.16578933709240393,-0.2227529187134835
1,0.8985390633274154,-0.16513930545136415,-0.22219635606772623
1,0.9015517197999837,-0.16584454736773005,-0.22355492049809195
1,0.9017494291240011,-0.16626403172937715,-0.2241111765769023
1,0.898463190384811,-0.16521021932443444,-0.22222972185956277
1,0.9018221186650067,-0.1660041347583185,-0.22371087009620322
1,0.9008430786203451,-0.16586850914389692,-0.22345200378486546
1,0.9024851337596688,-0.16625556247588955,-0.22226045272133177
1,0.9022112387613966,-0.16626639305398844,-0.222695841831918
1,0.8989951876282809,-0.16561117800482095,-0.22238686510811448
1,0.9023636830994346,-0.16644051282115416,-0.2235677157475926
1,0.9018394619390281,-0.16631353070520802,-0.22318900462135632
1,0.9035167118343718,-0.16671429207203173,-0.22184862050166
1,0.9037291139245102,-0.1667051537448803,-0.22181643781339805
1,0.8985994441487192,-0.16566621119279715,-0.22142787234444436
1,0.9019439273131068,-0.16647458297591478,-0.2228975495710754
1,0.9029960711711447,-0.1668549599936946,-0.22348856485838245
1,0.9047708344607879,-0.16727142596578962,-0.22242577328812382
1,0.905455932890637,-0.16737162925841642,-0.22194932316609547
1,0.8997734981256805,-0.16610347472766013,-0.22127515385695481
1,0.9005591670650537,-0.16646545837732518,-0.22172560493589918
1,0.9024092447654545,-0.1669079217919346,-0.22037621211737043
1,0.9039577320422638,-0.16728548835077575,-0.21993532366618762
1,0.898652909061277,-0.1659098709962674,-0.21840821277742198
1,0.9030691706024859,-0.16706061354763302,-0.21907100255350226
1,0.9049345770143757,-0.16725551683277642,-0.21960463447608145
1,0.9066605928848934,-0.16765479458050006,-0.21885414936393882
1,0.9072720439322011,-0.16772126535815732,-0.21875141208978977
1,0.9001201747630242,-0.16622681359214347,-0.21805521827048133
1,0.9042711612094755,-0.16729862639907267,-0.2186830365707742
1,0.9038658367291323,-0.16733072610874894,-0.2185844981385665
1,0.905537527495931,-0.1677214303931252,-0.21773300354014
1,0.9059435479594088,-0.16783105345776367,-0.2175739863876574
1,0.9008607364260218,-0.16668146796894195,-0.21685741383486687
1,0.9008180450757742,-0.16665784641280573,-0.2169421602868219
1,0.90246120499638,-0.16705489764703677,-0.21568834963561087
1,0.9031773527238758,-0.16730461704235605,-0.2155059410082217
1,0.8998627274618107,-0.16652168850631785,-0.21497994897928716
1,0.902714680827284,-0.16720368365079907,-0.2160062439348584
1,0.9020398594326929,-0.16703994856903778,-0.2157388157476676
1,0.9040330787337721,-0.16748526649206022,-0.21539646337452917
1,0.9038889013660082,-0.16743472625201114,-0.2154652271040991
1,0.9014841929394457,-0.1668929793842533,-0.21494412538218696
1,0.9012524372894513,-0.16692224341195067,-0.21575733476919817
1,0.9026697134437286,-0.1672974937179977,-0.21420832223240505
1,0.9017566742138375,-0.16708061658481804,-0.21528826426380648
1,0.8980380786310741,-0.16633263230004466,-0.2126224684918295
1,0.900825511175894,-0.1669821701554632,-0.21387692435969405
1,0.9004806263378018,-0.16667284650976805,-0.21456936208087946
1,0.9022406816757065,-0.16709431857199905,-0.2137595721462872
1,0.9016531750340676,-0.16682948729540834,-0.21416363150874587
1,0.8992699642528427,-0.16701767992352942,-0.21342698775526286
1,0.9019323392811731,-0.1676287265308574,-0.2149143246054506
1,0.901940464611141,-0.16679578525297747,-0.2145711125036504
1,0.903782936782742,-0.1672036806817602,-0.2143565879561706
1,0.9025551316486855,-0.16654024850593507,-0.21444441661782404
1,0.900011744697892,-0.16712480503257474,-0.2140082252831751
1,0.9026959178071039,-0.16775081155586608,-0.21554744126764708
1,0.9023206233679552,-0.1672109729054458,-0.21695641417235648
1,0.9039734213520824,-0.1675853832940809,-0.21640172172786917
1,0.9025035336219137,-0.16714541167654434,-0.2178389475806756
1,0.8988900334203529,-0.16747586388617958,-0.2192508132146985
1,0.9016302636587773,-0.16815557575797505,-0.22020548588127825
1,0.900910504118324,-0.1673075801030483,-0.21922316963842925
1,0.9023714637291157,-0.16765448445380107,-0.2185883927027736
1,0.9026005190171427,-0.1680285073755395,-0.2193081451946373
1,0.899823729254272,-0.16764268699147414,-0.2208925518305492
1,0.9029702502490004,-0.1684274387936329,-0.2218358512901866
1,0.9042954697616152,-0.1687463560920321,-0.2208216125644076
1,0.9032094892350082,-0.16835575257963387,-0.2214461373122395
1,0.9012669323218075,-0.16820653175544764,-0.22341306660483543
1,0.9008064860469729,-0.1679130554463517,-0.2233695811464006
1,0.9001152137034928,-0.16791662691172002,-0.22469425915557248
1,0.9028218436211354,-0.16852968751945943,-0.22657663077972073
1,0.900901670879011,-0.1676430782603848,-0.22574779671061665
1,0.9027972529870147,-0.16805805638437882,-0.22541579285705013
1,0.9014469352700033,-0.16753127555040268,-0.22559524038332418
1,0.9017295825395992,-0.16722256653620451,-0.22597909090443194
1,0.904634572589629,-0.16790304752377866,-0.22726289792873308
1,0.9017072783178626,-0.16764783654719415,-0.22727876905255262
1,0.9030947275356838,-0.16794835501156602,-0.22653966450619067
1,0.9015328887009267,-0.16735043842098385,-0.22733117897265848
1,0.9034285752995985,-0.1674532180991844,-0.22767676394170155
1,0.9009461741413697,-0.166605265345435,-0.2261137731339395
1,0.9026637525146802,-0.16693824975098084,-0.2259044435291488
1,0.900590914913337,-0.16698059075987068,-0.22845768841873124
1,0.9026941022418141,-0.16693905092874345,-0.22833116064979553
1,0.9001064298837623,-0.16601176523047623,-0.226448547086288
1,0.9016729551445534,-0.16631545072499312,-0.22595191869967782
1,0.9004728818709954,-0.16620022425626715,-0.22732761825236086
1,0.9027343227959865,-0.1664311817676588,-0.22735772940106025
1,0.9000349321842399,-0.16552737366327824,-0.22539938470558235
1,0.901691867840443,-0.16583638805320838,-0.22507730470327056
1,0.900257798812749,-0.16619991643081572,-0.22803609927604465
1,0.8997358364191342,-0.16512130410609338,-0.22581565908481813
1,0.9029324455956734,-0.16586369361771486,-0.22697717622716268
1,0.9008841756827399,-0.1653412183481184,-0.225503264016845
1,0.9021011696520465,-0.16558048167962028,-0.22443327527998924
1,0.9019570842743111,-0.16600263486572717,-0.225995403232711
1,0.8998010378004063,-0.16506576964125022,-0.22485337045981174
1,0.9030940360150327,-0.1658604611581569,-0.22580471422511886
1,0.9026197355634931,-0.1655795926031088,-0.22514845885903012
1,0.9039187829903845,-0.16584091159549672,-0.22391084111331402
1,0.9042738825125066,-0.16581916305420166,-0.2237362359294731
1,0.8983066802334955,-0.164180756543227,-0.22237964707549646
1,0.9016475451595002,-0.16496948505967896,-0.22358806779073134
1,0.9025513990054821,-0.16502920695772774,-0.2236943400256905
1,0.9039829478663168,-0.16531136731617985,-0.2226431406384599
1,0.9046912621237853,-0.16528696421448236,-0.22179376043456325
1,0.8972537751096413,-0.1634507621222113,-0.2205761815927039
1,0.8986553845778166,-0.16394365780909007,-0.22108976586197565
1,0.900186127944284,-0.1642513244283148,-0.21979432378550007
1,0.9017161891816166,-0.16445138877072407,-0.2188610067016056
1,0.8941508762237628,-0.16236261533389273,-0.21622394908696854
1,0.8985559223028016,-0.16346836493133987,-0.21673521272180238
1,0.9002744120913616,-0.1635789014902325,-0.21719040038451629
1,0.9017565531475704,-0.16386809019876902,-0.21642668731595066
1,0.9019197218621959,-0.16372165765593086,-0.21580313174333896
1,0.8969384191228869,-0.16275723073591036,-0.21524460401396697
1,0.9011241949094494,-0.16379682507613802,-0.21574613340285365
1,0.9008023388336441,-0.16388555414315573,-0.21579801448757596
1,0.902300640179201,-0.16418378493202468,-0.21490169440072732
1,0.9026248325382957,-0.16424741861023737,-0.21472665397780363
1,0.8989185113043481,-0.16344241696145317,-0.214150507622817
1,0.8989235862207723,-0.1634168981808581,-0.21414289516571725
1,0.9003926976060757,-0.16372115697138667,-0.21286010552080958
1,0.9009229256079618,-0.16390847752255408,-0.21269402527332093
1,0.8982580835492275,-0.16328901694609324,-0.2121410647997367
1,0.901255547478561,-0.16399007524316475,-0.21308264004620178
1,0.900713353264382,-0.1638678568230286,-0.21285888853589321
1,0.9024901426879958,-0.16421449496162202,-0.21244061451764537
1,0.9023883390961347,-0.16417472770870017,-0.21249276857972618
1,0.9002069197953171,-0.1637999739611453,-0.21186850416005484
1,0.8998727022793332,-0.16362767258206903,-0.2118235112536508
1,0.9011793303353803,-0.16391360589034168,-0.210198568112113
1,0.900103479692949,-0.1635584759324078,-0.2111491321904532
1,0.8966353088675226,-0.1629671172176977,-0.20914489563385041
1,0.899567737469442,-0.1636533037255348,-0.21035680309942578
1,0.8992111317284307,-0.16328789478749944,-0.2105627777713619
1,0.9008231674779298,-0.16361746606604097,-0.20966843662550494
1,0.9003088242342304,-0.16354100072998679,-0.21042791581454862
1,0.8982125408427479,-0.1638455150883833,-0.20952725983943718
1,0.9011568186256086,-0.1645287290953025,-0.2110675189761903
1,0.9009441670698025,-0.163662402545065,-0.21048607135422037
1,0.9026929985245431,-0.16400773971487298,-0.21019234159704134
1,0.9015725294931203,-0.16340344699448978,-0.21028191426499204
1,0.8998019540809805,-0.16385541710420953,-0.21001952088913142
1,0.902755039657874,-0.16453837101663255,-0.21157693944191577
1,0.9025860229719902,-0.16359064659193123,-0.2108929417897109
1,0.9041889044186022,-0.16391266328039353,-0.21025718233546134
1,0.9026968485638853,-0.16311723730907254,-0.21026203793638273
1,0.8994931969959706,-0.16332309517559573,-0.21156384774040468
1,0.9025011220170687,-0.1640371100222449,-0.2125299267948254
1,0.9015848778534822,-0.16318698017519725,-0.21158707786602765
1,0.9030303179059906,-0.16347885137581727,-0.2108255243820367
1,0.9033004566696682,-0.16379821678292628,-0.21160904161257524
1,0.9013489179186444,-0.16346766278158847,-0.21297461923129948
1,0.9048137809951355,-0.1642850031856878,-0.2139249205416004
1,0.906128455080145,-0.16455182117941097,-0.2127684222617395
1,0.9048587082113506,-0.16424140389366731,-0.21377076552435223
1,0.9028716956191729,-0.1641810939876769,-0.2159694979072543
1,0.9024454074546873,-0.1641109464783511,-0.21643172267317498
1,0.9014630515888697,-0.16410040245852095,-0.21810475523102896
1,0.9044269918858727,-0.1647649885291485,-0.22001917349998876
1,0.9029114582969803,-0.16402821987307145,-0.21918222556441105
1,0.904761173850386,-0.16440991069599137,-0.21881348711879367
1,0.9033623980643539,-0.1640742840108074,-0.21927619814657762
1,0.9038210434895739,-0.1640894922995824,-0.22107712968897164
1,0.906963899289672,-0.1648111200464714,-0.22237293202102343
1,0.9049284732740761,-0.16416828866230837,-0.22113787454653205
1,0.9062922465880211,-0.1644652409083992,-0.22040218225739416
1,0.9042891407235715,-0.16408271747496023,-0.22221785776761208
1,0.9055370037295393,-0.16395726315998896,-0.22209783721738305
1,0.903279088332468,-0.1633770976094982,-0.2210593673187278
1,0.9049742804537254,-0.16370927726932177,-0.22086959163433428
1,0.903687382275416,-0.16373477495193484,-0.22312532107410862
1,0.9052259187572728,-0.16374308047383768,-0.22290345171772233
1,0.9029005352893593,-0.1629657382341594,-0.22126254074746485
1,0.9045033171585586,-0.1632756328478332,-0.22074533007103778
1,0.903545404059601,-0.16328410241734445,-0.22241110336262598
1,0.9059522617797027,-0.16342894281285025,-0.22258595555915134
1,0.902827419237143,-0.16252786994459753,-0.2206815150273053
1,0.9045116381646641,-0.16284778386808413,-0.22037223016258273
1,0.9013864463093304,-0.1636029958993755,-0.22564595076228494
1,0.9015094183023205,-0.16270597865429057,-0.22391674880790602
1,0.9050715681289804,-0.16353989254963552,-0.22479681516893388
1,0.9029166189722615,-0.16270504165235322,-0.2227494544211841
1,0.904172214931567,-0.16296167120714905,-0.2217202089441033
1,0.9040164142457364,-0.16378606505277304,-0.22470903774073403
1,0.9016367584175385,-0.1627937869858385,-0.22348581589482386
1,0.9048784537332148,-0.1635603278479213,-0.2243914788547041
1,0.9040786900619951,-0.16312794730366287,-0.22345501898272715
1,0.9053589980192196,-0.1633977780574731,-0.22229037891931627
1,0.9049676117388216,-0.16352820631264062,-0.22324750098907087
1,0.9021997483843439,-0.16276748324652296,-0.2227322205164194
1,0.9052675676169589,-0.16348447607818462,-0.22394544753491924
1,0.9057447837445209,-0.1639766895610283,-0.22417448538607015
1,0.9022048848070935,-0.16291583407321203,-0.22243781965026177
1,0.905601695106701,-0.1637190755458192,-0.22376854641898838
1,0.9046715466012812,-0.16358935307631198,-0.22351954090751855
1,0.9062434820293787,-0.16392360403698267,-0.2221832182661133
1,0.9060908694104021,-0.16399673051596386,-0.22264855937016723
1,0.9031085371918772,-0.16340760202452767,-0.22239371762897817
1,0.9066328090957563,-0.16426234703457998,-0.22346361184729935
1,0.906265936488027,-0.16414065394055402,-0.22312335519177176
1,0.9078919408013233,-0.1644924344404643,-0.2216309937564475
1,0.9081722999096263,-0.16447198007710873,-0.2216146836148538
1,0.9027253814787534,-0.16334867456336613,-0.2211541137713729
1,0.9061676062231445,-0.1641756458844556,-0.22249967522990538
1,0.9074316373505672,-0.16448508427974806,-0.22302891598162675
1,0.9091518403444969,-0.16485377417298566,-0.221806339710043
1,0.9098763523981201,-0.16498595758622722,-0.22134057059827672
1,0.9043767775733442,-0.16388030254707045,-0.22094713959455878
1,0.9052781360937443,-0.16421920134122744,-0.221493226047769
1,0.9070948949100504,-0.1646190585392636,-0.22000001487547446
1,0.9082335862566616,-0.16487469000489266,-0.21941035386032628
1,0.9028616468179833,-0.1636077126105425,-0.2181600299435249
1,0.9073680675714991,-0.16474204907701073,-0.21866349432591653
1,0.9089755309684986,-0.16488327345833662,-0.21909290601239617
1,0.9106941268718547,-0.16525955079916152,-0.21823007654824286
1,0.9108438896291561,-0.16514788979241285,-0.21771981094961
1,0.9061784031797284,-0.1642431286407691,-0.21731128839721092
1,0.9104406783560998,-0.1653060995326575,-0.21780454512932976
1,0.9101760401257207,-0.16535991952753726,-0.21779543136431057
1,0.9118268103107786,-0.16572241795242745,-0.21682364666318016
1,0.9124842286814212,-0.16591281245722897,-0.21673911717023597
1,0.9069868100535989,-0.16466067051368904,-0.2159208119203605
1,0.9069176862399736,-0.16461292883518325,-0.21589990766387823
1,0.9085311972878779,-0.16498074342839145,-0.2145540874819546
1,0.9090700772345146,-0.16520898787745866,-0.2144445171390068
1,0.9065765196392984,-0.16467431137729893,-0.21421568077729433
1,0.9096288473378865,-0.16540632338926894,-0.2152147701723749
1,0.9090314369694823,-0.16526824759467126,-0.2149819394563217
1,0.9109832212693206,-0.16568678000802045,-0.21453392498399843
1,0.9108392633041,-0.16562772575407872,-0.21458192402232248
1,0.9086128108284418,-0.16513388494594738,-0.21412736990836123
1,0.9083204051741047,-0.16502530852600478,-0.21458432629441912
1,0.9097524039647694,-0.16535548160318683,-0.2128229230959426
1,0.9087430439248014,-0.1649753557510324,-0.2135096758822262
1,0.9056292557658792,-0.1644538304577332,-0.21211916911540815
1,0.9085061748119032,-0.16513933433849246,-0.2133131561592559
1,0.9082219716235378,-0.16488647115015376,-0.2141618446847129
1,0.9099445241942825,-0.1652643334299695,-0.2132134671343203
1,0.9093457776930499,-0.1651521607471808,-0.21422574758991483
1,0.9067472025200314,-0.16488680186616922,-0.21199566750071322
1,0.9095576668994378,-0.1655449756276488,-0.21345083105854312
1,0.909762266801099,-0.16520668800103702,-0.21462370923772467
1,0.9115863210027447,-0.16560311250552187,-0.2143305287368466
1,0.9104400188725291,-0.16520381514209434,-0.21527456508970638
1,0.907416987705718,-0.1653050793684156,-0.2154898014616672
1,0.9102797613511374,-0.16597374726177333,-0.21694913478856756
1,0.9098686055443058,-0.16514695322320974,-0.21764612553231902
1,0.9115084437033523,-0.16551157932773472,-0.21700158871496963
1,0.9098162697580203,-0.16475607233821477,-0.21789035159080955
1,0.906660361733586,-0.16498475076165312,-0.21923808869671607
1,0.9095368898077657,-0.16567310092039955,-0.22005244357945702
1,0.9083170708773437,-0.16511452294156453,-0.21974949944924374
1,0.9098103862807494,-0.1654510987607823,-0.21898464282459215
1,0.9099833324130936,-0.16572468733696535,-0.21956716340277255
1,0.9074009186504126,-0.16537564711743824,-0.2210450996896914
1,0.9106834974513425,-0.16617027673368945,-0.22186660950329407
1,0.9120672136073378,-0.16648081013449179,-0.2206917467763401
1,0.9110875743006468,-0.1658734968677766,-0.2205618727090267
1,0.9089653800240305,-0.1656877612556186,-0.2225487669240035
1,0.9084650425243275,-0.16549250037879285,-0.2227653197759985
1,0.9077377889271874,-0.16520125763494053,-0.22318339709884907
1,0.9106352165446676,-0.16586006997647507,-0.22502029467585627
1,0.9077228718789521,-0.16545933760515852,-0.22524644384811812
1,0.9096663094966583,-0.16586225595755538,-0.2247713084248027
1,0.9086042940089812,-0.1653364877849543,-0.2247981741040206
1,0.9082003255379647,-0.16501024826935357,-0.22574915508340093
1,0.9112593812219932,-0.16573012404841775,-0.22697756585690881
1,0.9095755407196707,-0.16508641768394527,-0.22571305428589317
1,0.9110399671887839,-0.16538213288041428,-0.22482151238702028
1,0.9093944602637162,-0.1649748955507573,-0.22611472155362103
1,0.9111810079955583,-0.16512337663874926,-0.22731081204923315
1,0.9067256327474292,-0.1645534023476991,-0.2263218350618976
1,0.9084994874811116,-0.1649027033170451,-0.22604350046837776
1,0.9067264216624348,-0.1646922199019072,-0.22805592591892018
1,0.9081350771127462,-0.16457436643273474,-0.2277283491692479
1,0.9056710894974341,-0.16381111443599033,-0.22613924004830505
1,0.9073217514056109,-0.16412618200072887,-0.22554066564076802
1,0.9059581305982846,-0.16404798579393118,-0.22728412014570737
1,0.907684824527031,-0.16424241013101207,-0.22727860699234353
1,0.9044308357187882,-0.1634777552364191,-0.22566549486875043
1,0.9061520113619751,-0.16379968238409406,-0.2252810548268122
1,0.905173696622094,-0.16426953695917476,-0.22844839279826623
1,0.9059683036616067,-0.16391782715675474,-0.22778548241701618
1,0.9094834902119427,-0.16477423905386024,-0.22863632412396542
1,0.9064408276168453,-0.16403934615006663,-0.22698088465532357
1,0.9077414373626378,-0.16429414481336463,-0.2258485350227031
1,0.907317870778254,-0.1651322658786963,-0.22920233755449293
1,0.905949112798086,-0.16445474216127748,-0.2280674970825249
1,0.909160558069625,-0.1652461890130519,-0.22894803851065407
1,0.9084929914438329,-0.16485041212040935,-0.2281313225157757
1,0.9098226262673704,-0.16512002909913745,-0.2268669686589318
1,0.9098181024802873,-0.16548242430528953,-0.22817702848895302
1,0.9075299580272895,-0.16485476229423282,-0.22767933137699625
1,0.910584847713315,-0.1655952565671331,-0.2288512563316992
1,0.9109705232920629,-0.16595054239384513,-0.22889244884076662
1,0.9079012446039759,-0.16499637504276785,-0.22732515885360025
1,0.9117552394475061,-0.16595039982038118,-0.22821136232900632
1,0.9110123492123433,-0.16584188753603854,-0.2279764857836321
1,0.9127310708696995,-0.1662012287848213,-0.2266071663114582
1,0.9124498189472777,-0.1662017549113875,-0.22713846258373183
1,0.909065038042036,-0.16546030783718677,-0.22687684080019302
1,0.9125857959941206,-0.1663316847874976,-0.22788822096315153
1,0.9121693921502255,-0.16620933156971116,-0.22754645066153406
1,0.9139556605302259,-0.16658457273671984,-0.22575704234852376
1,0.9143235217127902,-0.16669175402705977,-0.22583265323611335
1,0.9094203033909001,-0.16577976779456943,-0.22568800075779175
1,0.9128809094242079,-0.1666273429514758,-0.22697967514029335
1,0.9141962709064393,-0.1671209529496499,-0.22762481574849025
1,0.9159500871726637,-0.16749810158065206,-0.22635644134725427
1,0.9164472767418358,-0.1675144675778601,-0.2258285869583276
1,0.9087931714353945,-0.16577297463222498,-0.2251955366293953
1,0.9121139050952414,-0.1665940311701145,-0.22620066423626434
1,0.913654240468154,-0.16698421631831173,-0.22701884022284893
1,0.9155220424868541,-0.16739382044721374,-0.22547354917015736
1,0.9171387277917256,-0.16773385994433687,-0.22485270198995908
1,0.9096433342989034,-0.16586226833496848,-0.22307786340709398
1,0.9138895945709599,-0.16694650050818338,-0.22346021912916172
1,0.9159644748402715,-0.16737357288296284,-0.22432853967727004
1,0.917687003247202,-0.16776065186175043,-0.22279900437222863
1,0.918751971681533,-0.16806557244645173,-0.22259568209002015
1,0.9125636648411611,-0.16662680341876474,-0.22177120771386505
1,0.916565824058769,-0.1676349305987867,-0.22213806082093515
1,0.9166153414080047,-0.16766270846085918,-0.22216494645785492
1,0.9182526659226472,-0.16803792112542926,-0.22062570580005053
1,0.9183206234381953,-0.16803714295368471,-0.22053555244435424
1,0.9152824357329836,-0.16740343898856078,-0.22033746122023676
1,0.9179578563864462,-0.16804872958978342,-0.2211721187353181
1,0.9175012229379452,-0.16793878010728275,-0.22099486730728074
1,0.9194100087677031,-0.1683610285408066,-0.21996357260419605
1,0.9192742509117849,-0.168323125672589,-0.2200318079398098
1,0.9155759417317549,-0.16747550153837215,-0.21985715115322252
1,0.9147635333066912,-0.1673074436385644,-0.21945048918767332
1,0.9166264617860345,-0.16772326254346895,-0.21848164144800464
1,0.9160821259000088,-0.16764597258094444,-0.2191982142661416
1,0.9124247931985467,-0.1668050883601758,-0.21784514373490974
1,0.9122979719434535,-0.16682131651960538,-0.21909295039443955
1,0.9140014410937012,-0.167207508666727,-0.21817538722620425
1,0.9134232660759172,-0.16715765952556316,-0.21956033123371518
1,0.9100059446202938,-0.16642614617974885,-0.21699431434303212
1,0.9129766057769497,-0.1671455848473938,-0.21795260567494879
1,0.913749635143646,-0.16687384608572964,-0.2190114946869455
1,0.9154132532016128,-0.16725182959092733,-0.21834287668239508
1,0.9138567696137798,-0.16643593130144824,-0.2185530971388133
1,0.9119793022582614,-0.166734986996361,-0.21790047502591714
1,0.914538934419614,-0.1673373827756664,-0.21918977671582054
1,0.913933478175157,-0.16679994508425602,-0.22041175632740947
1,0.9155834669031631,-0.16717132662775683,-0.2196214368978561
1,0.9152156382282804,-0.16752509478859837,-0.22210290398007518
1,0.9124522366582405,-0.1674385632954343,-0.2208388069958667
1,0.9150936695759022,-0.16806046087516005,-0.22215263482109135
1,0.9144914679830385,-0.16730129418015682,-0.22286409601523766
1,0.9160997864449972,-0.16767160699670103,-0.22207503118771363
1,0.9156461911673673,-0.16765102957694428,-0.22316378394688177
1,0.9127982454922694,-0.16753819833444258,-0.22337109434539257
1,0.9155035305047874,-0.16819480343984433,-0.22410699837001008
1,0.9169322786074404,-0.1685318902749291,-0.22342603548462647
1,0.9167916760118897,-0.16842947916923703,-0.22373957512445022
1,0.9152962481593823,-0.16826548362642865,-0.22460817348704676
1,0.918353657835456,-0.16901874005430265,-0.22536753218110503
1,0.9196968909533393,-0.16933294133950216,-0.2242806449944172
1,0.9196731469094906,-0.16931243334323398,-0.2244626395743373
1,0.9190660408683079,-0.16925606693311876,-0.22500564813628177
1,0.9205178077667642,-0.1695914936771314,-0.2244880326853603
1,0.917868755798081,-0.168504935413322,-0.22487208513825344
1,0.9167033465477613,-0.16799199162943335,-0.2254725610198185
1,0.919328101875878,-0.1685867239590924,-0.22719796921740518
1,0.9167140252821321,-0.16745742258981255,-0.2251708921937735
1,0.9179337804737658,-0.167726686414567,-0.2242164572530051
1,0.9091173385627136,-0.1656394295269289,-0.22731302232357845
1,0.9179184201610793,-0.16570966434595735,-0.2243443036415337
1,0.9206015435655102,-0.1663231072904875,-0.22531298498800853
1,0.9157908889409367,-0.16536002959402124,-0.22292930045230008
1,0.9154152376083692,-0.1645677835269322,-0.22047149870506474
1,0.9186795186608521,-0.16530106905066597,-0.2215702794059911
1,0.91808924078457,-0.16544027018793722,-0.22192862759468635
1,0.916564375355981,-0.1648825005662494,-0.22081667301106975
1,0.9191816873006091,-0.16543037192154228,-0.22278040178712577
1,0.9182686107023018,-0.16533187997998275,-0.22258988766468482
1,0.9196702945376612,-0.16561660082204138,-0.22075287616903397
1,0.9196264585713178,-0.16616881493388883,-0.22265305676326522
1,0.917136530559182,-0.1656444937815251,-0.22231231202992904
1,0.9203949572892949,-0.16639412223866387,-0.22337344196151043
1,0.9203318677432111,-0.1663789485489872,-0.22307198295048458
1,0.9220255063147758,-0.16673259059860915,-0.22151610893486987
1,0.9224874125394892,-0.16686788700113414,-0.2214800872426292
1,0.915377197345443,-0.1651508301492486,-0.22051829189642683
1,0.9115722446216249,-0.1653172099926645,-0.18422493088966363
1,0.9131199052527048,-0.16566672710371985,-0.18478569587837426
1,0.9146334391647994,-0.16596387245352862,-0.18416959657090187
1,0.9153016471539037,-0.16598826996993735,-0.18326607426166036
1,0.9096033826843177,-0.16518100110104433,-0.1843077293053467
1,0.9127082450782243,-0.1659040614207354,-0.18588290128133592
1,0.9137784202127293,-0.16589588754581208,-0.1859929979859021
1,0.9153109137898163,-0.1662033819124787,-0.18528545649986783
1,0.9163178201202481,-0.16634850272402832,-0.1846820235957248
1,0.9088528812353273,-0.16474329654647066,-0.18461116852336734
1,0.9128707585141423,-0.1657133714451982,-0.1855053308461516
1,0.9142466799257926,-0.16576782328667417,-0.18589248914153378
1,0.9157349990366935,-0.16607101677527236,-0.18491994476096818
1,0.9162641703954298,-0.16621894334077325,-0.1846874009991653
1,0.9122048378424952,-0.16552418246217152,-0.1858127568278911
1,0.9160495507111479,-0.16643068718849105,-0.1866818219417679
1,0.915546771004315,-0.16620857508476528,-0.18663205804046848
1,0.9169423585243978,-0.16649484746990187,-0.18557641642216754
1,0.9168990484678178,-0.16647444156311825,-0.1856193626009589
1,0.9129805887616468,-0.16566414556355025,-0.18643626281255385
1,0.9154711826550082,-0.16621460360898357,-0.18768305651304865
1,0.9153251852693107,-0.16612605446080536,-0.18794761736893578
1,0.9170109284122496,-0.1664570182826434,-0.18732562796236574
1,0.9168704120784696,-0.1664297064743386,-0.1874264452338068
1,0.9140446230394031,-0.1658979147921511,-0.18814694888982741
1,0.913540003107705,-0.16574533359323487,-0.18814526171889193
1,0.9148879535317238,-0.1660257004116128,-0.18677299493213667
1,0.9145086168500004,-0.16588114503120968,-0.18711540338198396
1,0.9122497345338365,-0.16562293060859867,-0.18676573307771668
1,0.9123677482684396,-0.16547683862704013,-0.1879054918469424
1,0.9139126414031086,-0.1657831939757694,-0.18711290453845447
1,0.9126481369767914,-0.16548798229127906,-0.18869391116141163
1,0.9091910477949038,-0.16485728368333474,-0.18674905281368737
1,0.9117195505322051,-0.16539930198753486,-0.1884722355293943
1,0.9122455269215172,-0.16517935501824757,-0.18942429496544771
1,0.9138751239711572,-0.165500127969319,-0.18870334417817863
1,0.9126138641069014,-0.16504134130376558,-0.18951181535794537
1,0.9097385415588761,-0.164835637989718,-0.18838555515048785
1,0.9081760424808901,-0.16381994515019005,-0.18889814075069852
1,0.9097057778235246,-0.1641135073414641,-0.18839240352002082
1,0.9090828994852118,-0.16404080550899217,-0.18988968960347766
1,0.9062267787065429,-0.16388385601679076,-0.18887094433249108
1,0.9088940574860486,-0.16444808502005134,-0.19052789204200912
1,0.9082759563092948,-0.1638374211882359,-0.19155435958795602
1,0.9097648622324489,-0.16412556051654673,-0.19102977700064974
1,0.9094489720011192,-0.1642764600308,-0.1923927039458738
1,0.9072626495057688,-0.16437221606453084,-0.193665687917701
1,0.9100261346355083,-0.16497258323764868,-0.19475065818567794
1,0.9113362304079883,-0.1652242806514104,-0.19429259620520833
1,0.9111573644648588,-0.16516630357297069,-0.19491736871862156
1,0.9089523197567723,-0.1650233617125859,-0.19650059246239227
1,0.9120011774383222,-0.16570187994465457,-0.19756357795342833
1,0.9132442079564049,-0.16595529744666762,-0.1967384503893394
1,0.9131863301187185,-0.16591074005004502,-0.19693476291858317
1,0.9126318894736869,-0.16578175855681787,-0.1974544184928803
1,0.9139861798470124,-0.16603609893216809,-0.1971223599514968
1,0.9116029923569112,-0.16512954621034123,-0.1976112988430943
1,0.9098458230916213,-0.16483406486917723,-0.1996935906427659
1,0.9125542743251932,-0.16539563265066207,-0.20174697480138634
1,0.9099545017204259,-0.16451364226232082,-0.20019869799509812
1,0.9113688685832085,-0.16477124474976584,-0.1999391007372666
1,0.9107332302480063,-0.16454977068452395,-0.19997786590816616
1,0.9109061789201067,-0.16426467696240754,-0.20051213912839588
1,0.9138589200130505,-0.16489046941009705,-0.20197887370556408
1,0.9094655575122917,-0.16435397809269833,-0.20140047082485876
1,0.9105467098203779,-0.16455115339553059,-0.20061610327617307
1,0.908603966311581,-0.16430848630445402,-0.20175707912329333
1,0.9103572688334656,-0.16446463777740103,-0.20218964433572914
1,0.9081532232043593,-0.16389782586069954,-0.20088014340452287
1,0.9096318271015251,-0.16415192857579816,-0.20088974773884177
1,0.9084143176824246,-0.16407982277299651,-0.20266461897946716
1,0.9104743759856048,-0.16417754825962802,-0.2031182089328419
1,0.9060676182644894,-0.1633753466710389,-0.20129182962212724
1,0.9075959034113846,-0.1636346387393522,-0.20135843150414615
1,0.904925054378667,-0.16383755891317878,-0.20468159369243955
1,0.9065082891441738,-0.16359004278807632,-0.2043965705283167
1,0.9098622066406985,-0.16432914790458894,-0.20547415347314713
1,0.9070193166816735,-0.16343894713820037,-0.20317598090154262
1,0.9083691150689484,-0.16367724699395553,-0.20266177425085724
1,0.9079003978854955,-0.16428645915014653,-0.2056088743920622
1,0.9076824732960873,-0.16392721943300873,-0.20482062252273736
1,0.9108170873829364,-0.16461572493632015,-0.2059300159165525
1,0.9090420745201716,-0.164166117999463,-0.20477566441177342
1,0.9104014726457822,-0.16441561672250987,-0.20412239454504894
1,0.9106231931920429,-0.16503261391901886,-0.20595800829152208
1,0.9079716737292114,-0.1641977386665819,-0.20509800838590442
1,0.9110165439295907,-0.16486118522481685,-0.20654819305912672
1,0.9102573106486445,-0.16460125517196078,-0.20594110484950706
1,0.9113896318932484,-0.16482043177314407,-0.20493523180908985
1,0.9119941480442914,-0.16517116934316392,-0.2050665694537013
1,0.91542208885214,-0.16591345101270766,-0.206639573775746
1,0.9146095094925564,-0.1659407881296686,-0.20673606660517838
1,0.9159342677655915,-0.16620434456885771,-0.2056147037991922
1,0.9162931782443322,-0.16657982328717544,-0.20653854600885718
1,0.9132212174077425,-0.1659584013718137,-0.20616132870614223
1,0.9167016400009729,-0.16673385643911837,-0.20745237780855974
1,0.9159292507462851,-0.16656870787104022,-0.2069565025629798
1,0.9173374784492869,-0.16685597965811103,-0.20567646708100723
1,0.917544382280977,-0.16689768161340462,-0.20577456696327426
1,0.911055265348355,-0.16544756611347378,-0.20477586144022777
1,0.9144900485714585,-0.16620487374979448,-0.20634498268895893
1,0.9155347908071038,-0.16638620642472418,-0.2067117503987005
1,0.9170459960446583,-0.16668877835715246,-0.20570609516159563
1,0.9178886154593004,-0.16683729241167172,-0.2052981114822158
1,0.9103742996393532,-0.165221173907756,-0.20459181471498394
1,0.9119829778651076,-0.16575047260759967,-0.205250518356312
1,0.9136148604670126,-0.16608201765005698,-0.20396646246237637
1,0.9154215051133875,-0.16651029796052036,-0.20358332673475496
1,0.9086747008209668,-0.1648925495363649,-0.20203088452461393
1,0.9130609926137166,-0.16590144636123236,-0.2027305993477977
1,0.9157804282977676,-0.16638770808095857,-0.2037805371667332
1,0.9172522527764415,-0.16668182117246075,-0.203132139405584
1,0.9178196677559899,-0.16671461750642436,-0.20293849914827472
1,0.912065319487726,-0.16557771084709702,-0.20255745387403576
1,0.9161233188032354,-0.16650130234585567,-0.20320025990477472
1,0.9159052628647645,-0.1665526996053738,-0.20317327878731245
1,0.9173542951221471,-0.16684386417846322,-0.20239105136033647
1,0.9177001111300029,-0.16689383141272476,-0.20212704883691437
1,0.9134951988889568,-0.16617092976430747,-0.20213566310523895
1,0.9133975697341107,-0.16611734398614636,-0.20213560216517043
1,0.9148484160441692,-0.16641173809580026,-0.20092273309225026
1,0.9155134906295769,-0.1666154445789578,-0.20071953329844208
1,0.9119587699190941,-0.1658291054405318,-0.20038179105872278
1,0.9148889277629623,-0.16646874238737264,-0.2015056923104619
1,0.9142857460796542,-0.1663393861117073,-0.20128160715344193
1,0.9160317651932626,-0.16668219045090937,-0.20100421571092864
1,0.9158467815103944,-0.16662396994053538,-0.2011004841773173
1,0.9139598694132023,-0.16631408010391868,-0.20099282721164302
1,0.9137810165642489,-0.16620270778435503,-0.2011969249479262
1,0.915075104509265,-0.1664720563794002,-0.19959554548265093
1,0.9139666829872972,-0.16617086968285397,-0.20046889164474602
1,0.9103697224732382,-0.1654920288944384,-0.1988697333032884
1,0.9107841512830939,-0.16570385698190174,-0.20064779128397722
1,0.9124952139367624,-0.16603912673490137,-0.20034433711208122
1,0.9119278684679408,-0.16577577458924161,-0.20069698163320496
1,0.9092282284975277,-0.16546647692727573,-0.1985790040061631
1,0.9120984233919627,-0.16608279518460836,-0.20019138334339887
1,0.9136570040622103,-0.16601387033279846,-0.20207000998639948
1,0.9152114003539564,-0.166328603802834,-0.20120503841988754
1,0.9135473831470263,-0.16552242182535573,-0.20149307614438206
1,0.9121273430399676,-0.16577175485167836,-0.2003509241076126
1,0.9120669421743829,-0.16505251191627723,-0.20030548415903815
1,0.9135231363810018,-0.16533900221936831,-0.19968581026578722
1,0.9115085167670743,-0.16441496256768626,-0.2001366557779274
1,0.910121699087288,-0.1647228101833171,-0.1998303546895837
1,0.9131129129773043,-0.16535922530761343,-0.20145377216234195
1,0.9120439898205089,-0.1648262117672466,-0.20238777720692314
1,0.913842473470402,-0.16516727782085405,-0.20231975717518205
1,0.914105814433446,-0.16559673548021134,-0.203381014118451
1,0.9117741637692413,-0.16542861238202702,-0.2037854957350875
1,0.9147622166250562,-0.16607457386133223,-0.204774063450501
1,0.9160265355753435,-0.16632253790214763,-0.20416395022941855
1,0.9146762528756093,-0.16571705316681146,-0.2046004048425362
1,0.913324980597739,-0.16552558944165421,-0.20566673646974443
1,0.9166807102248377,-0.16626220577273168,-0.20666034027702232
1,0.9178560455777343,-0.1664863676329422,-0.20563909500599467
1,0.9168298638631087,-0.16625181167535652,-0.2063573235720762
1,0.9158534303407525,-0.166132276966025,-0.20754314556014453
1,0.9171755377062882,-0.166385172864233,-0.20707940806950736
1,0.9157716750406476,-0.16587917247355966,-0.20725331307558348
1,0.9151361752677148,-0.16570367267246366,-0.20838568831883392
1,0.9182388991345573,-0.1663688167249074,-0.20981751813777622
1,0.9145203720278171,-0.16572266357161292,-0.2092023084413938
1,0.9157852135776517,-0.16596040391836303,-0.20834380297529792
1,0.913795560523938,-0.1655791541262204,-0.2090029659040244
1,0.9151515004632831,-0.16578373933500842,-0.21063805641841837
1,0.9108505399380592,-0.1651137619045167,-0.2096154217714906
1,0.9119523278554206,-0.16532871189875842,-0.20875075007012556
1,0.9098778854833768,-0.16511403051468182,-0.21020296253235493
1,0.912662956918099,-0.16550306683300808,-0.2112404773317358
1,0.9082430192813926,-0.16470945618748178,-0.20957184877649435
1,0.9097912977344174,-0.16500732392664288,-0.20953834372230828
1,0.9076181030546234,-0.16498480375294416,-0.21183383043704623
1,0.9094159529228338,-0.16503378562082574,-0.21223941448551364
1,0.906329874575772,-0.16414319838959415,-0.2102311184338181
1,0.9079369132856007,-0.16445505250758333,-0.2102760962859552
1,0.9062701769656482,-0.16461511575581017,-0.21331419027135662
1,0.9073628527525535,-0.1644902608665138,-0.21274040980780595
1,0.9045132395053039,-0.16369676266181052,-0.21082148090795727
1,0.9057521063292878,-0.16394745850340467,-0.20990203446102684
1,0.9040382943414189,-0.16424011044066478,-0.2127460531370774
1,0.9036833047554025,-0.1636872247101601,-0.21203593064052742
1,0.9074900042637322,-0.16455171076423283,-0.21318417903846199
1,0.9059138222732824,-0.16394194590150973,-0.2117254078740532
1,0.9072444718609307,-0.1642128985493566,-0.21078800615249257
1,0.9071531086447951,-0.16462861748260624,-0.212608356952749
1,0.9054615116029682,-0.16408538492741925,-0.21196024770071797
1,0.9089287970001922,-0.1648547364972298,-0.2134177710989996
1,0.9079676869832178,-0.16462979662118593,-0.21277160653177077
1,0.9091929376887162,-0.1648860525993102,-0.21172006341057148
1,0.9093627052272772,-0.16521065388065045,-0.2128182178525375
1,0.9093664773111678,-0.16543102635962872,-0.21326463683791366
1,0.9132813202405707,-0.16630261298932764,-0.21486751512189045
1,0.9130191613497087,-0.16635162260117337,-0.21492423923390538
1,0.9104885618313787,-0.16569438424581337,-0.2137719541532447
1,0.9137101254772999,-0.16636110892104206,-0.2162379363985721
1,0.9125780055537288,-0.16616550422624984,-0.21585147708687963
1,0.9143071506196897,-0.16653282991172344,-0.21503654134318248
1,0.9140936789175828,-0.16658104893860218,-0.21577423384786176
1,0.9110592061953942,-0.16600360059618363,-0.21543354656944746
1,0.9148184352984062,-0.16685211434166328,-0.21690834531554348
1,0.9148416053609459,-0.16684545104821322,-0.2167911029212454
1,0.9165202993118026,-0.16721329354004943,-0.215254949973061
1,0.9167254311689904,-0.16723512440953778,-0.2151934361721698
1,0.9110994878626891,-0.16622010655433322,-0.21514071373075683
1,0.9058383241282346,-0.16635483441494003,-0.1770067919995405
1,0.9076184435337378,-0.16671969147459567,-0.17760976490434838
1,0.9091273943319383,-0.16703589809606212,-0.1771179902464023
1,0.9101680456127671,-0.16726443792283588,-0.1767753193674458
1,0.9023996759310802,-0.16570408587480062,-0.1769604188955251
1,0.9059634747264598,-0.1665126989046774,-0.17895512599288776
1,0.9072890970316071,-0.16655056648051522,-0.17924322651837268
1,0.9088328956960077,-0.16686771525983318,-0.17901386020989554
1,0.909331435896908,-0.16684991298062915,-0.17858291863168113
1,0.9009099146262531,-0.1652659355921341,-0.1793573429372418
1,0.9054002435790548,-0.16632639351082054,-0.1806477173899693
1,0.907401424506912,-0.16657269242667405,-0.18145028627351947
1,0.9089393422275617,-0.16689592689238586,-0.18053661747894045
1,0.9101265982550529,-0.16729404467560666,-0.1804382025121318
1,0.9043035372049688,-0.16626783084709548,-0.18195245659969667
1,0.908499062277822,-0.1672380692766115,-0.18311125461057717
1,0.9085096909437692,-0.16707237772796796,-0.18303344129768737
1,0.9099610160315033,-0.16738194207819962,-0.18204696256330918
1,0.9105130324696378,-0.16757205292813251,-0.18184808234511463
1,0.9079250337029361,-0.16706595466727578,-0.18261121021955404
1,0.9108792640725794,-0.167711279127512,-0.18418480854863362
1,0.9107832661138293,-0.16763503708140798,-0.18465418270531714
1,0.912456624274116,-0.16797699751184864,-0.18414923396496516
1,0.9122853662668229,-0.1679356697102698,-0.18430385746134909
1,0.9098045822834755,-0.16745112762859543,-0.18486254775935695
1,0.9093668220170091,-0.16727803627431312,-0.1850800167630411
1,0.9106782768283704,-0.1675553853813265,-0.18380213385281804
1,0.9101950920345083,-0.16740411082545575,-0.1842747700340767
1,0.9081520935408118,-0.1672035928057541,-0.18334430676094432
1,0.9084058454268561,-0.16698591328987056,-0.18396335665479938
1,0.9101354754171586,-0.16732546202740597,-0.183938835727125
1,0.9093203840927505,-0.16705873620141426,-0.1845922235712431
1,0.9062306941414991,-0.16656144320991176,-0.18217099756937963
1,0.9091373365905246,-0.16717775680658886,-0.18413093731257835
1,0.9094966439600254,-0.1671347503057693,-0.18582179721749156
1,0.9110333838472799,-0.1674426495065079,-0.18521898731364794
1,0.9095984213385664,-0.16691110763582337,-0.18578712721301852
1,0.9068303366734146,-0.16668669786261422,-0.18391101598753845
1,0.9058907692390796,-0.16572782211490641,-0.18359790502914494
1,0.9073297927996627,-0.1660114518402702,-0.18324973247918366
1,0.9068162887538777,-0.1662141857659928,-0.18591842154568708
1,0.9048346767407004,-0.16628607155467032,-0.18501975486354827
1,0.9081308095109745,-0.16698871371474766,-0.186839856293237
1,0.897681753483122,-0.16247114441668997,-0.17677270189431746
1,0.8992899740102914,-0.16276536114929613,-0.17699617191914604
1,0.895706198467502,-0.16121388987440355,-0.17679572806518368
1,0.900735759601344,-0.16147394106978744,-0.17581702902251492
1,0.8951443800638774,-0.15996737153734353,-0.17238686183927698
1,0.8967322688152518,-0.16023441695020346,-0.17268188435497267
1,0.8933555379187265,-0.16011160347076417,-0.17581886588191814
1,0.8955884813756604,-0.1598743843040613,-0.1749930505919054
1,0.8992763658297571,-0.16063583684300264,-0.17634001977881775
1,0.8962922432791316,-0.15954147100878738,-0.17345789091979466
1,0.8976700090095936,-0.15977741718563263,-0.17318138498221677
1,0.8969519915086112,-0.16024330850612123,-0.1761111129028177
1,0.8964110346290093,-0.15968480037361404,-0.1751773094684908
1,0.8998282324205362,-0.16038097352861955,-0.17654493278009417
1,0.8984144246490131,-0.15995188715878467,-0.1754739151474883
1,0.8997986651477975,-0.16019371001938362,-0.17505561324011476
1,0.8992759941236544,-0.16045775460967407,-0.17673801764932445
1,0.8966345522853141,-0.15970748521472483,-0.1760386978688935
1,0.8999613931646924,-0.16037057787908168,-0.17775948061869862
1,0.8993908322164442,-0.1602119402255705,-0.17734334788967046
1,0.9005511294982788,-0.16042163782086824,-0.17656709433841128
1,0.9002383948596158,-0.16035324588425895,-0.17622711377446273
1,0.9039746748361325,-0.16108464282847665,-0.1781147524092839
1,0.9035287158217473,-0.16113300977314457,-0.17821529133629935
1,0.9048744607456329,-0.1613772856125952,-0.17736052155379586
1,0.9049027955624859,-0.16148373872194016,-0.1780122557982079
1,0.9017452249373057,-0.16090277137756187,-0.17790120626928402
1,0.9055230644520297,-0.16165921532344912,-0.17949120989599274
1,0.9052028924507397,-0.16159073946814229,-0.17925084059167468
1,0.9066284003913716,-0.16185232377326017,-0.17821743500485687
1,0.9067555264817402,-0.16189723582040977,-0.17834001758838483
1,0.9018761980303752,-0.161026589789158,-0.17825028385349592
1,0.9055727507872932,-0.16175667416665865,-0.18010236942429758
1,0.9074649315264983,-0.1622224873719883,-0.18066880847906072
1,0.9089576678264306,-0.16249481145204714,-0.17990898987536388
1,0.9098525092928287,-0.1626389811501652,-0.17956445398411258
1,0.9029962560466693,-0.1613551481894305,-0.17944544048681063
1,0.9039146747515111,-0.16158087715715566,-0.17982727215415387
1,0.9055304082162652,-0.16187976960375072,-0.1787770832664379
1,0.9073597754487309,-0.1622687673662659,-0.17837089013434215
1,0.9006142015088741,-0.16091108059454115,-0.17747204895826446
1,0.90527393118975,-0.16187231854072992,-0.1784037403499406
1,0.907324999931516,-0.16202261949729618,-0.17901075503450353
1,0.9087956635321719,-0.16228795764426762,-0.178578055528779
1,0.9089692341185847,-0.1622137517560445,-0.17818233140098957
1,0.9042763864789032,-0.1615344049945403,-0.1787818450330765
1,0.9086124191036593,-0.16242084371082774,-0.17967140499407702
1,0.9084685389042977,-0.16242057268124685,-0.17962643233580894
1,0.9099240331295143,-0.16268459427364224,-0.17904076169327554
1,0.9101973506672232,-0.1627265243551305,-0.17881376127449086
1,0.9060239924646586,-0.16203688245200124,-0.17916530411952153
1,0.9060798360014127,-0.16196113767354528,-0.17919219679028794
1,0.907508374841606,-0.16222322143240706,-0.1781923766971089
1,0.9079383616916563,-0.16235681407616415,-0.1780265317616967
1,0.9055133689038088,-0.1619377741877899,-0.17836178651710016
1,0.9087593626209016,-0.16257695358686577,-0.1797791517099827
1,0.9080193024899225,-0.16242392698264063,-0.17978436919440488
1,0.9097700412435142,-0.16272949314643187,-0.17967797124996807
1,0.9094824526470746,-0.16266331551885074,-0.17984597212947517
1,0.9070561460443083,-0.1622208230742304,-0.17987689494590048
1,0.9070855234739025,-0.16210240441294632,-0.18012867740098498
1,0.9083706930268945,-0.16234539958509753,-0.1786988262041758
1,0.9072674100802933,-0.16194913133848576,-0.17917602537790994
1,0.9037493522637285,-0.1613600840569039,-0.17780762408888034
1,0.9041632226547149,-0.16134302276384363,-0.1786237556256748
1,0.9058460683843811,-0.16163631321928484,-0.17849724696897593
1,0.9055940524157522,-0.16189151642151123,-0.18078325813663462
1,0.9022431960582741,-0.1613134514522994,-0.17780942590718657
1,0.905389571520021,-0.16192011392859296,-0.17965939297973624
1,0.907059298864308,-0.16195782237878686,-0.1821371502744679
1,0.9085745178265454,-0.16223937771590188,-0.1814521773060027
1,0.9067173330157801,-0.16145627522700268,-0.1817231949369827
1,0.9053544730632942,-0.1617233480143751,-0.18100662401750733
1,0.9054386839186229,-0.1611172911433444,-0.18129912455143074
1,0.9068523785560291,-0.16136975657309086,-0.18084190486534701
1,0.9046430887076412,-0.1604392695422512,-0.18120367012936608
1,0.9032662250711228,-0.16072925871493873,-0.1809936234358392
1,0.9064964897020922,-0.16136048622564203,-0.1822398359309291
1,0.9056102341023966,-0.16098533984095525,-0.18357289214216183
1,0.9073087954548278,-0.1612725796581306,-0.18367690327237118
1,0.9074330537914238,-0.1615656621116047,-0.18452207054993897
1,0.9055394661050827,-0.1615127026019459,-0.1851356754122508
1,0.9067593354753033,-0.16172018528595103,-0.18469280926390533
1,0.9061071657736539,-0.1615772482244681,-0.18572003018603922
1,0.9044196303374772,-0.1614591960132135,-0.18686183380288934
1,0.9081158753308826,-0.16219373891891198,-0.1880890893748946
1,0.9092744988292408,-0.16240146784544235,-0.18724829511634786
1,0.9089673908448351,-0.16224511183828277,-0.18738491169660737
1,0.9083356169347708,-0.16220345124231325,-0.18819642679918064
1,0.9095958069358732,-0.16242028515345852,-0.18790292193173996
1,0.9053851743464816,-0.16176338083376193,-0.19047722570553108
1,0.9038542490309719,-0.1616022965795495,-0.192468295667764
1,0.9071401149655002,-0.1622291104056124,-0.19465322199703788
1,0.9043040750029028,-0.16131950230049089,-0.19301857247565998
1,0.9056671112671475,-0.16156000903803452,-0.1928191795543375
1,0.9045982157449648,-0.16126870126782644,-0.1931673353828768
1,0.905077752929978,-0.16109427801720394,-0.19359695526138657
1,0.908530083381917,-0.16176275216157976,-0.19517911245984879
1,0.9056534625593631,-0.16108643584891033,-0.19364687095828112
1,0.90668175501666,-0.16126603032201411,-0.19291484041826532
1,0.9048362706957523,-0.1610753739065514,-0.1942883957008352
1,0.9067622876385444,-0.16125934815538853,-0.1948077858458136
1,0.903960806358507,-0.16063863124773967,-0.19322130906392745
1,0.9054182529400716,-0.16088136898678493,-0.19328556116377993
1,0.9037787775700427,-0.1607683780589533,-0.19531282731161398
1,0.9053261191522344,-0.16080845670349134,-0.19563369040547465
1,0.9020407830141811,-0.1600758406456018,-0.19376409719121435
1,0.9035421430352631,-0.16032414124342034,-0.19390078575249237
1,0.901504522907752,-0.1604307511243366,-0.1969607385831209
1,0.9023155092021868,-0.160275661055464,-0.19617670141489948
1,0.9000017381256431,-0.159567150977706,-0.1942569525674959
1,0.9011517406052594,-0.15976488109648343,-0.1934582035777405
1,0.8996413977456805,-0.1600304661518586,-0.19609599923248172
1,0.8991558279217161,-0.15956450354702187,-0.1954387029804086
1,0.9030085587495112,-0.1603279926778587,-0.19671005888547977
1,0.9012537779319069,-0.15989116296335013,-0.19543477329165856
1,0.902531396945654,-0.16011478748719343,-0.19457686880166256
1,0.9026657408682273,-0.1605171478709343,-0.1961803408967799
1,0.9004867004484424,-0.15991972140512478,-0.19551670500108173
1,0.904159437909663,-0.1606458934109651,-0.1970991735220783
1,0.903734093649371,-0.1604342732972083,-0.19649072127956513
1,0.9049089565790143,-0.16064485740216272,-0.19551127244295147
1,0.9045314432493021,-0.1606838509386908,-0.19639606932023038
1,0.9048431894730143,-0.16078359592434022,-0.19627024330844173
1,0.9089664013662383,-0.16160150785929722,-0.19800040582360798
1,0.9086566583990043,-0.16164653286823732,-0.19806077884554635
1,0.905977411919049,-0.1610437553584787,-0.1969909850653624
1,0.9094146866153009,-0.1616926901162233,-0.19961985763407547
1,0.9087116375366333,-0.1615945232226491,-0.19937179412756956
1,0.9103719177733154,-0.16189885145603097,-0.19861435133033664
1,0.9099382418218331,-0.16181941483468165,-0.1992168049651028
1,0.9059984770822178,-0.16109886260488082,-0.1987742392631309
1,0.9099140675808559,-0.16188645340493263,-0.20035601540964665
1,0.910142477810836,-0.16193615636882672,-0.20023574012501488
1,0.9117661874569473,-0.1622415199155963,-0.19874579172524653
1,0.9125525714220468,-0.16238500958877988,-0.19852514423550624
1,0.9049119752858318,-0.16092887149074298,-0.19782627954828055
1,0.8985672108009797,-0.1604182114790958,-0.15896146345671613
1,0.9006171943124054,-0.16071929050522205,-0.15969651137945196
1,0.9020016106476236,-0.16096258937461305,-0.15925925942696023
1,0.902699588384554,-0.1611018258526623,-0.1587267275746162
1,0.8967299263526889,-0.16015698810537163,-0.15938220218054144
1,0.9004470880280814,-0.1609071639310513,-0.16148407032831527
1,0.9022749400869057,-0.16106784457472847,-0.16201092873703613
1,0.9036492731593971,-0.16130761742122574,-0.16184320912092728
1,0.9040946341408466,-0.16128835340851375,-0.16150120419818245
1,0.8955612839949234,-0.15988546151044702,-0.16236522225364197
1,0.900129260257067,-0.16083448537658807,-0.16368287298380396
1,0.9018540886276091,-0.16091365810837996,-0.16426927296606486
1,0.9032870867976477,-0.16116443287653492,-0.16389451145010323
1,0.9042443058201091,-0.1614576632858419,-0.16372414200335952
1,0.8984634863793484,-0.16056764242125848,-0.16523924994326458
1,0.9027579628971201,-0.16144380462392288,-0.1664472144490247
1,0.9029143531855559,-0.1613563412501598,-0.16664888982433052
1,0.9042924781317576,-0.1616067002750263,-0.16582002544784136
1,0.9048599865256942,-0.16180236151876495,-0.16564804424583643
1,0.9016480147445416,-0.16127319396987647,-0.16659093462359698
1,0.9047121039660266,-0.16186162210448524,-0.16821223180843606
1,0.904245615953904,-0.1616776617928766,-0.16834984991072952
1,0.9059007372993955,-0.16196081078406133,-0.16840653341140874
1,0.9056925267792624,-0.16190933210337244,-0.16850964315226907
1,0.9038797662826022,-0.16157153294285156,-0.16888936268170374
1,0.9035596978497715,-0.16142730804122477,-0.16910025524306535
1,0.9047715201017373,-0.16164872099355482,-0.16782844618432327
1,0.903544679040159,-0.16129509477649814,-0.16854478838492867
1,0.9003439344452067,-0.1608119983503361,-0.16781296790506903
1,0.9008707585508459,-0.16079764320961923,-0.16931249891625075
1,0.9024840811962713,-0.16106858201431506,-0.1692922528636921
1,0.9019090529400975,-0.16093136340729527,-0.17045787846188906
1,0.8999877859458987,-0.16096974773893635,-0.16950016417849614
1,0.9030608356684656,-0.16156133568010422,-0.1715583264175146
1,0.9034173482642376,-0.1616381733199979,-0.17410134103141653
1,0.9048720722375382,-0.16188814001828805,-0.17346233105186995
1,0.9031559859467951,-0.16119818042178477,-0.17376648906292846
1,0.9003465431120263,-0.16090328184751942,-0.1713748085204343
1,0.8996299196488654,-0.16006371654498985,-0.17066989883912637
1,0.9009910663332689,-0.16029269466545273,-0.17029401797460578
1,0.9001603291570728,-0.16016966042777828,-0.17142498076525378
1,0.8975268638650619,-0.15999105733129165,-0.16941377774763441
1,0.9008152535037143,-0.1606093646913067,-0.1714586095433819
1,0.9007605483681046,-0.16010631280412665,-0.17191232943901044
1,0.9024073690270776,-0.16037849372290436,-0.17215066818513147
1,0.9029377093854909,-0.16092104685303502,-0.17416480574536575
1,0.9004203139627641,-0.16077894888255959,-0.1748072081072699
1,0.9036707966424022,-0.16139774269883278,-0.17617552315754853
1,0.9047966793358742,-0.1615973026579756,-0.1758800518661871
1,0.9032838615854594,-0.16097859267366205,-0.1762084908773505
1,0.9017455106086677,-0.16075812878293802,-0.17750585034161498
1,0.9053221984099674,-0.16144908532860705,-0.1788607588256017
1,0.9064116093199602,-0.16163868640724435,-0.17811637185921828
1,0.9053134668819818,-0.16142042977190352,-0.17893284833911366
1,0.9042284735745016,-0.16130100018717514,-0.18034775332840947
1,0.9054561224176071,-0.16151066826745794,-0.18013941491439686
1,0.9039227304939417,-0.16101541032364952,-0.18038936829288404
1,0.9031206215000976,-0.16092304276402652,-0.18224326503329585
1,0.9063326790908508,-0.16151649876676794,-0.18456050954754305
1,0.9041119285236849,-0.16090893734320996,-0.18365462493828263
1,0.9052675285672908,-0.16110851778733967,-0.1830705893447712
1,0.9036266751037805,-0.1606776731606545,-0.18350431078190793
1,0.904251118321406,-0.16048022485993474,-0.1838682334326446
1,0.9076404772751873,-0.1611152963570388,-0.18558351289830957
1,0.9041325371297809,-0.16082555853936512,-0.1852714120805967
1,0.9055126820769972,-0.1610453496949348,-0.18541150693150318
1,0.9024980048651113,-0.16092081858308585,-0.1882911360280574
1,0.9035534009738315,-0.16071953918352344,-0.1888278573646139
1,0.9014167492603783,-0.1601848767003129,-0.1873903912603559
1,0.8989770422964416,-0.16008593216410363,-0.18945986395250777
1,0.9006875410580362,-0.16017577168186647,-0.1901342618794127
1,0.8977287559970378,-0.15967629393562296,-0.18866258328093632
1,0.8992472151413973,-0.15992298379099337,-0.1888758351714306
1,0.8976544587101201,-0.1599002639737246,-0.1914147003109362
1,0.8989947205233535,-0.15985740393535985,-0.19105250989978115
1,0.8969749389282751,-0.15925961033847383,-0.18930778849944782
1,0.8981458790242786,-0.1594570472752995,-0.18855980087462107
1,0.8971622408794201,-0.1596063275429406,-0.1907317594822155
1,0.897026363481096,-0.15925166416866335,-0.1900878221613843
1,0.9007963833293594,-0.15998342028063708,-0.19139257602007426
1,0.8994604533527574,-0.1595863756970274,-0.19019070649453193
1,0.9007319254290616,-0.15980214091307424,-0.18940483163723243
1,0.9007284582549022,-0.16018878974503087,-0.19113447482601725
1,0.899085052510869,-0.1597060313971007,-0.1904292132433767
1,0.9025377160647629,-0.16036591815171902,-0.19205615280872995
1,0.9016473837885711,-0.1601954406970623,-0.1914494315687962
1,0.9028249147580598,-0.1604015765213215,-0.19054133296298137
1,0.9026354286797312,-0.16053537751080615,-0.19146650159584588
1,0.9025124076877488,-0.16058520591473388,-0.19148589619245013
1,0.9064934906751652,-0.161352092166738,-0.19332578300895392
1,0.9060776256318432,-0.16137476772455525,-0.19333088297975576
1,0.9031213551986734,-0.16072044960925536,-0.19217360842699469
1,0.906456156413404,-0.16133258898932942,-0.19492669110512292
1,0.9058641954914686,-0.16125995387661235,-0.19469953907747115
1,0.9072958215733129,-0.16152682319267078,-0.19293738225008947
1,0.9072094867847542,-0.16159235832802454,-0.19364939050613947
1,0.9039322478032096,-0.1610380814104867,-0.1932502691600871
1,0.9077407025636524,-0.16178115791131673,-0.19495323698514508
1,0.9077983303547356,-0.16178598972440456,-0.19485964660788826
1,0.9094911826993995,-0.1620995771933702,-0.19344752142261673
1,0.9099211067653123,-0.16215329689697924,-0.1934499833288892
1,0.9016519569184405,-0.16065048504063442,-0.19285973902397952
1,0.894816676552691,-0.16004460418248034,-0.1539132118819377
1,0.8962583498803657,-0.16026932896369253,-0.15443639318955468
1,0.8977410602306729,-0.16052439636372076,-0.1540775464920689
1,0.8984086008106863,-0.16063951822869924,-0.1535571397870107
1,0.8921035892496646,-0.15968730460747793,-0.15420262711696767
1,0.8957983269086076,-0.1604118235519618,-0.15643016052049705
1,0.8978844919577369,-0.1606158501577399,-0.15702995284004267
1,0.8993812575795325,-0.16087603663223762,-0.1565651381062534
1,0.8999993144409323,-0.16089433431956895,-0.1562049489255431
1,0.8909304680181098,-0.15941366094081358,-0.1571003333798991
1,0.8954841960735744,-0.16033018724865558,-0.15854698885887777
1,0.8975011860103439,-0.1605032844469083,-0.15932500681557732
1,0.8990185538202988,-0.1607703125570488,-0.15853393266610555
1,0.8995569774745252,-0.16095726090054055,-0.15836839433174518
1,0.8948195818233803,-0.16029045373002132,-0.16002592503893015
1,0.8990805608054253,-0.16113537526862076,-0.16135310441616318
1,0.8991304054238627,-0.1610253643122284,-0.16158328996436433
1,0.9005827389707568,-0.1612803351568303,-0.16068388135657116
1,0.9005739293332902,-0.16127972053540987,-0.16068516530116894
1,0.8960010716750496,-0.16056896106104757,-0.16222897161860822
1,0.8990392154809297,-0.16113749420373574,-0.16394445946696123
1,0.8993441095469477,-0.16105999399777052,-0.1641573848641375
1,0.9010549243348147,-0.1613538897528016,-0.16374715876009166
1,0.9009479561691696,-0.16133171503455154,-0.1637651738023379
1,0.8980060446260528,-0.16084286850304186,-0.1646319903374742
1,0.9013059314372436,-0.1614632268598445,-0.16623661665349962
1,0.9051506739205193,-0.1611804933219699,-0.17152026656942132
1,0.9066406589956653,-0.16144930494477708,-0.17068398495357648
1,0.9043322080001669,-0.16127821118138866,-0.17412729125824236
1,0.9027952379996176,-0.16199372201826895,-0.1714522316475263
1,0.9042864858946463,-0.16225031917855745,-0.1712153104728621
1,0.9005159107547676,-0.16024348568442706,-0.17003599399639022
1,0.8984142877520239,-0.16041676376536818,-0.17183694110426795
1,0.9015830297027911,-0.1609921154665394,-0.17445226529050858
1,0.8987192296358401,-0.15931392514636425,-0.17132058609356798
1,0.9002301982674559,-0.15955892747690542,-0.1711759643580417
1,0.8992219533201,-0.15919089076395376,-0.1711055010734766
1,0.8993534337690801,-0.15912932822164133,-0.17258158928480002
1,0.9026931319906999,-0.15974118123705436,-0.17447733048521089
1,0.8973209792749037,-0.158646640937462,-0.17258278421091186
1,0.8985025657059447,-0.15884341584678408,-0.17191385884501537
1,0.8965680776297457,-0.15831737269772983,-0.1722995928670792
1,0.8981527390375791,-0.15832726132212904,-0.1725289853094906
1,0.8947214972568804,-0.15769987052519818,-0.17099402031012625
1,0.8962813295777986,-0.1579311495176158,-0.17114736537531489
1,0.8946880886691243,-0.15770583626171433,-0.17250450413678434
1,0.8961135800339626,-0.15772064917363846,-0.17313205845268173
1,0.8933890497318335,-0.15717944437233655,-0.17154858210886145
1,0.8949880468527512,-0.15741237661812485,-0.17177695528822695
1,0.891907132993696,-0.15748960933647144,-0.17495579351838478
1,0.8926940964623113,-0.15728197481570147,-0.17495629513088515
1,0.8904282693527653,-0.15671465924949182,-0.17330762454846876
1,0.891728917022315,-0.15692329622709292,-0.17256333171078403
1,0.8895044488994469,-0.15701767578447803,-0.1750129385542902
1,0.8889668490642286,-0.1565923730360838,-0.17461880294900206
1,0.8926992370600928,-0.15728183809526353,-0.1761755242040565
1,0.891176083420531,-0.15689461779284972,-0.17501768321467964
1,0.8925831332510153,-0.157124519024746,-0.17424956395154942
1,0.8925321010144567,-0.15748964578892738,-0.17592392634326665
1,0.8907030461066018,-0.15700895966401365,-0.1753274013963864
1,0.8942726865350049,-0.15766091320479506,-0.1771944407587811
1,0.8936819771307386,-0.1574812043514558,-0.1766205148432422
1,0.8949752864353119,-0.15769906550917084,-0.1757489494343289
1,0.8950428651218371,-0.15791102331424003,-0.17667804868662698
1,0.8950958023515964,-0.15804033530139694,-0.17692089248264026
1,0.899126894474252,-0.15877718408192137,-0.17897600672197853
1,0.8985294835532089,-0.15877970890345416,-0.17895092254575068
1,0.8957073648867929,-0.15817544351233057,-0.17777541487281273
1,0.8991096462825655,-0.15876660068358817,-0.1807846887980218
1,0.8984100582449678,-0.15868389971088945,-0.18052266136202763
1,0.9002126225334597,-0.1589899552236321,-0.17988800464798313
1,0.8999798807233945,-0.15900801235409706,-0.18052089920657804
1,0.8958661599716085,-0.15830345954933683,-0.1801453731625228
1,0.8997460172279368,-0.15902123466394189,-0.1820538421382402
1,0.8998827492606863,-0.1590445796160229,-0.18195512353279752
1,0.9016783093012087,-0.1593626293774086,-0.18056813505214686
1,0.9023544246955677,-0.1594745815159798,-0.18028653003813028
1,0.8971592420697572,-0.15867559075954252,-0.1801743189192059
1,0.8902564251424213,-0.15808841264751627,-0.14028598141142212
1,0.8923714809970362,-0.1584013837499129,-0.14100719239355633
1,0.8938642182168179,-0.1586462710513687,-0.14073986727170967
1,0.8951752662798342,-0.15891472299382556,-0.14038300774847456
1,0.8873651354275405,-0.15762906427985038,-0.141023651889842
1,0.8910335946525005,-0.15830335970356252,-0.14342615272380488
1,0.8923059535142253,-0.15833711302877748,-0.14379042650961094
1,0.8937528777365812,-0.15856782294094246,-0.14378787099401039
1,0.8942274696638605,-0.15856866732579933,-0.14345788635365336
1,0.8871079738067243,-0.15754540344827822,-0.144654443662179
1,0.8915623270626876,-0.15839477952534547,-0.14622864134947627
1,0.8938137605424998,-0.15863944984190934,-0.14729052371289433
1,0.8952995672134677,-0.15887910721069967,-0.14707952912333966
1,0.8964655835544993,-0.1591905314717058,-0.14690559670735964
1,0.8913744225040248,-0.15848110795959533,-0.1486112451002281
1,0.8955319549188739,-0.15925722191838254,-0.15003632018177104
1,0.8954096794119191,-0.15912018734866912,-0.15028419681386535
1,0.8968351691593761,-0.15936013012897154,-0.1496118430533507
1,0.8976058030947177,-0.15954672205095247,-0.1493253455678209
1,0.8944444274385018,-0.15906525803952062,-0.150439421345103
1,0.8974826403881322,-0.15959937164615673,-0.1523199438925948
1,0.8969290774012464,-0.15945072283266357,-0.15260391236668489
1,0.8986290809320016,-0.1597156626072868,-0.15280525607075382
1,0.8985079744138738,-0.15968135328859895,-0.15286414244190544
1,0.8959936160004571,-0.1592841784610345,-0.15354101296438744
1,0.8960729387703799,-0.1591643219521951,-0.15428889271082738
1,0.8973905245766768,-0.15939543945447354,-0.15312330439570404
1,0.8960228328252592,-0.1590314393807792,-0.1540357462312244
1,0.8936394884115662,-0.15884265562645608,-0.15368542540933108
1,0.8941001199301907,-0.15885488501436604,-0.15512920674998437
1,0.8957918984377085,-0.15911345555970025,-0.15522919460490517
1,0.8953969795868906,-0.15923048089750294,-0.15715805185222137
1,0.8919603937850201,-0.1586806028076742,-0.1546310134571297
1,0.8950398723317387,-0.15921138779120927,-0.15688206514388875
1,0.8954833045622624,-0.15890627533759402,-0.15755724154038891
1,0.8969612600802566,-0.15914684097765333,-0.15709532463093026
1,0.894975333822127,-0.15850170589530088,-0.1578919301421008
1,0.8931969533160754,-0.15873000804745044,-0.1569011573882998
1,0.8924723696503538,-0.15782799107828446,-0.15601916605105584
1,0.8938436171331358,-0.1580386593870101,-0.15577715662592231
1,0.8918806669873595,-0.1576596073023687,-0.15783821150289243
1,0.889419437079915,-0.15769071751560856,-0.15724850215676567
1,0.8926398318714757,-0.1582527759145676,-0.15945594588651407
1,0.8921767786608791,-0.15805451134108253,-0.1615990861041522
1,0.8938471889002757,-0.1583023861192488,-0.16191187475577823
1,0.8947760092525544,-0.15888401713487552,-0.1637467266931009
1,0.8922919601795507,-0.15876641240522163,-0.16458984681052377
1,0.8954875836471835,-0.1593261756610358,-0.1661018992417546
1,0.896673339041358,-0.15951723905459247,-0.16585750106949645
1,0.8951762566301884,-0.15886236591631847,-0.1659125279215237
1,0.8934463959879115,-0.15866143131671273,-0.16720947215743875
1,0.896961713920873,-0.15928666327993066,-0.16870134444530524
1,0.8981079146440928,-0.15946993375915508,-0.16800909604290057
1,0.8970425660634063,-0.15924507070531208,-0.16870304934408986
1,0.8958848688191458,-0.1591309144790489,-0.17010114952244074
1,0.8971388049006176,-0.15932405182478282,-0.16996467751167033
1,0.8953207400511406,-0.15889903373465622,-0.17043598856109615
1,0.8945772726598683,-0.15886472948726338,-0.17231669119136964
1,0.897816765320959,-0.159420921828231,-0.1748052885980667
1,0.8954055395457833,-0.15897971566215166,-0.1743180743913529
1,0.8966201888163272,-0.1591764889466435,-0.1738095071119041
1,0.8951402320654308,-0.1587730472404655,-0.17422422575073115
1,0.8959394109373432,-0.1587851713221329,-0.17548893607743646
1,0.8992843603124371,-0.159370022857367,-0.17733407804830612
1,0.8964421184731739,-0.15892546216164355,-0.17646895265968598
1,0.8978832727686552,-0.1591438720205594,-0.1766984926223825
1,0.8945403860320928,-0.15892724438045944,-0.1794363263713512
1,0.8955080642506046,-0.15870534924879823,-0.17988935316946497
1,0.8932528467421765,-0.15830747665443073,-0.1786807021244326
1,0.8916949204650252,-0.1582130176022889,-0.18034200542107925
1,0.8926144512179001,-0.15811424262472046,-0.1801990034628648
1,0.8907427175538001,-0.15774828690777792,-0.17898078918101426
1,0.8923105223847788,-0.1579794819042221,-0.17925877942616453
1,0.8903914194629579,-0.15796684016044074,-0.18186644546023964
1,0.8916781321684815,-0.15792823783472446,-0.18157658667186677
1,0.88902044472079,-0.1573959538172746,-0.17980588073321455
1,0.8902449736409453,-0.15758707536411726,-0.17912631170727317
1,0.8893964222268161,-0.15780403801827178,-0.18142866552633166
1,0.889278626903083,-0.15751561337693884,-0.18076127200557487
1,0.8930815890599128,-0.15819242368321693,-0.18220926265239723
1,0.8917957881864852,-0.15784416274841032,-0.18104494973374471
1,0.8931260519921431,-0.1580544277858525,-0.18032476409122675
1,0.8931245084174546,-0.1583876633874154,-0.1819018174056596
1,0.8915192121694488,-0.15794708042439673,-0.18126513518141277
1,0.8950310619394072,-0.15856595272781596,-0.18306212048006743
1,0.8940370661082674,-0.15838543401038063,-0.18239075959688014
1,0.8952717131832689,-0.15858701849129517,-0.18154456809347966
1,0.8955822248040982,-0.1588615196561196,-0.18244089539283162
1,0.8953852742723503,-0.15882511136809638,-0.18224345970885464
1,0.899281193981395,-0.15951961614033186,-0.18419574912643313
1,0.8989238549552206,-0.159527695348857,-0.18414645615764746
1,0.8959469120415775,-0.15892927533570736,-0.18295761859984708
1,0.8993013273453011,-0.1595049344379326,-0.18588262983299625
1,0.8985875412773864,-0.15940926303315237,-0.18558454817946407
1,0.9000892781991029,-0.15967439615726275,-0.18390746470196315
1,0.89967824702142,-0.15962334806759762,-0.18447418354921413
1,0.8954361323704326,-0.1589265969570384,-0.18412912365131248
1,0.8992622223285308,-0.15961940312606696,-0.18599329472118767
1,0.8994419627072717,-0.15967374962759706,-0.1858124169846278
1,0.9012146302134131,-0.15998027928423159,-0.18443919670873224
1,0.9015529061810786,-0.16002913338261415,-0.18435226280179617
1,0.8958882524370277,-0.15913677424120487,-0.18409685731038203
1,0.8880797428274563,-0.158193468532213,-0.14441981863785336
1,0.8891287512333217,-0.15832895831691535,-0.1448228684774578
1,0.8906227001915809,-0.1585694319542807,-0.14453803366488122
1,0.8911872110053666,-0.1586516487488431,-0.14412632064972486
1,0.883093463492576,-0.15735443113329553,-0.14465732680445345
1,0.8867423234862081,-0.15802098902081693,-0.1470401273345908
1,0.8879566421584276,-0.1580583021282277,-0.14737950824745571
1,0.8895403372494056,-0.15831405599488077,-0.14696446629714327
1,0.8903627958595961,-0.15839640759588478,-0.14673283766174036
1,0.8831433377755513,-0.15737487431008054,-0.14776912906512923
1,0.887643887874164,-0.15821710180510717,-0.14935971509754753
1,0.8898232632152915,-0.1584403775227628,-0.1503498910189483
1,0.8914051939066787,-0.15870145532620217,-0.14961364673394825
1,0.8918879719688646,-0.15885504241303255,-0.14947937992856145
1,0.8863639150138952,-0.15808109508629098,-0.15117937815421467
1,0.8905265891241478,-0.1588459628462264,-0.15261072642948306
1,0.8903688031510002,-0.15874898178848118,-0.1530483479063023
1,0.8918901766866842,-0.1590018716384461,-0.1522064320830171
1,0.8918944715948947,-0.15900794658889186,-0.1522137794634816
1,0.8887695844512414,-0.1585024231082658,-0.1533058820340898
1,0.891764839901714,-0.15902917195321556,-0.15516414332225342
1,0.8919438654522456,-0.15895018425261878,-0.15530719498454176
1,0.8937083112370862,-0.15922902503508693,-0.15493187402990616
1,0.8936523358423465,-0.15922265134589392,-0.1549921527038712
1,0.8908092082101063,-0.1587750368731038,-0.15586728779176506
1,0.8904041486266324,-0.15876619437679843,-0.15663809709944632
1,0.8918774575761875,-0.15901187086664906,-0.15544583225159436
1,0.8915184574948494,-0.15890547377850212,-0.15568878430148214
1,0.8883345876772327,-0.1583747892309233,-0.1541865158443664
1,0.8887852540593953,-0.1582728265589626,-0.15545913746380216
1,0.8904364132669633,-0.15853636305500632,-0.15488238039015406
1,0.8890351802113784,-0.1581604846403807,-0.15597887838286614
1,0.8867933259798542,-0.15817866701284436,-0.15514716230044526
1,0.889866373638531,-0.15870798344942946,-0.15743553512163438
1,0.8904012542008863,-0.15849970786420425,-0.15814745770054756
1,0.8920940354645088,-0.15876502126155953,-0.15765403999546623
1,0.8907276963663723,-0.15876258022275316,-0.16030852052370662
1,0.8880249248899104,-0.15859385039862814,-0.15832101112351038
1,0.8874013058988152,-0.15774945217158032,-0.1576615453484395
1,0.8889618806424258,-0.1579921862596118,-0.15742668782646313
1,0.8882628250127,-0.15800914691094387,-0.15937988395383051
1,0.8859969365116878,-0.15793802224402093,-0.15785787958948896
1,0.889220633483889,-0.1584954493511767,-0.16010527483208767
1,0.8890204044250188,-0.15777663114090004,-0.15986314530388185
1,0.8905716299572608,-0.15801936841095898,-0.15958312126515262
1,0.8898876359263704,-0.15788729493449544,-0.16039788844443084
1,0.8871440136535794,-0.15777339172307636,-0.16196544041087063
1,0.8903851621830853,-0.15833133037119052,-0.16354252136834432
1,0.8917268129969402,-0.15854202153183763,-0.1633304919291231
1,0.8913478305515888,-0.15847460737474633,-0.1642166618104404
1,0.8895263142778654,-0.1583483401245268,-0.1658370397392966
1,0.8930619218645603,-0.15896639830602446,-0.16737241915857962
1,0.8943459714944241,-0.15918135503819053,-0.1667729999943264
1,0.8942294018724101,-0.15913431530087024,-0.167005255798088
1,0.8935969684885007,-0.15906518369268996,-0.16819518532624042
1,0.8949748815719419,-0.1592844414690527,-0.1681135618946947
1,0.8921577678240841,-0.1586449654047454,-0.1692703180251755
1,0.8908805480214699,-0.1583667725287404,-0.1711871564466695
1,0.8941469885971242,-0.15892386695435023,-0.17372303953060417
1,0.8920088983431728,-0.1584943117360041,-0.17296986802831582
1,0.8934025705349983,-0.15871120905122985,-0.17295916208063078
1,0.89189692987515,-0.1583421396676142,-0.17313922428116324
1,0.8921783445821732,-0.15806470019331492,-0.1734430185892163
1,0.8955997152489586,-0.15865117997886796,-0.17534854230994
1,0.893469856805267,-0.1583313510547382,-0.17439860767769103
1,0.8945784140075466,-0.15850360339247607,-0.17382122854407656
1,0.8919676319667857,-0.15819137940083675,-0.17610130130211632
1,0.8928921751506494,-0.15794525830669157,-0.17586137412259764
1,0.8907795347404529,-0.15756710208628502,-0.1745768077705418
1,0.8922941840515581,-0.15778050809774868,-0.1747853412700983
1,0.8908242728683252,-0.15764672634527585,-0.1763185340300785
1,0.8924293618118776,-0.15773339840954645,-0.1764091368290828
1,0.8902821736766523,-0.15732180001667365,-0.17494497376158327
1,0.8917674549315798,-0.15752413905870402,-0.17521960121828614
1,0.89032532039829,-0.15760253994245335,-0.17771206069638062
1,0.8919114013725804,-0.15756821046147582,-0.1777160587291147
1,0.8956283601537361,-0.1582097886618563,-0.1791422896865657
1,0.893207688671525,-0.15763766186600042,-0.1772027422699691
1,0.8945859445987384,-0.15783524353451894,-0.17685005095604675
1,0.893862273950325,-0.15822313520513936,-0.17943643325831607
1,0.8928926805533076,-0.15776895890072906,-0.1783999250475698
1,0.8963915427665156,-0.15837376212741844,-0.1798610839714253
1,0.8946209774876033,-0.15806580605367046,-0.17874754872123585
1,0.8960304625844384,-0.15827486011070488,-0.17823188780223306
1,0.8963047238502004,-0.1586133942848178,-0.17946565547555038
1,0.8936196026373858,-0.15803666442997358,-0.17896178746042377
1,0.8969926845727995,-0.15862427085668696,-0.1807651694811365
1,0.8962663332556078,-0.15847995980091523,-0.1802239691885192
1,0.8974604554777976,-0.15866578209071786,-0.17933498310176677
1,0.8978160513527205,-0.15861571200616112,-0.17853156752484992
1,0.901591442016742,-0.15927499239603476,-0.1804860406038367
1,0.9009802706908325,-0.15926492920786967,-0.18044508524429037
1,0.8981347077745209,-0.15869853333069225,-0.179226809100811
1,0.9013595741635996,-0.15924609604114195,-0.18211164110716804
1,0.9006461436845835,-0.15915159194577494,-0.18182163208003793
1,0.9020144636235068,-0.15937775997707737,-0.1801471605112845
1,0.9014117081591599,-0.15928440530727178,-0.18080969894002089
1,0.8976260212602832,-0.15866193735050382,-0.18036893740933185
1,0.9012821541335222,-0.159309784897398,-0.18220888867671212
1,0.9014521202540609,-0.15933039646679945,-0.18211915829952696
1,0.9030360128998106,-0.159588118319165,-0.18079257536920823
1,0.9033496040800861,-0.15963380649794756,-0.18069856851395186
1,0.8968307313852745,-0.1586000844946044,-0.18044758390981863
1,0.8883049897835935,-0.1573923341546297,-0.1417801417415589
1,0.8899321979218233,-0.15764959508618817,-0.1424186604640046
1,0.8912869473147694,-0.1578542227046964,-0.14210198856132691
1,0.8925248191155839,-0.15808265171044739,-0.1417222788946137
1,0.886489281674123,-0.15721414554270377,-0.14246005798484213
1,0.8899497968295269,-0.1578314393511788,-0.14478089668761981
1,0.8914646663357773,-0.1578900940985703,-0.14520393358075354
1,0.8929559844542484,-0.15811811159683858,-0.144803092069709
1,0.8927163258521613,-0.1572843226765872,-0.14247553356341663
1,0.8862569864082088,-0.15608108686366295,-0.13862584120520272
1,0.8893946384552734,-0.15661841635876708,-0.14150455603672393
1,0.891188915187966,-0.1554111023192724,-0.1413941498264535
1,0.8925418756471987,-0.155600746947271,-0.14166458295742837
1,0.8909436470805608,-0.15479834829347627,-0.14132955533913402
1,0.8874593641647134,-0.15460318931850173,-0.14084310536975256
1,0.8905924243698541,-0.15513574003231204,-0.14352067513989428
1,0.8915474923457407,-0.15404444273604298,-0.14316562423417575
1,0.8927332471979874,-0.15420550508608197,-0.14301868110102472
1,0.8904303813355472,-0.15335840888105076,-0.14295420092513722
1,0.8859470280783539,-0.1531604345888509,-0.14425626447735948
1,0.8890785718808829,-0.15368968880960077,-0.14612056931772943
1,0.8891595494470564,-0.15329238235759302,-0.14621479033066245
1,0.8902361810030288,-0.15343782616963972,-0.14591861040322932
1,0.8905265209722714,-0.15359511461400943,-0.14630904869801842
1,0.8879094953749885,-0.15323942798855006,-0.14824306865420117
1,0.891486911912576,-0.1538407436093063,-0.15001720130779986
1,0.8925123249816569,-0.1539815808984434,-0.14929228486346138
1,0.8907104836790263,-0.1537264998809053,-0.15064760139402478
1,0.8880730340871965,-0.15356119563798176,-0.15323682507737607
1,0.8873769305525766,-0.1533565319951112,-0.15349424394175287
1,0.8862802883461594,-0.15312138694053423,-0.15439293841587579
1,0.8896479168463247,-0.15367833187870422,-0.15719726260104447
1,0.888863133320827,-0.15332772603613168,-0.15710374694082396
1,0.8903218053663745,-0.1535176539575283,-0.15714019944606591
1,0.8889965978383534,-0.15314458247961124,-0.15734737902190746
1,0.8881956545523059,-0.15299848641701566,-0.15958725290554626
1,0.8915833339403688,-0.15355879554202168,-0.1616132596386993
1,0.8894261509795214,-0.15321879006766745,-0.16092026898900644
1,0.8905193116687509,-0.15336574357895674,-0.16055219996974565
1,0.8880617634996565,-0.15294624380709904,-0.16184534394637856
1,0.8887248451363181,-0.15273330964624932,-0.16211216813848475
1,0.8862430288832557,-0.15241377876353251,-0.16111162330590895
1,0.8875869678687826,-0.1525770207125612,-0.1613229609729485
1,0.8853677193496738,-0.15234340482407374,-0.1633726457923365
1,0.8864065807164564,-0.1522121549572308,-0.16343508160844958
1,0.884108385223682,-0.15187993697947236,-0.16221595470236466
1,0.8853898310575716,-0.15203336251700092,-0.16211121618587648
1,0.8841674394728956,-0.15197054444430488,-0.16366833090683403
1,0.8856704513069162,-0.15206111482273343,-0.16426772607826912
1,0.8827140207419703,-0.15153398660807282,-0.1623385247017813
1,0.8840475368721127,-0.1516900748222677,-0.1624493879495453
1,0.8823061003349859,-0.15177985674125377,-0.16497518484221727
1,0.8830654076232161,-0.1516746898615222,-0.1644078043844235
1,0.8869157405371288,-0.15231251174139387,-0.1659875405754043
1,0.8850950064533677,-0.15189685909159856,-0.1644514134601569
1,0.8861698368334577,-0.15203484038862736,-0.1637492081242077
1,0.885947126969227,-0.1525114375409333,-0.16633932140733879
1,0.8839494163237899,-0.15193970953063474,-0.165626814679098
1,0.8875655243759254,-0.15254242379634655,-0.16723975350440606
1,0.8862273654395909,-0.1522673030417155,-0.1661457443341277
1,0.887363139046355,-0.152420668788815,-0.16529163019727136
1,0.8870039300362604,-0.15254752618029238,-0.16633980547448485
1,0.8840925502916481,-0.15196866482956134,-0.1658658542862645
1,0.8875515370451507,-0.15254806512823524,-0.16780878662914764
1,0.8879865336447337,-0.15267907152221963,-0.16745391692411996
1,0.8848900062479395,-0.15201828164281847,-0.16609664961291873
1,0.8889087025613284,-0.15269836201869497,-0.1677190435965792
1,0.8879636410164543,-0.15258981471380487,-0.1673842174354384
1,0.8894182731122733,-0.15279456661474605,-0.16647685322084713
1,0.8892953538219697,-0.15281066504005136,-0.16687663385190477
1,0.8858377669719242,-0.15223245587704387,-0.16645090016619743
1,0.8895480645464632,-0.15286249158465326,-0.16819260316806378
1,0.8892186364020899,-0.15279445543128312,-0.1678811294740935
1,0.8907722917251335,-0.1530191765204822,-0.16657054629437218
1,0.8911004719514637,-0.1530836907459021,-0.16653888232805383
1,0.8861700044342721,-0.15240638794265746,-0.16624451128374795
1,0.8898692113225317,-0.15303426517788848,-0.1682628394817675
1,0.8913500989091825,-0.1533501823253346,-0.16871965291067803
1,0.8928717592898756,-0.15357219830066118,-0.16785736164507786
1,0.8936709445821924,-0.15368575457988046,-0.16749812790147312
1,0.8858535565434051,-0.15239001148816228,-0.16689530252978108
1,0.8893625996998129,-0.152985548581095,-0.16857198156949169
1,0.8911120659810836,-0.15323585992242955,-0.16929325782734816
1,0.8927605796237172,-0.15348438705965262,-0.16813743274283258
1,0.8937076581785857,-0.15360370755712874,-0.1674343329849057
1,0.8876469992262661,-0.15264830664788517,-0.16637739432103976
1,0.8920243918688437,-0.15340632145274885,-0.16738173043895996
1,0.893907067703968,-0.15358059718786574,-0.16811995722024783
1,0.8954459906375773,-0.15381972421979442,-0.166924309550369
1,0.8960728787915554,-0.1539536242092013,-0.1666398139143144
1,0.8913482722364977,-0.15327091375301322,-0.1664383188111524
1,0.8953935141612192,-0.15396962905114545,-0.16739675551797248
1,0.895448834363027,-0.15393724900293285,-0.1673971698867361
1,0.8969295911845064,-0.15417032985340437,-0.16614182493602533
1,0.8970033428300556,-0.15418729385030366,-0.16610851009553879
1,0.8941741130654349,-0.15376833296954293,-0.166162372480556
1,0.8971031562687294,-0.15426475844002296,-0.16764212750998844
1,0.8966881779576121,-0.1541870242965713,-0.16765963785598728
1,0.8983801372803187,-0.15444335082527239,-0.16690644530686524
1,0.8983189065579583,-0.1544342797906372,-0.16696987980760575
1,0.8955573848079433,-0.1540032714589449,-0.16707531594736075
1,0.8947819828159485,-0.15387576150354118,-0.16673419145637078
1,0.8964279959840193,-0.15412269004328152,-0.16601311274283995
1,0.8958291372094508,-0.15397317916735817,-0.16630551347393435
1,0.8932420296487358,-0.15362158883724603,-0.1655481660946237
1,0.8932264288300599,-0.1535866162931413,-0.16639891033176427
1,0.8947631508980433,-0.1538162444916835,-0.16568051848671722
1,0.8937530937781606,-0.15352744019537035,-0.16602784849255275
1,0.8904109564183672,-0.15298775484684127,-0.1634479923886465
1,0.8934058239922447,-0.15349876031775575,-0.16511658388446948
1,0.894800470787986,-0.15376941518391524,-0.16781229242028822
1,0.8962922699114773,-0.15399443460598652,-0.16735708941626815
1,0.8943595396891615,-0.1534351541291746,-0.16794854855102626
1,0.8924418503900776,-0.1534889554838842,-0.16678928924058944
1,0.8954273872511593,-0.15399895026332644,-0.16872701749842856
1,0.8952085598393704,-0.15381306969953867,-0.17058352411795735
1,0.8967110744794603,-0.15403995801728346,-0.16998611095661342
1,0.896167470285374,-0.15427560868912815,-0.17257339436047775
1,0.8929150958332571,-0.15393391412975024,-0.17060834589353605
1,0.895889090416606,-0.15443892448994018,-0.1724589892222897
1,0.8954967123031673,-0.1541496680877277,-0.1744096304853561
1,0.8969814478863621,-0.15438271738445727,-0.1737940400978532
1,0.8963020725846236,-0.15425553081664845,-0.17453481348000904
1,0.8936544194878724,-0.15408816954480514,-0.17481507527999493
1,0.8965427952485453,-0.15458171705387025,-0.17600283281370382
1,0.8978304317759399,-0.1547849742173013,-0.17548388048037544
1,0.8976237753911644,-0.1547624374883181,-0.17625996699657154
1,0.8957541731459117,-0.15461558765036318,-0.17734211497508798
1,0.898900211583377,-0.1551629073539811,-0.17849291737837802
1,0.9001395421616185,-0.15536924697471835,-0.17762274581276905
1,0.9000635029944178,-0.15535693282334498,-0.17790890101915496
1,0.89940451342926,-0.15529247441570232,-0.17852619249756918
1,0.9006550358161328,-0.15549642467558142,-0.1782321638898786
1,0.8974672063740283,-0.15469346246832125,-0.17916657898714122
1,0.8959179993982567,-0.15445470889937654,-0.18068166663402094
1,0.8989298511205077,-0.1549616525561992,-0.18283850481395628
1,0.8962372910912345,-0.15466545533445897,-0.18273001031028915
1,0.8975707192817988,-0.15487958920596884,-0.1824959995571635
1,0.8961591672111098,-0.1546283142366543,-0.182724805509439
1,0.8970955589041085,-0.15474700629140622,-0.18431073178742088
1,0.9001552469627246,-0.15527539316571487,-0.18584192354128232
1,0.8971598317832925,-0.15482153245228517,-0.18445416544110263
1,0.8982724092042715,-0.15501543968478854,-0.18372522509619368
1,0.8960713985493098,-0.1547898241357193,-0.18498475087944416
1,0.8982824135284913,-0.15502893164047832,-0.18569269642167852
1,0.8958054475848468,-0.15453900819345118,-0.1842190347817747
1,0.8972410652131794,-0.1547771515364305,-0.1842725107333344
1,0.8953012472036856,-0.15456004683516913,-0.18614880461751723
1,0.896940837935427,-0.15464308174322783,-0.18654695632019086
1,0.8939139630224437,-0.15407625129881833,-0.18481827925545627
1,0.8953856337512557,-0.15431884250464106,-0.1849414585418237
1,0.8932055387643746,-0.15430373486495086,-0.18771375969949097
1,0.8941032022872674,-0.15420134245743522,-0.18703232514361623
1,0.891203559789227,-0.1536904654202093,-0.1852356574832507
1,0.8924238413538568,-0.15390318929387461,-0.18446059978724952
1,0.8917661166211062,-0.15411956782465086,-0.18675325250012698
1,0.891263361593936,-0.1537585987077119,-0.18625665860715515
1,0.8948168616525878,-0.15440153476588864,-0.1874718546193073
1,0.8932996049300153,-0.1540398948076246,-0.18636826258313371
1,0.8946678408155515,-0.15428126471676712,-0.18552903559510356
1,0.8945831901385985,-0.1545600081442904,-0.18705223220137343
1,0.8929776060748382,-0.15411942567646927,-0.1864227459571613
1,0.8962687914361858,-0.15470655420392776,-0.18795882025332777
1,0.8957082840061475,-0.15453455747217587,-0.1873908342764132
1,0.8969987047964452,-0.1547672990128742,-0.18642750490325496
1,0.8972180788512103,-0.15495247510541232,-0.18722588815970184
1,0.8970766637984867,-0.15490248188431902,-0.18708897672042843
1,0.9008108773482688,-0.15557523719296945,-0.18877771084892078
1,0.9005949412355894,-0.15560827509905364,-0.1887850250741005
1,0.8979755001269351,-0.15506626010959276,-0.187630615114051
1,0.9012460153191304,-0.15562682462790006,-0.19025419003376753
1,0.9003542966274227,-0.15550196046079576,-0.18989480118768415
1,0.9019204324886954,-0.1557978293721733,-0.1881392721302613
1,0.9016994488411892,-0.15577323417532418,-0.18868230088213742
1,0.898958583089811,-0.15532776126937808,-0.18838855776593208
1,0.9025944313492346,-0.15599189879286238,-0.1899829017620631
1,0.9025878938486229,-0.15601036397551263,-0.18976643993884112
1,0.9043628517139666,-0.15634062437888532,-0.18833523491896662
1,0.9048064231914131,-0.156393660376298,-0.1883580650359642
1,0.8968346534875803,-0.15500583855452063,-0.18774977959390776
1,0.8880393074198959,-0.15410849544634467,-0.1499123559530574
1,0.8894115850165231,-0.15433297987777994,-0.15045887498518717
1,0.8909381609750304,-0.15460127156803097,-0.15001370107511416
1,0.8915888689815241,-0.15471592200500256,-0.14953303488617686
1,0.8843487705460671,-0.1534999465270663,-0.14975170624455628
1,0.8878651917592544,-0.1541433281132608,-0.15184178618217273
1,0.8900518091420552,-0.15441152380439607,-0.1525728851038956
1,0.8915320475398253,-0.15466770066925045,-0.15238415950750106
1,0.892341856549856,-0.1547382077371317,-0.15215556628162158
1,0.8842456879811957,-0.15345018524643336,-0.1527248870854653
1,0.8884960032084893,-0.15425279920781226,-0.15404738318712483
1,0.8899884443316609,-0.1543342805491776,-0.1545767270421328
1,0.891533493032192,-0.15460851918801488,-0.15372106982356787
1,0.8922817568821854,-0.15483230315784102,-0.15351789900864318
1,0.8869676437231516,-0.1540225339273261,-0.1548058163525974
1,0.8909404750595964,-0.1547624905628199,-0.15602091936448353
1,0.8908777532445437,-0.1546465448709777,-0.15599839895637574
1,0.8923426742638169,-0.1549083306872261,-0.15507606886929745
1,0.8929180257134932,-0.15506253147921856,-0.15485782277541735
1,0.8897109834632828,-0.15453421816124266,-0.1556759508237081
1,0.8925439797745534,-0.1550363482228693,-0.15727428220716988
1,0.8925819874447205,-0.15496871862962575,-0.15749013652318233
1,0.8941891688531687,-0.15524719994379138,-0.15705020601462413
1,0.8939601849793389,-0.15519790926906613,-0.15717203946204256
1,0.89216186076977,-0.15487275450197768,-0.1575520570277645
1,0.8917371928363723,-0.15478713338239572,-0.15787015478092034
1,0.8931317475920728,-0.15503511835603986,-0.15664225831952172
1,0.8926877289517074,-0.15499530670086908,-0.15728987154020296
1,0.8892943425812834,-0.1543852637089282,-0.15526524530892488
1,0.8899893074258649,-0.15457136721005307,-0.15745816216629435
1,0.8916420740416277,-0.1548466840575805,-0.1574675445702625
1,0.8910500007774985,-0.15484055915295664,-0.15912046648375733
1,0.88828778133575,-0.15447858682928392,-0.15700405824873842
1,0.8912445835800057,-0.15498838231539755,-0.15904620121914792
1,0.8917064986754397,-0.1549559864825475,-0.16090933042063615
1,0.8932465777485579,-0.15522387666437054,-0.16034699795312374
1,0.8913572712699592,-0.1545343906008572,-0.1604624317766031
1,0.8884747179924058,-0.1542087978408191,-0.15746846163604677
1,0.8878867402414936,-0.1539358523296765,-0.1590305540007401
1,0.8893421287722871,-0.1541828557173342,-0.1586979674209544
1,0.8887231838782029,-0.15431856033287614,-0.16119508333568147
1,0.8860302356930596,-0.1540612651038081,-0.15874358181675113
1,0.889159437536582,-0.15459140813480204,-0.16073282361184854
1,0.8891623659878513,-0.15397566604809865,-0.16067576158927854
1,0.8908063059907536,-0.1542468380472909,-0.16092551051897297
1,0.8909970857022024,-0.15447869881463425,-0.16209517212705513
1,0.8891468547048866,-0.1544271809370829,-0.16264502171345877
1,0.8922802867548105,-0.15496762711254314,-0.1640473896777646
1,0.89346424573797,-0.15516963296604783,-0.16374932778484363
1,0.8926409374511273,-0.15485260399010797,-0.16404392435006068
1,0.8913047387853491,-0.15469159285542147,-0.1649206645011997
1,0.8947401784948791,-0.15529262136250652,-0.16630954034780795
1,0.8958904114919463,-0.15548904888168524,-0.1655986079467855
1,0.894606336582365,-0.1552276438473351,-0.1664717406590184
1,0.8935627697079711,-0.1551692743822374,-0.16801647598630107
1,0.894791933935821,-0.1553753548624481,-0.16783173470530358
1,0.8918021052046203,-0.15472072653092472,-0.1690773856592395
1,0.8905067364309567,-0.15455476619327552,-0.17128711827795476
1,0.8936942469531498,-0.15508916450553567,-0.17359552689882343
1,0.891797223532922,-0.15452546224846525,-0.17238024573327412
1,0.8930213678760207,-0.15473647420164874,-0.1718322007464783
1,0.8912244009486552,-0.15437477621619766,-0.17215215789556268
1,0.8920717624327,-0.15439349037388841,-0.17362644922394432
1,0.8954118127571838,-0.15496553516645603,-0.1753748222949132
1,0.8929009772609204,-0.15467355768022006,-0.17452414924098386
1,0.8939711360951645,-0.1548613666926157,-0.17388960607111514
1,0.8909284328618536,-0.15476886844160603,-0.17673006029388721
1,0.892027335173517,-0.15463640925717678,-0.1775343722419214
1,0.8901104265821578,-0.15425837251919752,-0.17630049881091206
1,0.8915320783580244,-0.15449494798037441,-0.1764574008190167
1,0.8898045453029081,-0.1545135464543262,-0.17832642364484796
1,0.8915807990112045,-0.1545910840631687,-0.1789274776270001
1,0.88958523832501,-0.154202243575617,-0.17762012783969636
1,0.8910255699545542,-0.1544442234155267,-0.17784774657613875
1,0.8897491129160786,-0.15453535232452129,-0.18033844068007931
1,0.8911194675499633,-0.15455738371532118,-0.1802182929461686
1,0.8946514535065268,-0.1551766776876174,-0.18149849168443088
1,0.891978362021437,-0.15469733972172964,-0.17968730286385204
1,0.893080938243543,-0.15489392273834238,-0.1789918191110577
1,0.8922603224789962,-0.15523225326185355,-0.18151918048752808
1,0.8907845758434103,-0.1546845030076877,-0.18083317995844422
1,0.8941138255970718,-0.15527124499029704,-0.18216690070285682
1,0.8931844911052705,-0.15494004684775395,-0.18104201670207787
1,0.8943280992367258,-0.15514653486699667,-0.1801908855275044
1,0.8944562554000735,-0.15537964006618563,-0.1813200649188161
1,0.8924348059266687,-0.1549031447769879,-0.18082263958638517
1,0.8956743006482278,-0.15546886610668223,-0.18247228854220957
1,0.8951127132926365,-0.15531482644827613,-0.1819136752997901
1,0.8949402328048246,-0.15522070770830904,-0.18160839810572085
1,0.898580203881041,-0.15585954001922514,-0.1833932717775715
1,0.8978478129877978,-0.1558240669679192,-0.1833230510343213
1,0.8952041880203626,-0.15529493411942744,-0.18212937198880114
1,0.8995618139619643,-0.15609433284496946,-0.18302315378178283
1,0.9073756768133975,-0.15719137975386177,-0.18484105186068467
1,0.9087729190337613,-0.157452427501402,-0.18345749747253148
1,0.9113220413372176,-0.15795674764880305,-0.18238329774258613
1,0.9005994968669894,-0.15599105223898885,-0.18012164151313803
1,0.90369540505578,-0.15652739254084821,-0.18146048680038587
1,0.905815303943958,-0.15683344097684004,-0.18216460457195033
1,0.9073261541387376,-0.15710786749235084,-0.18128578950219906
1,0.9079546849440779,-0.15725780475233692,-0.18115346238113153
1,0.9025176652259973,-0.15627096198690676,-0.18017307111636177
1,0.9027225023298858,-0.1562199291383494,-0.18030500561090665
1,0.9039626692846638,-0.15645363722780453,-0.17860621835892881
1,0.9036926711996478,-0.15633565863213836,-0.17877679293685855
1,0.8996417013365184,-0.15556220393755538,-0.1765668290103799
1,0.8995018029373689,-0.1553232786351806,-0.17666541251512177
1,0.9008850162739283,-0.15557350884291238,-0.17567157122191648
1,0.8991291837278892,-0.15493569983338878,-0.17596439307576625
1,0.8965328113789581,-0.15468877645634332,-0.17379445482953768
1,0.8999632398557181,-0.15529523177968213,-0.17531356890527028
1,0.9008365962393478,-0.15511220040019946,-0.1763054326635289
1,0.9022568900074104,-0.15536118350841452,-0.1754217168395802
1,0.9005645094613814,-0.1549710629060236,-0.1766436340513023
1,0.8970253550405092,-0.15447439239213698,-0.17330285413487725
1,0.9000890439472798,-0.15500409454644873,-0.1751448576997639
1,0.8997478464002587,-0.15447077312134083,-0.17529953725450467
1,0.9010458420373001,-0.15469913396020907,-0.174690688950073
1,0.898986050541508,-0.15418181723853278,-0.17580065307870388
1,0.897025011293644,-0.1543662232798152,-0.17514701221309828
1,0.9001751055934928,-0.1549151500816237,-0.1770246580551947
1,0.9000546444602258,-0.15440036571056384,-0.17699331985031244
1,0.9016137892484143,-0.15466433916638153,-0.17697548448294398
1,0.901992897764571,-0.15492926902764487,-0.1777554616064552
1,0.8993617210591671,-0.15464135641388005,-0.17748190331471772
1,0.902475050391687,-0.15518915953615706,-0.17870594548076968
1,0.9035615898299472,-0.15537973847637138,-0.17815752688202838
1,0.9021508947468843,-0.15493214911880604,-0.1785214171323357
1,0.8999541856353983,-0.15468030920421244,-0.1798905144028284
1,0.9033798198527452,-0.15529394125089263,-0.18110174224917086
1,0.9044673945025081,-0.15548823070608456,-0.18015758908334062
1,0.9035908998991824,-0.15525530437998075,-0.1804638967298649
1,0.9025368888516673,-0.155001359013814,-0.1811909291755173
1,0.903714337341618,-0.15519904365886542,-0.18076468132029885
1,0.9020216616848555,-0.1547804041815388,-0.18110719765029104
1,0.9013233530094806,-0.15454843833686832,-0.1817620026830144
1,0.904523467842893,-0.15510406962626358,-0.18404097848166076
1,0.9015347838253052,-0.154673781805733,-0.183444293311298
1,0.902651337596763,-0.1548550829003526,-0.18263386992348787
1,0.9011532891261398,-0.15446943424076262,-0.18322220788792387
1,0.9021194091001415,-0.15460270455176184,-0.1846306407448506
1,0.9053223744674739,-0.15516902910767616,-0.18620865304754555
1,0.9026802150874141,-0.15473551098935748,-0.18519205488249754
1,0.9039740183768101,-0.15494485037460703,-0.18514891424767238
1,0.9010775839879134,-0.1545381652876495,-0.18737020357744522
1,0.9017532358453897,-0.15438476206047852,-0.18785876135301538
1,0.8990618373031296,-0.1538956318096821,-0.18635167902947125
1,0.8960916552707854,-0.1536478814278537,-0.188082714916181
1,0.8971462647124797,-0.15365955264996017,-0.18830129234260198
1,0.8939698467041147,-0.15310256313078668,-0.18653763067389248
1,0.8953920921328508,-0.15333318211379676,-0.18656623025610558
1,0.8926066701949738,-0.1532719970428341,-0.18937657346084094
1,0.893720252096051,-0.15324691100494223,-0.1896041111160921
1,0.891884801020361,-0.15279855747417578,-0.18812895375603353
1,0.8930651518507071,-0.15299815260366484,-0.18720063010475183
1,0.8922299992037749,-0.15312805925163167,-0.18939392686600515
1,0.8919771891023379,-0.15288527952622766,-0.18881282751131562
1,0.8956109590385853,-0.15355392119044065,-0.19001019543251071
1,0.8943642693847592,-0.15325192517884262,-0.1889920185856117
1,0.8956614534073547,-0.1534743926961077,-0.18803274165970954
1,0.8959430606054632,-0.15380951336784185,-0.1895505711667894
1,0.8934800763585816,-0.15322660169007624,-0.18894549777267822
1,0.8968557755141557,-0.15384213613204475,-0.19049092680785096
1,0.8959218447417293,-0.15366724157230965,-0.18975910567068716
1,0.8971423314356834,-0.15388055228029032,-0.18867594805277998
1,0.8973702700520468,-0.15405418748161448,-0.18938496327276938
1,0.8975284363894335,-0.15416823061874874,-0.1896024944148985
1,0.9013421666674512,-0.15487364851020172,-0.19131593000609629
1,0.9010112738656424,-0.1548882263665787,-0.19130595287928806
1,0.8983246576940687,-0.1543245917009018,-0.19015031090942308
1,0.9016017808051475,-0.15490361202780287,-0.1927781827749807
1,0.9009707527953328,-0.15481964940460782,-0.1925187771398354
1,0.9024866303218999,-0.1550968943842074,-0.1905993203537509
1,0.9020619905629296,-0.1550059539727828,-0.19118649872658106
1,0.8980433647498475,-0.15429323101873038,-0.19062991816279512
1,0.9017213615299821,-0.15498285765097888,-0.192230154812505
1,0.9018376612987709,-0.15499795172760317,-0.19212192739856687
1,0.9035802643140947,-0.1553150360936158,-0.19055123141974148
1,0.9038360205992602,-0.15535865084785894,-0.19045166171409653
1,0.8965303632641659,-0.15406654836636752,-0.18998446150253395
1,0.8870626464696756,-0.15296718730852796,-0.15020268265674575
1,0.8892466397863179,-0.1533673914859019,-0.1508569996098864
1,0.890703785090621,-0.15362496365254813,-0.15035177556422027
1,0.8913985441270115,-0.15375613326936075,-0.14989809060810422
1,0.8850779647515918,-0.15273328500422628,-0.15033133949145203
1,0.8886231464635612,-0.1534016373742672,-0.1524491240478349
1,0.89005407636581,-0.15349474730719156,-0.1528417740561433
1,0.8915707894299247,-0.15376242104497156,-0.15222670578259095
1,0.8920630283326874,-0.1538016574071639,-0.15191579618772405
1,0.8837119676044777,-0.15242630184586287,-0.15268251651268142
1,0.8880526342802132,-0.15326617050549093,-0.15404228004726647
1,0.8898204219100633,-0.15341899662516018,-0.15474326066661706
1,0.8913848742594821,-0.15369667946596421,-0.15382238198694
1,0.8920170526807383,-0.15387576877605477,-0.15365497774132256
1,0.886423443173653,-0.152982524268756,-0.15506311199957223
1,0.8905080558737172,-0.1537604527854941,-0.15632455929903177
1,0.8906046428827856,-0.15368817028322218,-0.15645970580087248
1,0.8921013937524969,-0.15395576915219458,-0.15548123006176745
1,0.8921789865694858,-0.15397819838785975,-0.15546130092653712
1,0.8892191860409713,-0.15347684903687878,-0.1564860835220956
1,0.8921572434977326,-0.15401488826279117,-0.158183513383028
1,0.8922948898199388,-0.15395762717468545,-0.15840826290927212
1,0.8940076434436413,-0.15425419205473917,-0.15789441992221662
1,0.8938387833400845,-0.15421565321494818,-0.15792962138917105
1,0.8914833709732787,-0.1538119172431655,-0.15851889148664733
1,0.8912074358541657,-0.15371756381254478,-0.15876452539434588
1,0.8926709036082425,-0.1539775701837503,-0.1574728638939443
1,0.8921654378718539,-0.15384418457327007,-0.1577500654816595
1,0.889283160943556,-0.15332542091992926,-0.1560929321516307
1,0.8897402432372985,-0.15341915557082741,-0.15830233718146208
1,0.8913519055713096,-0.15369822786137896,-0.1575995386367788
1,0.8898366389306996,-0.15328975986417365,-0.15843870982066327
1,0.8865061236346021,-0.1528332240539258,-0.1565548517122072
1,0.8895221913712621,-0.15336962530761936,-0.15866248025538693
1,0.89006124558925,-0.1533082709417988,-0.16023772127151387
1,0.8917229244577465,-0.15359261836403937,-0.15961784597365788
1,0.8903790083037038,-0.153591230916083,-0.16253450004233863
1,0.8872324896983076,-0.15317766566551405,-0.15966499726169603
1,0.8862372469260059,-0.15288969477342873,-0.1618667791364789
1,0.8877949488589048,-0.15315745521268131,-0.16148597008912993
1,0.8868909514072332,-0.15297868926937067,-0.16251692166985265
1,0.8843648479670303,-0.15273297003612632,-0.1607156913712293
1,0.8874991546027412,-0.1532830894821946,-0.16272184823278238
1,0.8869272887314066,-0.15310181107235707,-0.16539519997610666
1,0.8884505555134037,-0.15336337693069488,-0.16496314491163622
1,0.8880683614117469,-0.15334677688684495,-0.16600003567558824
1,0.885936844576034,-0.15324961666983333,-0.1673382175749175
1,0.8890275132193547,-0.15380034338427626,-0.16869809141011133
1,0.8903629855595077,-0.15402578793773275,-0.1683054271742386
1,0.8900395582727642,-0.15390508108060105,-0.16860964983641447
1,0.8880840344091911,-0.1537033469665841,-0.16998945126313558
1,0.8914033981011219,-0.15430382531756073,-0.1712974293584885
1,0.8927063697538098,-0.15452964841084027,-0.1705197405816757
1,0.8926082262599372,-0.1544943266306623,-0.1707213896182937
1,0.8920429230011646,-0.1544265556714253,-0.17171581886187137
1,0.8933648372473368,-0.15464822705983314,-0.17147468546550707
1,0.8902214528780663,-0.1541039006574761,-0.17306654311076472
1,0.8889894468719313,-0.15388834948662286,-0.17480679398648533
1,0.8921701198017777,-0.15443616131052199,-0.17710186054625515
1,0.8891850222669728,-0.15404943859221232,-0.17708109860655377
1,0.8905238588020429,-0.1542734596291087,-0.1769218491138062
1,0.8891052615740291,-0.15392024670065507,-0.17710843879520347
1,0.8897112567361475,-0.15392589880756524,-0.17835754039825463
1,0.8929186369656837,-0.1544934780449922,-0.18001326601099782
1,0.8906925168069671,-0.15414614308177443,-0.1791770406530018
1,0.8918312575748358,-0.15434252280212926,-0.17849409305942676
1,0.8887782788003269,-0.15396500498981056,-0.18081011521305687
1,0.889717044672612,-0.15378372765167633,-0.18058014457957247
1,0.8876625258545565,-0.1534203987924158,-0.17944164824043723
1,0.8891407102526462,-0.15365689566868132,-0.17950645925404268
1,0.8876855751328377,-0.153523899038155,-0.18094444739747542
1,0.8891225289046348,-0.15359183549671415,-0.1812580775261572
1,0.8866468633924535,-0.1531607392751321,-0.17999249423383998
1,0.8881089332217784,-0.15339355176054287,-0.1801347121420281
1,0.8862584244324859,-0.15338450628772046,-0.18258722756751658
1,0.8874183857354614,-0.15333818413094136,-0.18241435088709948
1,0.890976242766975,-0.1539884796072674,-0.18369468759120064
1,0.8875914060530318,-0.15336362492268055,-0.18170991312442475
1,0.8890057604724998,-0.15359802166619982,-0.18125087395223521
1,0.8875477813001919,-0.15379690897031079,-0.18376468053992873
1,0.886045139982548,-0.15327697423427777,-0.18313608541899346
1,0.8893720260745205,-0.1538875789076562,-0.1844561280456043
1,0.8882296770040286,-0.1536221379561973,-0.1835494428310448
1,0.8896685893971386,-0.15386584635037354,-0.1829402802348582
1,0.8899354836997493,-0.15412329572661243,-0.18407135031988775
1,0.8872496901351413,-0.15353235403890975,-0.183532970893916
1,0.8905354262830985,-0.15412947564697674,-0.18518474136675867
1,0.8901723364664205,-0.1540108575282836,-0.1847122378453747
1,0.8914653939229327,-0.15423657577202174,-0.18370628251046048
1,0.8916164703932924,-0.1542224890143195,-0.18334172080118885
1,0.8953188991487935,-0.15489595104618714,-0.1851446551227422
1,0.8949510510855835,-0.15491203480357038,-0.18516518711762783
1,0.8924709069434302,-0.15440310224266904,-0.18406088864358658
1,0.8957112695569942,-0.15496170545888308,-0.18676739102159143
1,0.894903911319093,-0.15484400821389943,-0.1864677476236256
1,0.8964236202407492,-0.15511708288355933,-0.18465673441507255
1,0.8963233148406154,-0.1551431117787554,-0.18534353106797677
1,0.892958701306206,-0.1545626027614147,-0.18497405634285313
1,0.8965595887702466,-0.15522554748164147,-0.1866734816077732
1,0.8968549571478687,-0.15527757129606376,-0.18664074969277797
1,0.8985878241032654,-0.15558641080213664,-0.18515872327210703
1,0.8990219900232062,-0.15566310861686453,-0.18510495452181536
1,0.8942793514019233,-0.15491096916588953,-0.18507401129249687
1,0.8846354180208603,-0.15390872972012845,-0.14701472032227997
1,0.8862509806512908,-0.1541922636506999,-0.14756834594696827
1,0.887686839837672,-0.15443913667744724,-0.14711217998183718
1,0.8885468993992246,-0.15460093075019837,-0.14674411658258074
1,0.8812746032994446,-0.1533712199192857,-0.14724168474784782
1,0.88467104732497,-0.15399302382205785,-0.14935066477289893
1,0.8861426174957596,-0.154117566368382,-0.14987177438818342
1,0.8875886014832806,-0.1543658254616124,-0.14931339839015287
1,0.888148223851175,-0.1544358060144963,-0.14873798504219723
1,0.8806002170448487,-0.153190638128466,-0.14910809492461793
1,0.8847630444792428,-0.15397547338698098,-0.1504877285721877
1,0.8864546483333399,-0.15408605999679215,-0.15113002946554868
1,0.8879271153211882,-0.15434127964014244,-0.15027587603484957
1,0.8889172327198401,-0.1545743796098448,-0.15011137413548364
1,0.8843575092890761,-0.15389826378902277,-0.1514300077011053
1,0.8882621207924593,-0.1546220945376573,-0.152707132949198
1,0.8883682207907818,-0.15455935860542236,-0.15299802483855082
1,0.8897731309411409,-0.1548053361785069,-0.15205895707470968
1,0.8898309814524945,-0.154821916199242,-0.15204404324674822
1,0.8861136504355754,-0.1542357710201572,-0.15321965545401905
1,0.8890000695721085,-0.15474111687970923,-0.15494172719034394
1,0.8892465621160205,-0.15474509210103987,-0.15548068219949776
1,0.8908366048026021,-0.15501368883903846,-0.15499856165699444
1,0.8906913876739238,-0.15497795822110474,-0.15498927874088161
1,0.8873780744202651,-0.15444580020588553,-0.15602286548862768
1,0.8870138275246822,-0.15438825920020546,-0.1566617767325877
1,0.8883836643131467,-0.15463323706189003,-0.15544310679896917
1,0.8878847128800269,-0.15448718159844063,-0.15564905505115975
1,0.8853413984792533,-0.15411917961126018,-0.1552525490852783
1,0.8859656500774229,-0.1539622464494707,-0.1559786104143655
1,0.8874619856502024,-0.154214690362245,-0.1553073772735816
1,0.8857686304447351,-0.15397186161332885,-0.15719584987705668
1,0.8829331857360647,-0.15361138327791624,-0.15552148593572193
1,0.8858638848254184,-0.15411403630420065,-0.15759772140223868
1,0.886954524155649,-0.1543012878601237,-0.16047969340029294
1,0.8885130098883488,-0.1545643659739514,-0.1598730122515097
1,0.8868626743756628,-0.15431734495987526,-0.16188004563194164
1,0.8835352864844354,-0.15388235539296435,-0.15953813924219756
1,0.8830601088402239,-0.1535332897284627,-0.16114339512922501
1,0.8844936786568917,-0.1537743873881038,-0.16076542680976813
1,0.8837101809003703,-0.15380830487301683,-0.1630215323896029
1,0.8806376620790323,-0.1534909506109841,-0.16136144331853763
1,0.8837418973183656,-0.15401603804506206,-0.16335279902019303
1,0.8837238650396565,-0.153331763623982,-0.16315196068595553
1,0.885149923817392,-0.15357476133841774,-0.16273333320246836
1,0.8841922594936636,-0.1533624628983359,-0.1635634417833904
1,0.8821985299520199,-0.15331653668669856,-0.16414156377629613
1,0.8852484804591894,-0.15384310259344847,-0.1655214427875572
1,0.8864811225205703,-0.1540486240414009,-0.16515818605003488
1,0.8859441766160425,-0.1538553103905301,-0.1654913164002299
1,0.8841243990751622,-0.15370148235233688,-0.1666957514884751
1,0.887486135647326,-0.1542907017968847,-0.16806650484188826
1,0.8886698063963104,-0.15449382132818876,-0.1673381202884188
1,0.8884172500372154,-0.15441738714341743,-0.16763821533618906
1,0.8878705981721579,-0.15429824994750518,-0.1680566747015904
1,0.8891026300275225,-0.1544944822211652,-0.16780594274317753
1,0.8859671156900923,-0.15371255892605498,-0.16870270635918935
1,0.8842337227088505,-0.1534603467842688,-0.17069561092234395
1,0.8874483958011734,-0.15400096686111608,-0.17306771995322084
1,0.8855204096407171,-0.1534797220010323,-0.17190079573336747
1,0.8867942799185856,-0.15367891445811266,-0.17173168377120301
1,0.8855763114906013,-0.15346201747187055,-0.17190635333871562
1,0.8873370356109956,-0.15367630687484848,-0.17373600337371098
1,0.8906764984697293,-0.1542482281403931,-0.17551083548599158
1,0.8883862913854936,-0.15380746948578775,-0.17413647923951509
1,0.889420063264045,-0.15398124927924595,-0.17345614884167626
1,0.8875568384680663,-0.15374395634688523,-0.17451035419104868
1,0.8896184979232461,-0.15396235349564502,-0.17550299071176395
1,0.8873168400991366,-0.15360164812075405,-0.17423159807511118
1,0.888644597665439,-0.15381377470999572,-0.17434950828390358
1,0.8870970454626439,-0.15372821548396587,-0.1761591961247199
1,0.8881473060289953,-0.15370969819916222,-0.1761588956687994
1,0.8858813727432645,-0.15327472201835274,-0.17459652831741684
1,0.8872000979937474,-0.15347973864129258,-0.17478322071027239
1,0.8858865767759572,-0.15355000258657256,-0.1771771603044867
1,0.886619432766505,-0.15342405722074876,-0.17713703441558667
1,0.890304449567005,-0.1540667235140072,-0.17849233423874536
1,0.8882498273070366,-0.15353940462965346,-0.1764264752525065
1,0.8895004462396058,-0.15374097686265362,-0.17599736212116684
1,0.8891096035346356,-0.1540346329740844,-0.17814181723452907
1,0.8879282469175523,-0.1536090432676339,-0.1775943863460636
1,0.8913905671908174,-0.15421313417021995,-0.17898802779571243
1,0.8905397596749276,-0.15396742470354347,-0.17799608153312382
1,0.891802481911035,-0.15417330141001512,-0.17740622280100873
1,0.8916809284695326,-0.1543484913814884,-0.17863520609235745
1,0.8890519359032661,-0.15379270765027528,-0.1780676378638313
1,0.8926720648688318,-0.1544251609625391,-0.17975098397382103
1,0.8964558399453935,-0.15486567702540438,-0.17991405173977518
1,0.8976765768110351,-0.1550693313967746,-0.17917106727422863
1,0.898871905895124,-0.155137312514502,-0.17790415089043446
1,0.8897496173331145,-0.153410143591814,-0.17651429661633888
1,0.8923107456149629,-0.1538507832574847,-0.1771016369388763
1,0.8936633931977077,-0.15407934636664783,-0.17608430055155533
1,0.8950157805926509,-0.15425524403519816,-0.1751490420828293
1,0.886951011062483,-0.1527026468728145,-0.17334067990740848
1,0.8905358860711527,-0.15332833281578956,-0.17482275108314688
1,0.892618880245205,-0.15354556110152404,-0.17546933645361282
1,0.8938722556421281,-0.1537537398820193,-0.17494034301444766
1,0.8939092977122128,-0.15367125770670623,-0.17432759103789083
1,0.888674309451678,-0.15280481468504264,-0.17373203750941377
1,0.8929241003591175,-0.15357232260296952,-0.174557813581005
1,0.8930103054896189,-0.15362333770648984,-0.17451875065269604
1,0.8942700295011882,-0.15383413094948326,-0.17385121162057074
1,0.894705982111371,-0.15391519341501117,-0.17364726267238983
1,0.8884972457072857,-0.15281675358126753,-0.17280258105969407
1,0.8926386616791651,-0.15356128947141373,-0.1736434708911896
1,0.8928098402667136,-0.15356492640306785,-0.17373084178301132
1,0.8940781644669543,-0.1537840000274432,-0.17268044040908023
1,0.8941579961962365,-0.15380678542072013,-0.1726413195924192
1,0.8914588311419344,-0.15336574862998764,-0.17255992454395172
1,0.8945181125557495,-0.15389732411751822,-0.17389437144127146
1,0.8941889396002862,-0.15383418833032642,-0.17377308852503717
1,0.8953616568845328,-0.15403575678318362,-0.1726503254003327
1,0.895530287175998,-0.15407557928283586,-0.17244530640944958
1,0.8929949511638908,-0.1536653879919404,-0.17159554918433437
1,0.8925557943799481,-0.15355902987224745,-0.1718307859481409
1,0.8938637231358637,-0.15377732675358782,-0.17110492044251824
1,0.8923939982736305,-0.15336152239909928,-0.17151474773214165
1,0.8898424648896023,-0.15308307429006318,-0.16988669398268802
1,0.8928994310947308,-0.15361707253944473,-0.17147601431647166
1,0.8926612715036146,-0.15337794667345983,-0.17158571014084165
1,0.8940198432143113,-0.15360108414922538,-0.17104458347913912
1,0.8927541395930869,-0.1533304164145945,-0.17163508680323253
1,0.8892337981341631,-0.15285151951185705,-0.16850896508284577
1,0.8923473750328171,-0.1533916209377159,-0.1703953298528319
1,0.8923906160917077,-0.1531243167612623,-0.17088376478998413
1,0.8937871102130763,-0.15335269290090164,-0.1707997705436141
1,0.892007212131952,-0.15298567122797313,-0.17174965526091818
1,0.8902267090380034,-0.15306996785382873,-0.17090546553898645
1,0.8932879149501457,-0.15360519228142105,-0.17275846012618212
1,0.8933548561354997,-0.15315806245841457,-0.17283674225290419
1,0.8945238596780933,-0.15335109141142142,-0.17211480036471766
1,0.8927741028245041,-0.1529492433558885,-0.17289303277244147
1,0.8907669560642869,-0.15293338463688147,-0.1736678039527205
1,0.893803172502172,-0.15347008385381958,-0.17492458430751795
1,0.8927520437071896,-0.15311631846015314,-0.17500673097686958
1,0.8939197887334197,-0.1533051405831835,-0.1744102537174957
1,0.8941344193066868,-0.15342863125003578,-0.1746085406294326
1,0.8916832454566211,-0.15308113034264192,-0.1758899418677354
1,0.8951031132003532,-0.15368994042165104,-0.17711584112414175
1,0.8962482568522429,-0.15387395783323465,-0.17609326721007987
1,0.8963414136884132,-0.15389766903522217,-0.17616128658364105
1,0.8951793850802761,-0.153752825534821,-0.17704901587469765
1,0.8939118614381645,-0.1535816470663032,-0.17801094092297637
1,0.8931853890868026,-0.1535142229095112,-0.1792134921404265
1,0.8964682479840402,-0.15408144122628842,-0.18145894123013656
1,0.895549403234683,-0.15376847014762196,-0.18104810047518635
1,0.8962193557161461,-0.1538776372290215,-0.18098222602809708
1,0.8942119279843896,-0.15348882853808746,-0.1813214279655856
1,0.8945253411097015,-0.15351728395719605,-0.1830409502675707
1,0.897853523773401,-0.1541014109376553,-0.18464689561069444
1,0.8964349297112822,-0.1538031398252822,-0.183700703941723
1,0.8974520712709957,-0.1539761488355771,-0.18290448229084597
1,0.8940719074554007,-0.15354684218762044,-0.1847621410325231
1,0.8956558726405968,-0.15365635943800018,-0.18600450159609033
1,0.8922465655088975,-0.15321943624700377,-0.1845628266836956
1,0.8936071856756792,-0.15344572862435585,-0.18454676588530966
1,0.8901223045619145,-0.15321960673364288,-0.18723251186275763
1,0.8912469354392768,-0.15316810693084681,-0.18763375058097728
1,0.8895213585957492,-0.1527239598066839,-0.18620709921047554
1,0.8909528528442108,-0.1529636502251846,-0.18625568756780614
1,0.8887030909798541,-0.15283288211227625,-0.18853866787440782
1,0.8897808034940287,-0.15281339959138068,-0.18859342543236218
1,0.8875105252287494,-0.15231072297415263,-0.18682768753848936
1,0.8886906291937723,-0.1525136487700139,-0.185955897658907
1,0.8862204640576252,-0.1526477210626182,-0.18957673162542604
1,0.8857584802187869,-0.15222524835830073,-0.18914865846590692
1,0.8893251899203145,-0.1528766413884117,-0.19033682944384808
1,0.8883386109045014,-0.1524304427415388,-0.18884752738018382
1,0.889557281362944,-0.15264246330844916,-0.18796298202197984
1,0.8897317295753991,-0.15290979862766335,-0.1894146044981325
1,0.8875521430363181,-0.15236543880857317,-0.18875950955983406
1,0.8909707374009825,-0.15299079193538376,-0.19000402104585118
1,0.8902818044547135,-0.1528639093399885,-0.18927465822319878
1,0.89153262969266,-0.15308454894426177,-0.18824151976189832
1,0.8914970395417291,-0.15316894441280657,-0.18898936346329556
1,0.8888126582589478,-0.1526236351730352,-0.1885681351076787
1,0.8921044112479605,-0.15322330764253606,-0.1901318064993315
1,0.8927386058518268,-0.15344488849694768,-0.18998991717996416
1,0.8896409925171149,-0.15277228375080265,-0.18864807315624518
1,0.8931906591143859,-0.15342588818796574,-0.1903014072707199
1,0.8922812983911105,-0.15329087866559146,-0.18996270379770364
1,0.8938098466938537,-0.15356503275166797,-0.18875394045528948
1,0.8938331057826566,-0.15358347454448915,-0.18913538128532278
1,0.8905205690541287,-0.15298675682761836,-0.188747798638601
1,0.8941204434178435,-0.15366292993933603,-0.19012068074682148
1,0.8938359110571821,-0.15359421656758612,-0.18979163933422505
1,0.8954522654177194,-0.15388516215447237,-0.18841249847529723
1,0.8957403963505899,-0.15394589084929206,-0.18846140489624008
1,0.8894475857601866,-0.15284262084523167,-0.1880512967345665
1,0.8930307917484693,-0.15351227163773687,-0.18970462154928078
1,0.8944826066044536,-0.15382681890811076,-0.19014242969138298
1,0.8962178553740704,-0.1541416031365525,-0.18902301442073524
1,0.897111002168784,-0.15431118874260014,-0.18873665413760918
1,0.8892069368708528,-0.15284763156471723,-0.18796383206584533
1,0.8904861063112391,-0.15315118720262896,-0.18826555337507553
1,0.89235634369122,-0.15349180422902692,-0.18688677024540212
1,0.8931794883790763,-0.15363239736202872,-0.18624687083997982
1,0.8867451188465356,-0.15238744666896656,-0.18464880786808796
1,0.8911493191067948,-0.1532462747105327,-0.1854027892845232
1,0.8934583769332282,-0.15360102559179103,-0.1863007470062576
1,0.8951664643997701,-0.15391335730790326,-0.18555330814263357
1,0.8954420725817277,-0.15393276135130352,-0.18537893936031788
1,0.8886071425569266,-0.15271300701085835,-0.18491826774385853
1,0.8927377537095258,-0.15351530039952282,-0.18564357426110448
1,0.8922488107360346,-0.15348193950929878,-0.1854439139665541
1,0.8939669378191347,-0.15379696663271394,-0.18456242495412142
1,0.89431268569804,-0.15386984852691282,-0.1844131465548558
1,0.8897669264397752,-0.15302212278877886,-0.18397291209721175
1,0.8898927173284076,-0.1530385540956111,-0.18416928641872016
1,0.8916144713296114,-0.15335737792015072,-0.18290250037017527
1,0.8921513551449093,-0.15349606287797302,-0.18268776797992534
1,0.8892799370851808,-0.1529521705513903,-0.18237035152407327
1,0.8923228583004141,-0.15351917306445162,-0.18355635044178237
1,0.8917102200412389,-0.15340552105345623,-0.1834202702332637
1,0.8935638125593157,-0.1537440977778195,-0.18307807825713326
1,0.8934549595951874,-0.1537168471517089,-0.183127617067604
1,0.8898934629484236,-0.1530486790677806,-0.18205915761258895
1,0.8897424390725716,-0.15304539886232443,-0.18273703889811357
1,0.8913819273113739,-0.15335340129297717,-0.18110104049825695
1,0.8902243320520784,-0.15316301227140505,-0.18235042684552386
1,0.8863780843269018,-0.15245979205080165,-0.17950382707931153
1,0.8894054314547328,-0.15301557788338024,-0.1809108889518647
1,0.889376017164471,-0.15284127076305548,-0.18142142995897576
1,0.8911890611925493,-0.15317808016798065,-0.18058210886842957
1,0.8904866322125315,-0.15314050656758205,-0.18196855622399244
1,0.8867323046562168,-0.15257486909854032,-0.17842474718948398
1,0.8898017019680093,-0.15313192242873272,-0.18012116252387272
1,0.8899717366475094,-0.15283312323070591,-0.18071268803299104
1,0.8917759361312153,-0.15316576354076755,-0.1805247488923161
1,0.8902339143918369,-0.15288110838395008,-0.18196913484963062
1,0.8872042063216272,-0.15256616312597612,-0.17966751546264964
1,0.890285307199714,-0.15312520105827254,-0.18135597183130617
1,0.890447566319071,-0.1527636920389977,-0.18194412257076226
1,0.8921241110606236,-0.15307807962889908,-0.18144683692341335
1,0.8901246993280807,-0.15268194104549945,-0.1829996901840167
1,0.8868463806204094,-0.1524580726771285,-0.18365787911655237
1,0.8898397974762079,-0.15301483733906357,-0.18472505444225965
1,0.8892560881180097,-0.15261506772930403,-0.1841270126240443
1,0.8907986436990107,-0.15290816863983403,-0.18351885149966835
1,0.8912810255633602,-0.153100461313337,-0.18407692093061917
1,0.8882487777699434,-0.15272806405314418,-0.18595764697472278
1,0.8916376233641273,-0.15336314052654731,-0.18699967942908183
1,0.8931611257196087,-0.15366046299687575,-0.1860167908470187
1,0.8918468438484156,-0.15329225010134356,-0.18643382186520205
1,0.8901318901747676,-0.15292621345100058,-0.18755829942397473
1,0.8895994703475338,-0.15278213974409846,-0.187780169046294
1,0.8887235803697133,-0.152565519036457,-0.188542265273527
1,0.8920008982814408,-0.15315508711733625,-0.19065848902777502
1,0.8905186796635549,-0.15290609475200045,-0.19072970518437687
1,0.8923234917063563,-0.15323583725922676,-0.19043264504738908
1,0.8905681898885951,-0.1529147293363995,-0.1910054915365347
1,0.8910648184943089,-0.15302477220288552,-0.19319739179234746
1,0.894335322934899,-0.1536283006487381,-0.19464731146940537
1,0.8926670999055553,-0.1532948290620175,-0.19370298025700597
1,0.8941359455558219,-0.1535712707756641,-0.1930057140547198
1,0.8920428627719781,-0.15316788142089846,-0.19428924480036092
1,0.8941192034046125,-0.1534221029710704,-0.19561213391507815
1,0.8913351018021808,-0.15298087619259937,-0.1944052583669545
1,0.8929864830657518,-0.1532859696870533,-0.1942944961831887
1,0.8908036416445527,-0.15300941117624736,-0.19617327629929857
1,0.8931646388525205,-0.15325907449524417,-0.19699201014668277
1,0.8898866907439951,-0.15270461193531443,-0.19505948347931718
1,0.891445641984115,-0.15299227845082278,-0.19463921434864118
1,0.8901310970069046,-0.15285511652533182,-0.19593293744187262
1,0.8926286092354287,-0.1531796827006065,-0.19654193294531624
1,0.8896017868938825,-0.15263898549498853,-0.19453228939404701
1,0.8911188906524041,-0.15291582063037723,-0.1943328815580939
1,0.8900649262821244,-0.1529863527926729,-0.1964728321956264
1,0.8907439230999881,-0.15290548684817423,-0.1961338321520483
1,0.8943616678375313,-0.1536058677929841,-0.1972390211254278
1,0.8931417287319712,-0.1532481489495313,-0.1960193705140316
1,0.8943647463155179,-0.15347511741359485,-0.19502909078388367
1,0.8938198781605547,-0.15375482111270353,-0.19755421861508152
1,0.8915539024756693,-0.15315067065863894,-0.19683467249409353
1,0.8948560893341025,-0.15379029707357575,-0.19793121727752785
1,0.8941361633854814,-0.15360361838556136,-0.19718501845697545
1,0.8954136287434431,-0.15384241254065642,-0.19604093990868576
1,0.8957387034116738,-0.1540439655853284,-0.19687602874931764
1,0.8927789738824023,-0.1534088785426915,-0.19643347246374682
1,0.8960242658052665,-0.1540313122712475,-0.19786852289035267
1,0.8965711373450524,-0.15422282564912493,-0.1977512993532201
1,0.8930095969865114,-0.1534127635741516,-0.19620648295606338
1,0.8965637809937762,-0.15409851437955063,-0.19774064291665466
1,0.8956582022292738,-0.1539626280943862,-0.1974081633259063
1,0.8972285525703096,-0.15425966583162673,-0.19607368495183655
1,0.8973472057089074,-0.15431196167136038,-0.19651004184308796
1,0.8939729503408498,-0.15368000302745347,-0.19610336337316392
1,0.8975019876272674,-0.1543756905256477,-0.19733180151718155
1,0.8971761983322162,-0.15431344856229035,-0.19702527525805638
1,0.8988393533599455,-0.1546292643591646,-0.19552589730218442
1,0.8991599209622136,-0.15468536630162366,-0.1956033988741748
1,0.8948402353250796,-0.15392522446381068,-0.19520535125908756
1,0.898277179459252,-0.15459721724702302,-0.19667961969329115
1,0.8994778512577657,-0.15486402758861828,-0.19717769497012907
1,0.9011802464761168,-0.15519016150670742,-0.19598958346907008
1,0.901743951571827,-0.1552908857078316,-0.1956332956793618
1,0.8952559887240494,-0.1540430860458502,-0.195044172843374
1,0.8962011969755576,-0.1542947010129427,-0.19535518357130946
1,0.8980299354485566,-0.15464706441543385,-0.19392668332943247
1,0.8988028200691914,-0.1547850904438592,-0.19324190768871347
1,0.8927500155882917,-0.15353536031678977,-0.19163705965377006
1,0.8969354273819506,-0.15439394852679866,-0.19222927841329718
1,0.8991190217292963,-0.15472092807986917,-0.19309468687845363
1,0.9007504788501367,-0.1550360734002313,-0.19228053027824954
1,0.9009676072873096,-0.1550366508776659,-0.19205302331920437
1,0.896441765590881,-0.1542336672007297,-0.19154618208975152
1,0.9004479259211132,-0.15505224292741324,-0.19214208115559003
1,0.8999592200235426,-0.15501020793247153,-0.19192703379103734
1,0.9016116561019956,-0.15532899783113963,-0.19095912796115866
1,0.9019197021361838,-0.15539398855621697,-0.19076238438403587
1,0.8972106419761959,-0.15447352437167208,-0.19006871876957024
1,0.8968375829155496,-0.1543871101196034,-0.1899881908516205
1,0.8985219048672063,-0.15471160803582554,-0.1886078424715291
1,0.8990853121360853,-0.15485144491940112,-0.1883627896326019
1,0.8963081923197099,-0.1543032657609217,-0.18790212509716397
1,0.8993294651513548,-0.1548964009516626,-0.18902712340748878
1,0.8983706827750862,-0.15471011081061636,-0.18873266480714948
1,0.9002099374708139,-0.1550636557967899,-0.18831348669033335
1,0.8999591309632182,-0.15500834131710425,-0.18844570303236488
1,0.8977852501321272,-0.15459080258968155,-0.18795085262594313
1,0.8976453041887379,-0.15454515060888108,-0.18829907109805685
1,0.8992068828470253,-0.15484657165548965,-0.1865916889248779
1,0.8980321985773106,-0.15458446683692298,-0.18736842228698697
1,0.894755437758538,-0.1540344498911622,-0.1857511312106999
1,0.8977329030177404,-0.1546142381363326,-0.18709662049003856
1,0.8979243028547116,-0.15465992684095525,-0.18866917321124166
1,0.899674786425498,-0.15499662798415847,-0.1877382868534585
1,0.8991930368887553,-0.15513832625474644,-0.1900068615749394
1,0.896386355467175,-0.15468693690630303,-0.18755614521435893
1,0.899355631248876,-0.1552581693060089,-0.18915607909572552
1,0.8996662461896779,-0.1550571271900537,-0.19026679401005
1,0.9013932150924456,-0.15539246191513273,-0.1899831653625976
1,0.8994828338584604,-0.15492949219018226,-0.19092664663305015
1,0.8964304644982695,-0.15462468650500955,-0.18986998122440465
1,0.8994061729470054,-0.15519747407030748,-0.19145484243136293
1,0.8995084441647936,-0.1548619963791101,-0.19282516419195456
1,0.9010642752882362,-0.15516426653783452,-0.19220593324402718
1,0.8989291780037992,-0.15475979107727633,-0.19432497112707187
1,0.8962229744606168,-0.15462684763588155,-0.19496268889095497
1,0.8990699305789961,-0.15519015003400377,-0.19588948620794952
1,0.8985277625308702,-0.1547931635135959,-0.19534657334471173
1,0.8999860429173128,-0.15507739822136052,-0.1945897367998987
1,0.9005527842244974,-0.15529590391429668,-0.19535091914767388
1,0.8977234873438551,-0.15493221272936367,-0.19660861079698472
1,0.9009919642515039,-0.15558405570192,-0.1975247956061376
1,0.9023983558328238,-0.1558655186522395,-0.19644176957869772
1,0.9008010562476951,-0.15541904182775138,-0.196897796505156
1,0.8989212233241591,-0.15514802208242437,-0.1983305669901343
1,0.8982531150142787,-0.15498996226118,-0.1985925879454898
1,0.8973483867577678,-0.15484054853359666,-0.19938393140838348
1,0.900496690724212,-0.15544121490826052,-0.2013652241283083
1,0.8988905302687014,-0.1550045685471415,-0.20100891916076363
1,0.9006419664360088,-0.155348861830112,-0.2006421480219248
1,0.8989056309341833,-0.15498503558802956,-0.2011174678954571
1,0.8982157166073005,-0.15479675867513312,-0.20248973068393467
1,0.9013985845082644,-0.15542101887850415,-0.20383492463657576
1,0.8996517661998709,-0.15502976775930055,-0.20274330006650296
1,0.9010871325153499,-0.15531213832438276,-0.20195644163157636
1,0.8985958757256014,-0.1549283034058575,-0.20353068134035157
1,0.8993688533144955,-0.15494960916547718,-0.20435882627441937
1,0.8967997566727258,-0.15446956109024576,-0.2032981660177908
1,0.8984171095325855,-0.15478633115803622,-0.2031225492552947
1,0.8960280599099042,-0.15452581470828064,-0.20527443648921118
1,0.901961980350576,-0.15559312134276326,-0.2049622697567883
1,0.9050876562742898,-0.15620742345761982,-0.20617934795738535
1,0.9019247537776636,-0.15545972485079101,-0.20379616404887346
1,0.9030448600235238,-0.15567691422131805,-0.20268825733051402
1,0.901773734478729,-0.1560195610997037,-0.20668835272115726
1,0.8996262280037398,-0.15504270310591922,-0.20477936654907952
1,0.9029574577011134,-0.15570419505243047,-0.20601357310836518
1,0.9021243872001105,-0.15545243496534777,-0.20512126760544916
1,0.9002742498990135,-0.1549387365156278,-0.2041457303012772
1,0.9032370403061293,-0.1554988887452447,-0.20621297844685
1,0.9019133039656783,-0.1552893092702064,-0.20562730320330058
1,0.9032832849523685,-0.15555583885736457,-0.20390009206000387
1,0.903048028527599,-0.1556334110029919,-0.20519294362156587
1,0.8990907484635431,-0.15477869263894015,-0.2043615081287206
1,0.9023646280376999,-0.15544071717313246,-0.20555281584078028
1,0.9026758050153645,-0.15544961939895452,-0.20540142616141396
1,0.9042600601074907,-0.15575982309818934,-0.2039419343171048
1,0.9048008730109235,-0.1558429841448908,-0.2038070618863068
1,0.8976091686007694,-0.15439688939579524,-0.2030133034510176
1,0.887825743843632,-0.15318312740675136,-0.16858299093598095
1,0.889612476332643,-0.15351041854905614,-0.16908273380046165
1,0.8909549346492575,-0.15376995563593188,-0.16846080184008638
1,0.891986756614749,-0.153970940752895,-0.16790358189610216
1,0.883629213348685,-0.1523283439047738,-0.16738832112226834
1,0.8868922271726665,-0.15298627565580925,-0.16898321759731613
1,0.8884475297143066,-0.15320537314379973,-0.1695595373127644
1,0.8898027246389323,-0.15346512991379532,-0.16917234349706278
1,0.890009128947467,-0.15344935165511675,-0.16860887224427348
1,0.8843624082743596,-0.15243537664113688,-0.16857557028558864
1,0.8883388781102401,-0.15326284413754748,-0.16952723384356433
1,0.8897350401439396,-0.15342193326616657,-0.170080740912959
1,0.8911953412805789,-0.15370055826270956,-0.1690722283240045
1,0.8918354400681495,-0.15389478014126406,-0.1688482111922406
1,0.8879773873898241,-0.15320394102931947,-0.16922002345586862
1,0.8917021774038737,-0.15397135359049025,-0.17012877096745907
1,0.8914056621094475,-0.15387302447901258,-0.17023964807837857
1,0.8928089958685994,-0.15413908928389805,-0.16915508772939075
1,0.8928099762842522,-0.154141746501969,-0.16919770319348185
1,0.8898201313574494,-0.15358755757138476,-0.1695753743442899
1,0.8926108456376637,-0.15413314121473456,-0.17096153323206156
1,0.8926615219707386,-0.15408708434845442,-0.17101206023693974
1,0.8942540179836914,-0.15438486269609708,-0.170376036602456
1,0.8942036632921916,-0.15437380888890248,-0.17046373217596797
1,0.8917989676633574,-0.15392524281219497,-0.17058548480021576
1,0.8911855433450847,-0.15380861530947215,-0.1709756751560671
1,0.8925943106160978,-0.15407138997265044,-0.16959074722717687
1,0.8923063256820872,-0.15405837644377843,-0.17039377719505955
1,0.8890255795054364,-0.15340462885766723,-0.16814976978827137
1,0.8896537111506108,-0.15356364857072713,-0.17041179758845154
1,0.8912407288392261,-0.15385875213596556,-0.17025183939759
1,0.8908967146199609,-0.1538938248953273,-0.17204836434939266
1,0.8875576501460857,-0.15326269010503427,-0.16891998312682396
1,0.8904591784349682,-0.15380468967420005,-0.17074421497925546
1,0.8908273138211219,-0.15362703977460535,-0.1714143175275262
1,0.8923598336606349,-0.153914821911588,-0.17069785831823298
1,0.8905100126937556,-0.15340971059206673,-0.17129729251709755
1,0.8880342361002482,-0.15309152786390953,-0.16869554494389422
1,0.8869780721253124,-0.1524860998362754,-0.16906807923293768
1,0.888406677024723,-0.152750181223925,-0.1685759836312919
1,0.8876069510365879,-0.1526360538640652,-0.17010549131595243
1,0.885580939824201,-0.15243947616304906,-0.1682288463147532
1,0.8887083357537046,-0.15301691838928824,-0.1700834896347791
1,0.8881939631413334,-0.15258115528088176,-0.17114925650644225
1,0.8897650154604053,-0.15286557633600267,-0.171223553530888
1,0.8891834388598833,-0.15280379179057435,-0.17254655923299614
1,0.8876520422485369,-0.15273332431381131,-0.17348883447559146
1,0.8907364760627238,-0.1533102244921533,-0.17472568624686183
1,0.8919436871916526,-0.15352965059556953,-0.17424019897842002
1,0.8915393786957408,-0.1534370215736818,-0.17489374000644212
1,0.8900388490199473,-0.15324441741595515,-0.17581023487897587
1,0.8934130496483534,-0.1538833167501467,-0.17703111129223753
1,0.8946232158460939,-0.15410576013258848,-0.17615162223881695
1,0.8945047678112381,-0.1540913806135063,-0.17656551455125455
1,0.894052391980379,-0.15403138870543115,-0.1772631399666553
1,0.8952740173732541,-0.15425478690848632,-0.17692779661252298
1,0.8915640604234446,-0.153567133848783,-0.17875192493818137
1,0.8907013300922382,-0.15347348573110314,-0.1807131693622422
1,0.8938690175487679,-0.15404785208488922,-0.18288502101528467
1,0.8921437596204399,-0.15349501446358024,-0.18183480308987637
1,0.8933901837307864,-0.15372739700031202,-0.18115495154640804
1,0.8914917035506449,-0.15334296299111447,-0.18151476688096052
1,0.8925419149892709,-0.15346014413665157,-0.183006304478769
1,0.8958004709618276,-0.154062330155649,-0.18459025305315546
1,0.8932581646638968,-0.153648058131752,-0.1835553012933824
1,0.8943544436941743,-0.15385410816262876,-0.1828080149099099
1,0.8917379584908028,-0.15357711660682707,-0.18501800769412038
1,0.8926647042279304,-0.1535188407761939,-0.18595474066683765
1,0.8896042177798096,-0.15300494970125014,-0.18432136369942975
1,0.8909987204864803,-0.1532585737353953,-0.1843336650111715
1,0.8897939768671889,-0.1531027534876422,-0.1856344173436392
1,0.8910478031544079,-0.1531896345384502,-0.18572014383394544
1,0.8893716881852104,-0.15281452323509787,-0.18452800092951147
1,0.8907306093823215,-0.15305766853572197,-0.18461014217045538
1,0.8890895012825117,-0.15304185989640645,-0.1868921601681311
1,0.890228725539245,-0.1530255672706324,-0.18701735044881948
1,0.893685462881507,-0.15368144362096378,-0.18817393076520916
1,0.890698241013351,-0.15307046501183486,-0.1860426507842339
1,0.89197944349706,-0.15330389861220167,-0.18554420063027585
1,0.8917120500017586,-0.15354076457163413,-0.18763674515278544
1,0.8905971987703039,-0.15316346212066637,-0.18695769615624225
1,0.8938737035373074,-0.15378510582658333,-0.1881693479414972
1,0.8924988101945273,-0.1535026929750755,-0.18718413234494594
1,0.8936381712939361,-0.1537145488112423,-0.18621436773682173
1,0.8936908161863374,-0.15388165317222655,-0.18733711776300366
1,0.8906998073308404,-0.15321762265767067,-0.18677563873374672
1,0.8938861597658022,-0.15381732470890308,-0.18830033590250797
1,0.8934100314306158,-0.1536931685289405,-0.18783758693906297
1,0.8932628272553047,-0.15366307107952984,-0.18756506721392557
1,0.8968416480613887,-0.15433773692063615,-0.18921310137788758
1,0.8966029604778636,-0.15434776654566523,-0.18925950375131662
1,0.8940993572877702,-0.1538291806570054,-0.18812042777305532
1,0.8972740852025232,-0.15439997109794473,-0.19067405415684174
1,0.8964169100404229,-0.15425869323616126,-0.19033052695422825
1,0.8978764904375054,-0.15453360425262266,-0.18850575934399674
1,0.8977807928810279,-0.15454112583490737,-0.18912597209054413
1,0.8954938509569298,-0.1541638722975188,-0.18894018848977462
1,0.8990005601223904,-0.15483169781291176,-0.19050483343495916
1,0.8991685064219136,-0.15485508955846894,-0.19042922644693508
1,0.9008324728395253,-0.1551679918398302,-0.1889273822319325
1,0.901296938505319,-0.1552404769473045,-0.18891365763294324
1,0.8936270832597791,-0.15383767556238068,-0.18822208975008511
1,0.883013355305682,-0.1525238209733468,-0.15090543012673927
1,0.8844408346780684,-0.15277098415531248,-0.151461007583521
1,0.8858020205536501,-0.15301892993121594,-0.15094886649812309
1,0.8864731158667587,-0.1531499599749063,-0.15046261098557442
1,0.8817051959882477,-0.15240094531672257,-0.1510772842556278
1,0.8850979123113287,-0.1530421884030174,-0.15309347208795143
1,0.8864342981328418,-0.15315268128915444,-0.15350603016993114
1,0.8878399790840211,-0.15340850861337993,-0.15289352312923338
1,0.8882348896718246,-0.15345649110778678,-0.15237808593466753
1,0.8812825607096665,-0.15224538878597624,-0.15254222268410783
1,0.8853875395895707,-0.1530414092160481,-0.15382596181596603
1,0.8872423589312827,-0.15323719324303978,-0.15465453512001823
1,0.8886970126416881,-0.1535028499957385,-0.15375849292374016
1,0.8893230464218039,-0.1536610196135681,-0.15355754096112245
1,0.886050266898891,-0.1531732967748103,-0.1546747416313216
1,0.8899144785120188,-0.1539129752785644,-0.15588566620197658
1,0.890044420056254,-0.1538441130683716,-0.15598978837521876
1,0.8914383258334836,-0.1540975581060139,-0.1550128520686722
1,0.8914545513722513,-0.15410128666495257,-0.15500743828990657
1,0.8871332374962122,-0.15336429873403803,-0.1560212747025229
1,0.8900506536336354,-0.1538963261570812,-0.15772009844009485
1,0.890367850024283,-0.15392151402203114,-0.1582315106772703
1,0.8919652236668462,-0.15420616340208124,-0.15772081354401654
1,0.8918225088820897,-0.15417199997042927,-0.15770204429528195
1,0.8891861792262664,-0.1537169192218091,-0.15824824645080518
1,0.8889822031491385,-0.15362737303906218,-0.15845070845090922
1,0.8904029308166147,-0.15388691155318535,-0.15716320239829906
1,0.8898950634476098,-0.15375362350529673,-0.15735196280976146
1,0.8865513513638422,-0.15315692589376972,-0.1554513334187173
1,0.8874518081577325,-0.1533858306361995,-0.157991875160192
1,0.8889835937303309,-0.1536581058595925,-0.15730916045503776
1,0.8874807184403045,-0.15325231246817475,-0.15789678354247383
1,0.8850956685412797,-0.15308339456695014,-0.1565206794352914
1,0.8880626200999833,-0.15360960182703443,-0.15860070801126022
1,0.888869364172621,-0.15370711016608365,-0.16083045085631104
1,0.8904800064043715,-0.1539893061977202,-0.16021745492943695
1,0.8885539337435241,-0.15345043314717108,-0.16051496121738276
1,0.8865880887214331,-0.15336593463722162,-0.15874809759945405
1,0.8860427072397524,-0.15287215848130178,-0.1589402039961805
1,0.8875193007011858,-0.15312598163776706,-0.15856876632647618
1,0.8867836675686331,-0.153164701626281,-0.16080572507554416
1,0.8843061544289816,-0.15289240854843,-0.15864040841334953
1,0.8874413061223488,-0.15344403583717764,-0.16069894557412204
1,0.8875349740314776,-0.1529426934000552,-0.16059584506766006
1,0.8890031186806083,-0.15319533508983912,-0.16018908917690308
1,0.8880383525419151,-0.15300906851221543,-0.16096101107460933
1,0.8859373242013711,-0.1528365917918736,-0.16184061178933085
1,0.8890582616196911,-0.1533895432679359,-0.16328238930145333
1,0.890335218044439,-0.15360579925310816,-0.16292286352859614
1,0.8898155583355393,-0.15347940056729312,-0.16361817668310843
1,0.887895270638254,-0.15328023466259158,-0.16503721771858773
1,0.8912563103534842,-0.1538821041629358,-0.16642328484371705
1,0.8924990305160126,-0.15409805419890427,-0.16568798558156447
1,0.892308416031275,-0.15403845493622392,-0.1659487275692737
1,0.8917421478256856,-0.15390916924635906,-0.16660007384339293
1,0.8929870496142212,-0.15411571541550256,-0.16637106270244914
1,0.889354718240872,-0.15352414093706948,-0.16840735111099756
1,0.8882377934167843,-0.1533987588687245,-0.17070373022146001
1,0.8914297764091742,-0.1539524857313409,-0.17305515288356885
1,0.8899452234876029,-0.15350244069984534,-0.17214943104403904
1,0.8912357892865089,-0.15371903105601006,-0.1720066269122217
1,0.8903385713577573,-0.15351687692183857,-0.1722648268700173
1,0.8912615670118116,-0.15353273334459147,-0.173020269618436
1,0.8945271894563442,-0.15410574943878774,-0.17476106611395736
1,0.891171686174317,-0.15371225255586177,-0.17401707724950888
1,0.8921993370200055,-0.15388387848101479,-0.1733427390944052
1,0.8900415785199872,-0.15358743658659918,-0.17438836696656976
1,0.8930502401181426,-0.1539909750987115,-0.1759599760673577
1,0.8896570974722223,-0.1535431609681038,-0.17468159909962647
1,0.890935408176582,-0.15375278570855155,-0.1748020941509798
1,0.8895429213177308,-0.15356471702892774,-0.17639345262944336
1,0.8915225430633517,-0.15377738684416142,-0.176661223012329
1,0.889800395299508,-0.15339889885503366,-0.17526015677431978
1,0.8910926824062892,-0.15360742867590976,-0.17543781204041572
1,0.8897449658095153,-0.1535897978520092,-0.17785489878606853
1,0.8912978557954765,-0.1536891341189749,-0.17764600008712167
1,0.8949216660085015,-0.1543361449662918,-0.17898501605415099
1,0.8919481646989124,-0.15376801267067858,-0.1769378926530915
1,0.8931546875521134,-0.15396591281134325,-0.17651248701726904
1,0.8921394711778409,-0.15415776021865146,-0.17893920307030017
1,0.8908355057547847,-0.15371550196244105,-0.17839566292057216
1,0.8942560677157063,-0.15432739010699634,-0.17978263182463505
1,0.8928452004002781,-0.1540292628756985,-0.1786965320032043
1,0.8941312305449295,-0.15424387250362823,-0.17808622922793166
1,0.8940764433208827,-0.15441777226404882,-0.17931560394909765
1,0.8910251873585299,-0.15376725299685276,-0.1788279330490546
1,0.8943159576577695,-0.15435375408694949,-0.18052199007386313
1,0.8939349147657364,-0.15421866123634326,-0.18004867403953503
1,0.8950546184678273,-0.15440908847862198,-0.17906938083758145
1,0.8956573651321036,-0.154516780224726,-0.1786986185433721
1,0.8994395895791845,-0.15519093780803825,-0.18059092595609538
1,0.8991014680134594,-0.1552132628161736,-0.18064208054813893
1,0.9004094176525661,-0.15543969552670742,-0.17952561802986203
1,0.9009641007080165,-0.1556070205782618,-0.18006391423950754
1,0.8970475989547287,-0.15490857433017063,-0.17957200039819063
1,0.9007836330664017,-0.15558467004103646,-0.1811352845460291
1,0.9005315598228202,-0.15553252169986354,-0.18083320174049214
1,0.9019515172186274,-0.15577965915551173,-0.17954456725525608
1,0.9022331719607947,-0.1558271020491693,-0.17963359196936976
1,0.8962008971340738,-0.1547775387009747,-0.1790835975547647
1,0.8998831620015203,-0.15544070138963967,-0.18090876692791347
1,0.9013800461349228,-0.1557317897531726,-0.18139853138871895
1,0.9028711590004281,-0.1559913157085361,-0.180406516917303
1,0.9034107613144756,-0.15606518453621493,-0.1799535734887515
1,0.8971245294528952,-0.15496034317755428,-0.17949130716930076
1,0.8982947308555591,-0.15522523866493496,-0.17979494474564744
1,0.8999368798156673,-0.1555135474648378,-0.17850767294249595
1,0.9011636946541487,-0.1557269403580732,-0.1779989658406397
1,0.8947174763501012,-0.15453665730547134,-0.1768821215415803
1,0.899124174020687,-0.15535808647071062,-0.17777099569908486
1,0.9015988520022048,-0.15570936851317266,-0.17876524911895655
1,0.9030481563999015,-0.15596391026551157,-0.17813543128081694
1,0.9034569220616754,-0.15600911995876215,-0.17801959211591203
1,0.8977569954990713,-0.15504174826116104,-0.1778516442765454
1,0.9019207441936956,-0.1558140857307219,-0.17871484626700251
1,0.9013778557966775,-0.1557351320682987,-0.17835823712644458
1,0.9028543572139527,-0.15599594991496007,-0.17756991588591062
1,0.9031715201814786,-0.1560524759360787,-0.17737288924724773
1,0.8982311225699707,-0.15519086585213654,-0.1771946362308581
1,0.8982267793985023,-0.155161317533522,-0.17725870967903087
1,0.8997574350360412,-0.15543279327792223,-0.17605120335086413
1,0.9003499517505986,-0.15557005342750735,-0.17580780737786186
1,0.8977259158705162,-0.15511682266483479,-0.17582963085383752
1,0.9008465734721263,-0.1556811699180805,-0.17718698979903916
1,0.9001658590673517,-0.15554725607609488,-0.17695875787473192
1,0.9018735578076457,-0.1558446240507853,-0.1766913627105638
1,0.9016920919376019,-0.15580380043903688,-0.17678928333299837
1,0.8991473686222754,-0.15535296897473538,-0.17655327952626015
1,0.8990744381530268,-0.1553148776254515,-0.17709392493275966
1,0.9005137673287305,-0.15557050517230372,-0.17547409791589122
1,0.8991472547316761,-0.1552749310390856,-0.17643907059613903
1,0.896007173746462,-0.15477785348392356,-0.17521760049965548
1,0.8962589238923954,-0.1547795142140681,-0.17625036807547315
1,0.8979281448633164,-0.15506985531293485,-0.1759556237676917
1,0.8976611343573436,-0.15520095511286322,-0.1783429532469755
1,0.8944613796848503,-0.15465413842615502,-0.17523218792544634
1,0.8976243794055137,-0.1552213380023776,-0.1770569600685831
1,0.8996535409425599,-0.15544202878085006,-0.18003291453033193
1,0.9012248267628838,-0.15572273161475028,-0.17916918938807622
1,0.8991774201555933,-0.15528996555743166,-0.18067482502895651
1,0.8968032578044535,-0.15497541392658545,-0.17798018791093678
1,0.897035793447556,-0.154748625813873,-0.1790516397180273
1,0.8985182109741982,-0.15501397297402428,-0.17843439571107544
1,0.8962091778852654,-0.1546931976612169,-0.18104962129845317
1,0.8937718232275869,-0.1544365082301292,-0.17934662772010893
1,0.8969121059283485,-0.1550085007854904,-0.18054267618475525
1,0.896642783207205,-0.1546697068485206,-0.18085549710492502
1,0.8983210753745314,-0.15496916034190036,-0.18084698123226847
1,0.899323465769663,-0.1554022224798577,-0.18235962079977938
1,0.8967624799084042,-0.1551012326144767,-0.18223086332769634
1,0.8980298495977028,-0.15533728234481073,-0.181720136777608
1,0.8972605490612374,-0.155104906306204,-0.18203258176319598
1,0.8954514519288613,-0.154879979096767,-0.18292133168379404
1,0.8990879230422866,-0.15555265936956855,-0.18413443112353906
1,0.8890916011602081,-0.15265324549417314,-0.17405780170121796
1,0.8901890702219786,-0.15285657418315277,-0.17338458165109463
1,0.8829779786249937,-0.15248349454624657,-0.17924546028472804
1,0.889646663365528,-0.15314658397102865,-0.178854137884607
1,0.8932422397632098,-0.15380379839805372,-0.18011038425096515
1,0.8900339080154956,-0.152965171712984,-0.17728247382838921
1,0.8912705916745309,-0.15319347075098147,-0.17655824422266292
1,0.8906193073601444,-0.15367463453851596,-0.18020220312090035
1,0.8895634760796529,-0.153160121141336,-0.17907483631064616
1,0.8931182409517334,-0.15380593441968043,-0.1806533024634384
1,0.8920343764429068,-0.15347635252057404,-0.17945567337168541
1,0.8932017571213829,-0.15369387419654743,-0.17860658699840085
1,0.8930017180630152,-0.15387355911054815,-0.18007938977418625
1,0.8920878324866345,-0.15363502111473898,-0.1798382476147313
1,0.8961404376504911,-0.1543751089716082,-0.18163601049729472
1,0.8959088755907642,-0.15438204632003538,-0.18164209439818904
1,0.8973342392261978,-0.154648176865639,-0.18065548933572323
1,0.8976570195207925,-0.15472546673045148,-0.18117031797403005
1,0.8936381466315627,-0.15396778278999232,-0.1806168890406408
1,0.8975528879419037,-0.15469359978191832,-0.18206868830590067
1,0.8974455891502399,-0.15464071415944033,-0.18177160242140525
1,0.8989567055432042,-0.1549225051102103,-0.18062027831831254
1,0.8992442961204207,-0.15495728767379988,-0.1806033842580291
1,0.8933452837556473,-0.1538958666820485,-0.18006885633138595
1,0.8972759596982112,-0.15462029278681205,-0.1818231823171033
1,0.8987594103321926,-0.1548651044507879,-0.18219267692883628
1,0.9003293419676703,-0.155155315869695,-0.18129655853362237
1,0.9007224513673062,-0.1552173078628028,-0.1807925991615006
1,0.8934588307934926,-0.15391411580518938,-0.18032528391891683
1,0.8955103788599102,-0.15432392311767118,-0.18086903597035905
1,0.8972568442068625,-0.15464866366477364,-0.17968676088088417
1,0.8980492466526496,-0.15478810007680316,-0.1789721874444128
1,0.8916198317782299,-0.15357405575154842,-0.1778718968007394
1,0.8962224104725685,-0.15445225038147742,-0.17868016530226372
1,0.8994756554474351,-0.1549785679734157,-0.17999109818582965
1,0.9010202516388944,-0.15526331165652604,-0.17938990872637514
1,0.9011241235742279,-0.1552291529418976,-0.17909712192903152
1,0.8956388588813278,-0.15426996822506084,-0.17889244814179475
1,0.8998900962082664,-0.15507610109783276,-0.17964672356359812
1,0.8995165220462337,-0.15502158288162118,-0.1793927289637491
1,0.901042135923149,-0.15530253595411694,-0.17864485438262587
1,0.9014172006138685,-0.1553765306207419,-0.17844740624024788
1,0.897120502096239,-0.15463706873974475,-0.17837794401072254
1,0.8972059416063259,-0.1546290556320342,-0.17854316519048288
1,0.8987759851891461,-0.1549184411968205,-0.17737368911924786
1,0.8992758107886564,-0.15504787345075094,-0.17717618624597334
1,0.8958344968553487,-0.15441803604243823,-0.17704467943123883
1,0.8990196054746523,-0.15499911947488532,-0.17826848753708094
1,0.8985881518982883,-0.1549151729901314,-0.17819325833588337
1,0.9002914176178423,-0.15522311045369402,-0.17795587325597076
1,0.9000835039686678,-0.15517839497784383,-0.17806197546732822
1,0.897477884222803,-0.15470497603620675,-0.17779373552474154
1,0.8975372350600653,-0.15469256978361118,-0.1782400872819899
1,0.8990064436649662,-0.15496850266669182,-0.17671794667317253
1,0.8977117861001153,-0.15465818336007417,-0.177374139146888
1,0.8952394290483907,-0.1543552084041474,-0.17646266172463523
1,0.8957188679379329,-0.154383375254993,-0.17728993521316722
1,0.89743494727055,-0.15469226329179955,-0.17701105230897637
1,0.896732195826228,-0.15458919573124685,-0.17814017641791896
1,0.8935701491640766,-0.154030113518733,-0.1749166399242069
1,0.8969195600233841,-0.15463409080073387,-0.17672409633714947
1,0.8990145587725412,-0.1548913084795093,-0.17943515509767866
1,0.9006375038236021,-0.15518945742680101,-0.17860161130348035
1,0.8986525828211509,-0.15464226767489941,-0.17910778054904866
1,0.8965257784408316,-0.15438437838776928,-0.17704431487143088
1,0.897158379865536,-0.15456607530725885,-0.1801364643645245
1,0.898720984960623,-0.15485241408287798,-0.1795233135480814
1,0.8963709776946557,-0.1542181219646538,-0.18044406475452804
1,0.8942449528342609,-0.1540164982167818,-0.17945054716923522
1,0.8974899799257064,-0.15460871709495402,-0.18058572780786622
1,0.8968291879450482,-0.15442387929062418,-0.18233236817858195
1,0.8985877875409165,-0.15474104161084246,-0.18230307113482727
1,0.8993638588652473,-0.15504151084322035,-0.18324534603259698
1,0.8970052799164449,-0.15474722964113385,-0.18346899724773796
1,0.8983395496661216,-0.15499294194617314,-0.1829243653563378
1,0.8976727164113468,-0.15480993898356546,-0.18339662314356445
1,0.8958999425637768,-0.15456368923255207,-0.18434554081899276
1,0.8996130972492995,-0.15525074081920923,-0.18548071197085444
1,0.9009197561724914,-0.15549472964133346,-0.1845545151027241
1,0.9007384995543386,-0.1554480623603325,-0.1847863379256407
1,0.9000774329328564,-0.15534288392430606,-0.18546044110428267
1,0.901414883705623,-0.15558868511168641,-0.18507135884685158
1,0.8980730164718341,-0.15487906664548878,-0.18639003246973823
1,0.8963464919810651,-0.154550336193506,-0.18802116396487709
1,0.8998991962041345,-0.1551797961881951,-0.19017090663068717
1,0.8978717830523774,-0.1547068972220395,-0.18898919088093233
1,0.8992541156178977,-0.15495873991191378,-0.1886826775486374
1,0.8982948627428486,-0.15477093171506165,-0.1890226607545812
1,0.8988708347633703,-0.1547997593533912,-0.190481238155161
1,0.9023825714045709,-0.15543792513452137,-0.19199272748489324
1,0.8996367336693755,-0.15501401706904938,-0.19066126942302214
1,0.9007462181313551,-0.15521868266403593,-0.18983700320947872
1,0.8990598515676678,-0.15494338092219415,-0.19091210822929336
1,0.9010144327404975,-0.15520781847868353,-0.19151226722085166
1,0.8986835478269407,-0.15476759195180737,-0.19002841590475375
1,0.9000759282935058,-0.15501688706386543,-0.18999008054779823
1,0.898335416465324,-0.15483043276843172,-0.19166997862617835
1,0.8995071840448643,-0.15491154137139862,-0.19205743710235954
1,0.8969430249936388,-0.15438562979658121,-0.19032467661511845
1,0.8983623119696689,-0.1546386897143938,-0.1903522175460372
1,0.896480934956817,-0.15456664501550996,-0.19291624048134265
1,0.8969307126608368,-0.15445897752129384,-0.19274852599809922
1,0.9007435891119436,-0.15517723601211245,-0.19387935948885304
1,0.8975309298058078,-0.15453182838776178,-0.19164581550300352
1,0.898858586358437,-0.15477191427611853,-0.19107974609955436
1,0.8982628948138656,-0.15492403913519365,-0.1932029762073701
1,0.8972538250649501,-0.15456891416697072,-0.19271069602324342
1,0.900899756996754,-0.15525944198011205,-0.19391196812833703
1,0.9001507365278432,-0.15499848743980477,-0.1929070997651714
1,0.9015038373400539,-0.15524491488612052,-0.1921793471075731
1,0.9015264553565243,-0.15540445126099053,-0.19336247716006552
1,0.8986254595124743,-0.1547719221177093,-0.19280981691381927
1,0.902147455413,-0.15543331506207425,-0.1943145728995339
1,0.9019108291376192,-0.15534637994890332,-0.19393491152606626
1,0.9031192114410829,-0.155568880247727,-0.1927982973771887
1,0.9029531874000892,-0.15550051889527136,-0.19241659619006465
1,0.9068861335709811,-0.15624255562168757,-0.1940503711869707
1,0.9062208104212897,-0.15617929523043766,-0.19396134506922533
1,0.9039552538492271,-0.15571452222770865,-0.19294978813851715
1,0.9074871795841623,-0.1563507201926338,-0.1955507789768971
1,0.906802959778674,-0.15624333928686399,-0.1952749677796057
1,0.9083584073470573,-0.15653295844996384,-0.19436615662162174
1,0.9084460294451807,-0.15657625317367854,-0.19508304708689414
1,0.9046063613528761,-0.15587550439564798,-0.1946552883484516
1,0.9084286930230152,-0.15660624783194754,-0.19618793196965548
1,0.908709549803421,-0.1566693280970768,-0.19601359816414032
1,0.9103485394057467,-0.15697581303618718,-0.19434878673286124
1,0.9109569476410408,-0.15708404529227973,-0.19408865711115872
1,0.9056731697200668,-0.15612236852818384,-0.19363233431262677
1,0.8941441097212832,-0.1547397011232442,-0.15490690509420535
1,0.8967855527858104,-0.1552068354633384,-0.15578769834198472
1,0.8980723723175394,-0.15544442300896866,-0.1552055314219678
1,0.898835677937377,-0.15560035930806698,-0.15479876993467
1,0.8909860887807441,-0.15417828240377424,-0.15506535682420702
1,0.8945907341711181,-0.15485754559511425,-0.15705511269786318
1,0.8961401810427495,-0.15506061500621673,-0.157660854859703
1,0.8974346719415481,-0.15529724506187415,-0.15734452195678636
1,0.8978970217398617,-0.15536231804769318,-0.1571704171953413
1,0.890403331207082,-0.1540785556848141,-0.1577820789534607
1,0.8946058887614337,-0.15489812598018818,-0.15895062590116643
1,0.8967778863736278,-0.15520643893885286,-0.159984714503546
1,0.8981302708539403,-0.15545224799678004,-0.15947817831235178
1,0.8987670030669643,-0.1556268616185918,-0.15924910026431943
1,0.8931139127175662,-0.15466419919067464,-0.1604726936349685
1,0.897078252872211,-0.15542417015759832,-0.16154500464152075
1,0.8973673147763571,-0.15538340249168467,-0.16171681961473341
1,0.8987328131106255,-0.15563211882672548,-0.16075996820414593
1,0.8993741082709314,-0.15578841149370395,-0.16051340241512724
1,0.8966497586226974,-0.15529869642662805,-0.16123888109408768
1,0.8996221909573235,-0.15584426285595607,-0.16280777160196802
1,0.8990785043519733,-0.15572882895026963,-0.16309495507862862
1,0.9006229829852463,-0.15600334605272656,-0.16303463498222312
1,0.9004109962130853,-0.15596096011138172,-0.1631333121401375
1,0.8975321582499615,-0.1554591963507985,-0.16364028435311515
1,0.8978133015579213,-0.15551267650929823,-0.16482188979862694
1,0.8991289568793103,-0.15575358495426536,-0.16342371924391316
1,0.8978389487576234,-0.15542233920013115,-0.16396800107451778
1,0.8949709213148543,-0.1550044118617462,-0.16323672290912727
1,0.8956401284641557,-0.15504022313515628,-0.16440167442539297
1,0.897172482631033,-0.15530981607034502,-0.1642794704377725
1,0.8965707956849305,-0.15529654584762645,-0.16583849948629462
1,0.8934913722769875,-0.15480440221427813,-0.16351900727106936
1,0.8965591371124884,-0.15535043371857837,-0.16547661400102825
1,0.8983400123052816,-0.15532233196763423,-0.16719196657877797
1,0.8997907125538751,-0.155580999942044,-0.1664861678213356
1,0.8973782937883769,-0.15493120124089343,-0.16692479566115978
1,0.8957243441470647,-0.1548682017833418,-0.1656447665655463
1,0.8950874245315006,-0.15428581779465364,-0.16500859122042694
1,0.8963954103406194,-0.15451328317028787,-0.16454383038722273
1,0.8940892123552188,-0.15409500420955383,-0.1665775839703943
1,0.8913183775472714,-0.1537735311744193,-0.16493748195859195
1,0.8945227785964484,-0.1543447173303758,-0.16686543484151625
1,0.8945950046309057,-0.15420211985070817,-0.16828938448186642
1,0.8960941510510966,-0.15446109598987096,-0.16841269289554714
1,0.8966603314411471,-0.15472229494656808,-0.1691356674302109
1,0.8939980380131712,-0.15440467137900948,-0.16970845541718846
1,0.8971134299896559,-0.15496670468693116,-0.1710015128553858
1,0.8982354933715068,-0.1551645145016401,-0.1705698255128973
1,0.8967492722890713,-0.15477091285976474,-0.17113961446311943
1,0.8949689870788528,-0.15447892103802577,-0.17232192960016057
1,0.8983665757767365,-0.15509867869269936,-0.17359358332935143
1,0.8994956023413391,-0.15529494846426897,-0.1727307090521239
1,0.8983440178196382,-0.15508592230176624,-0.17350385743044752
1,0.897157505126193,-0.15495426333139486,-0.175003184122257
1,0.8983270902017948,-0.15515844752156707,-0.17470503851507121
1,0.8960823383897998,-0.15477216496544888,-0.17553080058996817
1,0.895389424626872,-0.15469856392087036,-0.17714967178704927
1,0.8987069482066108,-0.1552791539305741,-0.17943993861146534
1,0.8971560421277118,-0.15486378363384676,-0.17867500488371332
1,0.8983524350452222,-0.15507862735874253,-0.17801389914339344
1,0.8960694884304076,-0.15469692336793703,-0.178633741509343
1,0.897131258026323,-0.15482531480898304,-0.1802444706811341
1,0.900404431382357,-0.1554102375568156,-0.1818717408262463
1,0.898612344691821,-0.15504818084268127,-0.1808692834803543
1,0.8999046504931034,-0.15527894431633082,-0.18097172075074872
1,0.8964386762184008,-0.15497304188738686,-0.18372405032961853
1,0.8975600516147876,-0.15496299378319175,-0.184714895945457
1,0.8957579117475812,-0.15460391173713997,-0.18357045955845908
1,0.8940966604227013,-0.154415486165242,-0.1852551161260914
1,0.895129803510738,-0.15445080086807847,-0.18534397186739118
1,0.8930987445058263,-0.1540381069924335,-0.18390946071051878
1,0.894553919082023,-0.1542963486873368,-0.18405340456078464
1,0.8927245289189043,-0.15417960771084188,-0.18660031360057464
1,0.8937549840028619,-0.15418260309082582,-0.18676922302254825
1,0.8910423459839276,-0.1536370056707213,-0.18490276528375477
1,0.8922875923404252,-0.15386440137705346,-0.1841118444094295
1,0.8911874469316127,-0.1538938041132144,-0.18623629172953401
1,0.8908224600535496,-0.15366427201022803,-0.1856234864602954
1,0.8944431436030714,-0.1543279751494279,-0.18686257297261824
1,0.8932820592873439,-0.15405038994118553,-0.18588148762574702
1,0.8946495727118536,-0.15430057981153353,-0.1850473762974336
1,0.8949914424862362,-0.1545460790524102,-0.1864371085049265
1,0.8931881551159262,-0.15412622362489736,-0.1858639464785291
1,0.8965911551294754,-0.15474369548739214,-0.187462187448197
1,0.896116162512701,-0.154604621726622,-0.18692042253727487
1,0.8973845181387317,-0.15483896189971744,-0.18598532574573484
1,0.8975833551489115,-0.15494436424383107,-0.1866623559029908
1,0.8975787842838604,-0.15496840410470097,-0.18675196777433758
1,0.9014334004019586,-0.15567425352442213,-0.1885319925620474
1,0.9012591113752638,-0.15569663334565764,-0.18851136418879094
1,0.8984521433818117,-0.15513985396685123,-0.18740057307402383
1,0.9018717237506323,-0.1557431939902379,-0.19013273886064203
1,0.901105770718674,-0.15562313174851683,-0.1898142688574003
1,0.9027103142233641,-0.15592608054235152,-0.18801266089849053
1,0.9022861484976324,-0.155815637459299,-0.18854524121713223
1,0.8978585781567681,-0.15502369643414643,-0.1879453692889746
1,0.901525721557551,-0.15570215834813622,-0.18958280083451826
1,0.9017945611149926,-0.15574590569212848,-0.18945782307152131
1,0.9035783298271082,-0.15607911437791497,-0.18802775096553745
1,0.9038538375184383,-0.15611911480010873,-0.18789560388469798
1,0.896115302395172,-0.15474823162790308,-0.18742349923749863
1,0.8842581938772479,-0.15312262269084448,-0.1476401079033261
1,0.8858260938698207,-0.1533847954510712,-0.14820916148548427
1,0.8873324666803988,-0.15365820927486798,-0.14778554684048634
1,0.8880504906909412,-0.15380439858401854,-0.14733083236097452
1,0.8806183604059479,-0.15252843291540555,-0.14773340933295462
1,0.884220930602292,-0.15319309079850027,-0.14990188749474842
1,0.886177397066601,-0.1534517285390091,-0.1506255430726747
1,0.8877155085999523,-0.15372900004263493,-0.15008173227899854
1,0.8884709814136112,-0.15383710916528212,-0.1499234908000799
1,0.8816029281573845,-0.15272000294715443,-0.15071281596934244
1,0.8858887957592655,-0.1535278418827885,-0.15208184920265214
1,0.8874976184498323,-0.1536814605250603,-0.15275091978407365
1,0.8890638309247274,-0.1539634449025433,-0.15189021799283284
1,0.889696319636626,-0.1541304700130831,-0.15167971826050378
1,0.8851870572771476,-0.15341681684162603,-0.15305749376064667
1,0.8892336391593709,-0.1541710006984526,-0.15433550137619423
1,0.8892481669997668,-0.15408890717099832,-0.154416812011967
1,0.8907585046453881,-0.15435818270141222,-0.15345334377427414
1,0.8907841701469938,-0.1543661214233163,-0.15345986279767876
1,0.8876176194833256,-0.15382397801452818,-0.15452687031440698
1,0.8906671025095705,-0.15437260201883718,-0.15630114850812088
1,0.8908618181304637,-0.15439428142333483,-0.15696166160580421
1,0.8925748390905108,-0.1546918756260489,-0.15646361420221858
1,0.8923898252814726,-0.15465209148084483,-0.15650819689433293
1,0.8894350271642322,-0.15416297789588823,-0.15727746688004848
1,0.8892209283927828,-0.15408041701915065,-0.15748656835705951
1,0.8907002867202032,-0.15434429552086237,-0.15622840669651916
1,0.890213829125035,-0.1542559573995754,-0.15663723128487597
1,0.8866643097239497,-0.1536215683165107,-0.1546758498841344
1,0.8876408153530024,-0.15387091324023222,-0.15719564866287702
1,0.8892442961367581,-0.15415175125436895,-0.15654243548945984
1,0.8877160897445061,-0.15374983419313193,-0.15705215983749604
1,0.8837508100247379,-0.15314789542651522,-0.15454089762622655
1,0.8869234857187289,-0.1536959626859303,-0.15670735229955673
1,0.8872681524385438,-0.15323100621750269,-0.15825015383603036
1,0.8889307903363788,-0.15351472729588428,-0.15812086436485537
1,0.8863043518110755,-0.15334006707425318,-0.16201555628167283
1,0.8867608796427985,-0.15342788144472333,-0.15987431805194835
1,0.89017990126489,-0.15402497912633967,-0.16184381931713437
1,0.8859098537961506,-0.1526587524301846,-0.15889074765888797
1,0.8872467742041791,-0.15289129300532003,-0.15824735709613702
1,0.8845513689392501,-0.15216867741855947,-0.15833820788232153
1,0.8868078642827958,-0.15237857933845367,-0.15856853450252759
1,0.8828006223699432,-0.15143631310258063,-0.15591336219316398
1,0.8843502345946201,-0.15169032898365964,-0.15612567449973477
1,0.8816696426244206,-0.151217924104576,-0.1571122200215435
1,0.8832993207219889,-0.15133003374275447,-0.157782531053282
1,0.8799013556848376,-0.15062984694092668,-0.15555253104879802
1,0.8814355899571904,-0.1508776933303236,-0.15586059790990875
1,0.8796327958208691,-0.1506260292867105,-0.15751223802537148
1,0.8804764964766059,-0.15056643068500453,-0.15761138526340282
1,0.8785189429946072,-0.1500808200537423,-0.15582415258081875
1,0.8798076342993202,-0.15029714241857461,-0.1551788064897692
1,0.8783041624075345,-0.15023453004393106,-0.15693517346222302
1,0.877763270737338,-0.14996537627847006,-0.15666020364183664
1,0.8816678858140988,-0.15063755827233227,-0.15824265781978486
1,0.8804597775763778,-0.15035079936300969,-0.15718461813356807
1,0.8818441007261991,-0.15058185317052913,-0.15650105866932357
1,0.8816060817551886,-0.15071962098656191,-0.15790920306648176
1,0.8792940269815129,-0.15022840710143154,-0.15746430556080632
1,0.8828975823479017,-0.15083963151050195,-0.15939497514867854
1,0.8824856486967536,-0.15071592350654905,-0.15889696433199368
1,0.8837562190929278,-0.1509300107999916,-0.15811744324681448
1,0.8841006928304775,-0.15108573058980032,-0.1589243539083111
1,0.8835652414131082,-0.15101664375105495,-0.15898504364980456
1,0.8875823522043843,-0.15169300072306932,-0.16110031459879495
1,0.8872835847890984,-0.15168296442194393,-0.16104590651119266
1,0.8845903119744313,-0.15118770706244786,-0.16000868324511214
1,0.8881755192241397,-0.15177161556402372,-0.16310122175759698
1,0.8873999460333201,-0.15165791181464786,-0.16281326067543184
1,0.8890988756745137,-0.1519388107725914,-0.1622783243412902
1,0.8888170123461516,-0.15188635286492802,-0.16289238179789994
1,0.8844527175223935,-0.15116957093859082,-0.16240142221295448
1,0.8883047295092705,-0.15182096972957726,-0.16436681298033168
1,0.8885706943604151,-0.15186861654179368,-0.16429499458478608
1,0.8903403842431518,-0.15216840797856526,-0.16301791828793688
1,0.8908072723833009,-0.15223251452950187,-0.16300567172774044
1,0.883896241597173,-0.1511262872321908,-0.16272740227400953
1,0.8727936286476824,-0.1496428960072647,-0.12252784305236114
1,0.8741565576138245,-0.1498509035655081,-0.12298846212896192
1,0.875562311914672,-0.15007274011989868,-0.1227683202912569
1,0.8760348751333518,-0.1501432307896994,-0.12223532529878871
1,0.8685635660988765,-0.14897738695137921,-0.12281756952078846
1,0.8723436318541541,-0.14960998396472958,-0.1253111432463638
1,0.874472459889872,-0.149867936134174,-0.1261540298139523
1,0.8758354624561336,-0.1500767347859494,-0.12617797826675803
1,0.8760122522154026,-0.15003409347592442,-0.12578573895895645
1,0.8699156464405189,-0.14917095643936795,-0.1268511076174142
1,0.8744198805538274,-0.14993069340485407,-0.12850964276954893
1,0.8760865517731463,-0.15003782462603898,-0.12915161445315995
1,0.8775487157892312,-0.15026806272493137,-0.12846605651863408
1,0.8782692050994555,-0.15042987466150134,-0.12819351191427378
1,0.8728736415645301,-0.14965796459295094,-0.12994274220484403
1,0.8770524623902742,-0.15035388993050838,-0.13145591594616302
1,0.8771747260634766,-0.1502993678328434,-0.1316501560635018
1,0.8785838541499211,-0.15052178739341535,-0.13087353704169388
1,0.8792406921106476,-0.15066425111827145,-0.1305970596901978
1,0.8762787312364594,-0.15020947642081736,-0.13177312096043506
1,0.8795301750706538,-0.1507325226656195,-0.13383034781114211
1,0.8797231890762464,-0.1507103527664619,-0.13420009407720088
1,0.8812805739568875,-0.15094537034916364,-0.13389765917455249
1,0.8809923911098297,-0.15089132715027376,-0.13401676496442666
1,0.8783510868119819,-0.1504922363558525,-0.13489351849619918
1,0.8782374163512673,-0.1504533623663482,-0.1353548070352071
1,0.8796181027457125,-0.15067462138580506,-0.13425137494194803
1,0.8789847920324715,-0.1505412022988979,-0.13469331030518839
1,0.8767790259989344,-0.15029859648179875,-0.13363075614718511
1,0.877586190976608,-0.1504149272060836,-0.13550833010860025
1,0.8791280455765363,-0.1506366310475485,-0.1356888578182029
1,0.8783259020018052,-0.15059706516572852,-0.1376041175318404
1,0.8749700604904499,-0.15009537502332254,-0.13488030849885949
1,0.8783229800495147,-0.15062577525264792,-0.1373223914073
1,0.87905033942381,-0.15055157127721833,-0.13847575493654754
1,0.880530461526108,-0.15077432801934076,-0.13805737702541987
1,0.8784795119935073,-0.15038267920141832,-0.13948497308866986
1,0.8760960005755495,-0.15021243080598137,-0.13734121710558078
1,0.8756316574488935,-0.14976471989677642,-0.13760929003611141
1,0.8770117669866673,-0.14996702176625468,-0.13743163122087265
1,0.8755585808526424,-0.14964724854536646,-0.13841361890681791
1,0.8731014990242771,-0.14941750044944438,-0.1359796789602399
1,0.8766782793737494,-0.14997858199853495,-0.13839704872793773
1,0.8768661405112507,-0.14973686858110707,-0.13928793766840786
1,0.8784069423324904,-0.14995084991183494,-0.13971304689780303
1,0.8788547146438002,-0.15020710815935512,-0.14128543497203996
1,0.8765363440492475,-0.15001394491112235,-0.1419207609293993
1,0.8800282910164875,-0.1505580920257267,-0.14363561682250156
1,0.881146858411537,-0.15072439562382417,-0.14350071387643493
1,0.8801725019546576,-0.15046854183799901,-0.1440259432134603
1,0.8785566029730595,-0.1503080272766369,-0.1454319076586027
1,0.8822485019341917,-0.1508878288774858,-0.1470693122558728
1,0.8833712472421574,-0.15106208093971246,-0.14651114446611344
1,0.8818739863510076,-0.15079792160494004,-0.14749094663284237
1,0.8807993116255111,-0.15062045383493025,-0.14863412630001083
1,0.8819700337547877,-0.15079051732104967,-0.1485921598317448
1,0.8782578231035233,-0.15026910614032143,-0.15077013386041974
1,0.8769525910906226,-0.150030488257078,-0.15244943667827474
1,0.8805634244246199,-0.15059277320743614,-0.1551066265389598
1,0.8780388367378544,-0.15027069993308576,-0.15484909497498198
1,0.8792365187217542,-0.15045269557687413,-0.154419324860629
1,0.8771134575217225,-0.1500911647002909,-0.15484287737598215
1,0.8778617511389994,-0.1501235027245585,-0.15632039838585274
1,0.8814861981988893,-0.15068918160820866,-0.15830771664394538
1,0.8797597665466684,-0.15037628796188618,-0.15727317621754985
1,0.8808040916130658,-0.1505384933842018,-0.15677871954414882
1,0.8771637727696687,-0.15021869678142474,-0.15953051392425924
1,0.8785493445968359,-0.15024236806350394,-0.16072600721638738
1,0.8755901827332752,-0.14983362193335614,-0.15906339085187857
1,0.8769849449052396,-0.15003428308228053,-0.15934238667906384
1,0.8755270031179825,-0.14985487991958693,-0.16079363716399886
1,0.8771142091018985,-0.14995240570631124,-0.1614369066221595
1,0.8749308656878677,-0.14961189562696392,-0.16014919825168994
1,0.8763591091406784,-0.14981660619986714,-0.16049346844425977
1,0.8740958326703445,-0.14983268976822567,-0.16323449806022838
1,0.8755247418133842,-0.14986198022717576,-0.16350549323995642
1,0.8793106845095784,-0.15046229952826892,-0.16502167092176342
1,0.8773904813480057,-0.1500258759530998,-0.16314632926481193
1,0.8785208361589869,-0.1502051128983259,-0.16257207441270782
1,0.8781128622774361,-0.15042211579527281,-0.16478313003326542
1,0.8769278752752913,-0.15005777470931492,-0.16407217571521715
1,0.8805251269059357,-0.15062778788742476,-0.1656287602198089
1,0.8791997483567245,-0.15040519162457594,-0.1645546655137321
1,0.8803806182448786,-0.15059499682323055,-0.1638123878008683
1,0.8804750675861437,-0.1507723255080395,-0.16493529270885401
1,0.8778689469277606,-0.15027794152858098,-0.1644064043628452
1,0.8813951604338933,-0.15083790136977662,-0.16629553606682057
1,0.8810209303089812,-0.15073849958544763,-0.16584907980845026
1,0.8809063687692885,-0.15070036969472,-0.16567636630724342
1,0.8847644337560293,-0.1513158399646189,-0.1676771672443557
1,0.8841578844830427,-0.151283939643283,-0.16760983526990192
1,0.8814913407831336,-0.1508081589474422,-0.16641160087819978
1,0.885003836094257,-0.1513575278291909,-0.16938802858430071
1,0.8843336166478111,-0.1512732023015282,-0.1691298756688763
1,0.8858374283951843,-0.15152609878125226,-0.16755018883576814
1,0.8856980275931793,-0.15151767805339966,-0.16810578066663806
1,0.8814038979136508,-0.15084682045970862,-0.1675294798984351
1,0.8851292433114297,-0.1514475337880159,-0.1694124450040382
1,0.8853973603585525,-0.15149310444422848,-0.1693055039606094
1,0.8871021722171344,-0.15177316423189033,-0.16805652119403977
1,0.887642396257236,-0.15184879977176902,-0.16805058434074557
1,0.8798291535438731,-0.15062342887239652,-0.1673702669468125
1,0.8680383705165992,-0.14897043930596177,-0.12835110645805636
1,0.8694783027390679,-0.14918245015478224,-0.1288835278841447
1,0.870871810335795,-0.1493957530213965,-0.12861544392507407
1,0.8715726308416051,-0.1495033740811287,-0.12807377734352346
1,0.8651897656711164,-0.14859294818455498,-0.12867849980036722
1,0.8688946156362074,-0.14919055072787524,-0.13109151878190906
1,0.8703224395045285,-0.14930078924309947,-0.1315649596043124
1,0.8717734613827363,-0.14952320145037923,-0.13118168418882165
1,0.8722795056582952,-0.1495694051952026,-0.13059183293552742
1,0.8661554533521698,-0.14871535179284387,-0.1311845359268882
1,0.8705443446996541,-0.14943038658435528,-0.13280868286461636
1,0.8721077110821673,-0.14951226264029932,-0.1334177901083444
1,0.8735961713339384,-0.1497432596527081,-0.13272242037751952
1,0.8740651858888263,-0.14983879981480366,-0.13248670694419729
1,0.8697600232414147,-0.14925895837508174,-0.13386612338520396
1,0.8739374413608428,-0.14993245296375063,-0.13541401659257887
1,0.8739518535935749,-0.14984627295124162,-0.1354962510603129
1,0.8753628697924712,-0.1500647807597108,-0.13471427881620363
1,0.8753071876640759,-0.15005251363081015,-0.13473641760188865
1,0.8722837298311159,-0.14960752104200825,-0.13588472877837693
1,0.8754254153779857,-0.15010649062730783,-0.1378927904346714
1,0.8756283462703255,-0.15012977869230426,-0.13857835229626114
1,0.8772510760012665,-0.15036967386503058,-0.13823615687418755
1,0.8770176367721804,-0.15032631114450154,-0.13829613669514979
1,0.8744466222327658,-0.1499503467267404,-0.1390348050066318
1,0.8742811126705959,-0.14987452643025126,-0.1392388601344942
1,0.8757052588980252,-0.15009644324869756,-0.1380939517539735
1,0.8751548031202434,-0.1499912677610603,-0.138551988433836
1,0.8716335673195655,-0.14942542649894272,-0.13652093435300106
1,0.872585970270876,-0.1496515579311336,-0.1391172470105869
1,0.8741335989899963,-0.1498838281064974,-0.13858433219377236
1,0.8725860166095584,-0.14963781505928936,-0.14015018514813563
1,0.8690351759322317,-0.14920244685847275,-0.13795891115351336
1,0.8723102651968879,-0.14971090270146153,-0.1403482971003636
1,0.8732671729004851,-0.1498517756342105,-0.1428794304512579
1,0.8748596392321338,-0.15009026690765317,-0.14243203834465692
1,0.8728778209271904,-0.14955389570304975,-0.14274678674771793
1,0.8703049365599113,-0.1493337578473323,-0.1405088424361046
1,0.8700287574981015,-0.14889148797228635,-0.1404817846559804
1,0.8715012105913338,-0.14910558817951336,-0.14027355066518102
1,0.8704201604475017,-0.14898118256745038,-0.1421657825321375
1,0.8678175372143324,-0.14868654685641422,-0.13932096773540467
1,0.8712584292132287,-0.14921501504860826,-0.14163293374708313
1,0.8715095633288255,-0.1489427784801255,-0.14236583781856868
1,0.8729485834562013,-0.14915390734358744,-0.1421376115487977
1,0.87203693913396,-0.14901488742236324,-0.14317514732793135
1,0.8699761202458438,-0.14889634168980037,-0.14425140503856196
1,0.8733554452057471,-0.14941445926760585,-0.14592140886416946
1,0.8746060293081095,-0.14959458325199512,-0.14572602280060187
1,0.873915432848966,-0.1494030305454564,-0.14615031739102535
1,0.8722173938354981,-0.14924874408263095,-0.14754322500142747
1,0.8757998307925785,-0.1498019481059644,-0.14913741429221786
1,0.8770359464876167,-0.14998635933356597,-0.14852829377843715
1,0.8767862732033092,-0.14994793329460712,-0.14910920862624574
1,0.8762217994898215,-0.1498985818958016,-0.15027439508260027
1,0.8774466871117869,-0.15007426853994507,-0.15021123969757533
1,0.8738891879928075,-0.1493677802981596,-0.15155431968126948
1,0.8727479736520728,-0.14917786753874734,-0.15325037181849246
1,0.8762548728625112,-0.1497157870524619,-0.1558543451018879
1,0.8731708808547827,-0.14941637236541772,-0.15585707001574614
1,0.8744632329057963,-0.14959875751218307,-0.15583980483910176
1,0.8735314345257286,-0.14941700611023345,-0.15608491766315596
1,0.8749420495842781,-0.14956518839038332,-0.15772076386122105
1,0.8784657156075788,-0.1501075787191837,-0.15966224170796905
1,0.875903468040384,-0.14982211360278982,-0.15846276667601125
1,0.8769277338105164,-0.14997369343518394,-0.15792149668039676
1,0.8745581030921943,-0.1496867792092712,-0.1589093584880224
1,0.877395075250542,-0.15001384189759764,-0.16030402417752623
1,0.874230701825496,-0.1496922496258548,-0.15891237343430759
1,0.8754523709610483,-0.1498607652327677,-0.15917689289157677
1,0.873164174946757,-0.14969807296821086,-0.16097476292443907
1,0.8752732382603465,-0.14988366737562003,-0.16148467028549696
1,0.872895949814415,-0.14953564807836378,-0.1600318673824874
1,0.874153421313072,-0.14970984093725387,-0.16035885072772385
1,0.8719974467251802,-0.14968755901512887,-0.16297310905370688
1,0.8735951438775638,-0.14974566052864333,-0.16309656636821993
1,0.8773154759000249,-0.15032935855953036,-0.16459552889904897
1,0.8748284162806864,-0.14988322886703434,-0.16259767393084767
1,0.8759914224000372,-0.15005475650993835,-0.1623537793447505
1,0.8750909734632846,-0.15020971289462023,-0.1645463849959337
1,0.8736073906334674,-0.14978464053856566,-0.163982005153069
1,0.8771279464245174,-0.15033849954400635,-0.1655176307414183
1,0.8762168419790222,-0.15013249365597595,-0.1645608128800946
1,0.877445830259917,-0.15031848409736506,-0.16414236293038406
1,0.8774992347804129,-0.1504784196523402,-0.16522205216261973
1,0.8745360680917084,-0.1499125014138779,-0.16456378541242822
1,0.8779077997924292,-0.1504412166651228,-0.16636637481345304
1,0.8775632802396109,-0.15035144034356834,-0.16593465938413215
1,0.878647198415151,-0.15052234431429273,-0.16514610378824987
1,0.878159164687151,-0.15044073329617444,-0.16503194584872855
1,0.8819916285346182,-0.15104742788235212,-0.1670372987188847
1,0.8815402878133806,-0.15102621854132478,-0.16701877967225426
1,0.8789671584485249,-0.15057349689100155,-0.16584026036793167
1,0.8824074232039206,-0.15110403992603988,-0.16874289100630635
1,0.8815905758440484,-0.15099436840128286,-0.1684312370954791
1,0.8829560818159587,-0.15121961402896478,-0.16683077430072957
1,0.8827643054275548,-0.15120884165764026,-0.16744620314951558
1,0.8791818729987272,-0.15065093183582326,-0.16698062139721387
1,0.8829359001876983,-0.15125231461692404,-0.1689001443136019
1,0.8832687383633618,-0.15130326612660816,-0.16886122101931078
1,0.8848342716178476,-0.15155609973763795,-0.1675735169768465
1,0.8851854314896568,-0.15160851770915487,-0.16746855334996666
1,0.8790824610626385,-0.15067570952725115,-0.16710599515513758
1,0.8671728423255299,-0.1491051094242625,-0.1294503152927568
1,0.8695093933150876,-0.14949536318025244,-0.13028860258164907
1,0.8707554786244268,-0.14968449728689287,-0.12997031366801143
1,0.8714823373752515,-0.14979497670468508,-0.12948314067468764
1,0.8652007005569216,-0.14885857375213912,-0.12990264308522975
1,0.8687331122769367,-0.14942035741667814,-0.1322260138023173
1,0.8706241683601504,-0.14961135895943087,-0.13292425455992637
1,0.8718977048280661,-0.1498046818102778,-0.13248489845577205
1,0.8727579538724816,-0.14992413549081254,-0.13205868725366546
1,0.8670769043187088,-0.1491044404106838,-0.1325080466774721
1,0.8711334002656218,-0.14975937230559724,-0.13400628822308683
1,0.8729201317158517,-0.1498904004043434,-0.13484908547377078
1,0.8741891572449428,-0.15008615060677116,-0.13411171728868587
1,0.8749371230117113,-0.1502393605314365,-0.13400502990509636
1,0.8707829200463719,-0.14967304644120014,-0.13533594976600688
1,0.8746093036535576,-0.15028339732050236,-0.13673796769221028
1,0.8747224985684918,-0.15023781570719283,-0.13695365361248843
1,0.875907771886097,-0.15041186265151885,-0.13684957993576266
1,0.8691578279463124,-0.14896063658642567,-0.1404797500931982
1,0.8641144253509705,-0.14842575157849341,-0.13074133139092275
1,0.8668728254575707,-0.14886158016308804,-0.13276611199893193
1,0.8686506702724325,-0.1484548560832545,-0.13419356412788996
1,0.8573443676727198,-0.1463151953740498,-0.16510876232449312
1,0.8577949548646728,-0.14660407309695989,-0.16662638624268641
1,0.854382475160715,-0.14635729786555643,-0.16555233737960479
1,0.8554498974109648,-0.1465181386303991,-0.1649155956039241
1,0.8570327053573379,-0.1469227499008912,-0.1653267019778599
1,0.8560570694590849,-0.14677826075482475,-0.1640737891654497
1,0.8591453715498129,-0.14727392592198543,-0.16557697992525375
1,0.8601134425926826,-0.1474324802751881,-0.16458419378364525
1,0.8571861162161919,-0.14685757935534635,-0.16517972444432302
1,0.8557089736066603,-0.1466808966754329,-0.16601592194019874
1,0.8587234479974811,-0.14715091564544938,-0.1685666725335124
1,0.8587319938225096,-0.14691980271845737,-0.16911408228435848
1,0.859234191592938,-0.14699324597885427,-0.16899611637990475
1,0.8583613620429738,-0.14675298237224857,-0.16879594444522913
1,0.8579480948686325,-0.14664665885417466,-0.17064216332045054
1,0.8609713866824066,-0.14712731645296864,-0.1724594091998659
1,0.8599903536709287,-0.14695557987473468,-0.1720848683543127
1,0.860935909258113,-0.14710803764726954,-0.17120077643415468
1,0.857925392389919,-0.14657347363673406,-0.1723788902463095
1,0.8586361252144343,-0.14652285689302497,-0.17307754600229283
1,0.8565411085915873,-0.14627855395510936,-0.17267864194457444
1,0.8577983163859165,-0.14646210505230955,-0.17258258241910282
1,0.8536984909990512,-0.14606037144663753,-0.17489080317494224
1,0.8549690301465201,-0.14609349805320682,-0.1758430792394499
1,0.8518235942140798,-0.14567936479711338,-0.17434796863141513
1,0.8531603165856689,-0.14587705073899745,-0.17431948389830468
1,0.85107952231656,-0.1456240244512226,-0.17621136257502165
1,0.8524202023275311,-0.14566554654213604,-0.17675170972331522
1,0.8495042567157398,-0.14521646678767555,-0.17473578314841037
1,0.8506806768910271,-0.14540286552956605,-0.1737413333427488
1,0.8492379907465494,-0.14547996769048324,-0.17687129550251313
1,0.8485472890444973,-0.14510945697096606,-0.17644603615851007
1,0.8519516035258954,-0.14567282605631374,-0.17785847895837248
1,0.8505324160148968,-0.1453606460473503,-0.17659680622292342
1,0.851931247604895,-0.14558117850825197,-0.1757060325033308
1,0.8517662839205016,-0.14575235767342795,-0.17719737350758824
1,0.8492895292109756,-0.1452163612615189,-0.17657362752618663
1,0.8525073973765614,-0.1457509456462984,-0.17803449910371538
1,0.851795051840778,-0.14561725749557114,-0.17748522000740657
1,0.8530924445868835,-0.145828861773327,-0.17632321045148772
1,0.8531903081269211,-0.14592299226362895,-0.176982366221544
1,0.8502419187155787,-0.14539341680467477,-0.176564401554241
1,0.8534036682485167,-0.1459168487302064,-0.1783656787975594
1,0.853979533185232,-0.146077911438826,-0.17823641149597708
1,0.8510450484381826,-0.1455087369295338,-0.17708186230538336
1,0.8544716880111534,-0.14608309611867837,-0.17899640012503973
1,0.8533751404931125,-0.1459367006494356,-0.17861254694074846
1,0.8549422042051189,-0.14619676132068843,-0.17729377495848914
1,0.8548829551487082,-0.14620737931810113,-0.1776741661143366
1,0.8522368731853255,-0.14578323532282594,-0.1773445791557714
1,0.8556550659247139,-0.14636613386804967,-0.17894122509530294
1,0.8550450677690864,-0.14627122449768287,-0.1785356224346362
1,0.856700340318183,-0.1465486372574702,-0.17708237637075555
1,0.8570304126989753,-0.14660000640494186,-0.17699594904924898
1,0.8517971589696881,-0.1457581221870941,-0.1764429279439965
1,0.8552002333277122,-0.1463361454248621,-0.17828932469074446
1,0.8563295013182514,-0.14655400560121476,-0.1786418968460371
1,0.8580419299850897,-0.14684158205552994,-0.17745764507435668
1,0.8585270888794789,-0.14691109604179697,-0.17703003444546464
1,0.8520945428947976,-0.14584682695166173,-0.17635798838236136
1,0.8527900355994021,-0.1459861572539381,-0.1766450217557801
1,0.8546616251275235,-0.14630359047959665,-0.1752070974862021
1,0.8558760154761543,-0.14652818107396057,-0.17469837019941106
1,0.8493569892378546,-0.14535619002987687,-0.17290107304744776
1,0.8535117464525498,-0.14609060369031662,-0.17385071229770221
1,0.8551957973484532,-0.14628356653627023,-0.17458134700449124
1,0.8568807268174194,-0.14656767662226236,-0.17377668533709545
1,0.8570667130069011,-0.14658843108830313,-0.1735326473648361
1,0.8495859423196095,-0.1453489765652628,-0.17289331943796166
1,0.8535367723165779,-0.14604609876572075,-0.17382166742917943
1,0.8531693204427562,-0.14598704188123637,-0.1736414857237955
1,0.8548996460177533,-0.1462803435275871,-0.1727152006025884
1,0.855564725741705,-0.14641378977824632,-0.17247069555149175
1,0.8512166815856198,-0.1456753082460242,-0.1719418078809798
1,0.8513842597248894,-0.14567767750234056,-0.17221231820178026
1,0.8531654073405902,-0.14598451179673383,-0.17089421459507761
1,0.8541201769065672,-0.14617478057599081,-0.17044607857761526
1,0.8510996555957832,-0.14564771536567497,-0.17001299604535988
1,0.8541731890767327,-0.14617119085886643,-0.17143157147766358
1,0.8537109301587473,-0.14607255105056965,-0.1713470451750114
1,0.8555790971362256,-0.14638775452639052,-0.1709623929823035
1,0.8555680320513487,-0.14638776828301475,-0.17099001343742556
1,0.8523891118164811,-0.14584150436869356,-0.16996880371974907
1,0.8520111850555256,-0.14574330260824794,-0.17035378558968253
1,0.8536978136221155,-0.1460402475225931,-0.1687245386642627
1,0.8522133627355395,-0.1457252070925391,-0.1694720841004228
1,0.8500524294817149,-0.14553607160448334,-0.16792973311088882
1,0.8532005071474006,-0.14607403322500448,-0.16962227176246295
1,0.853078436227338,-0.1460674797794933,-0.17138068154066421
1,0.8549329977427705,-0.14638283247784123,-0.17045971185727504
1,0.8540873988684284,-0.14632838232908432,-0.17200972470763182
1,0.8500571520679306,-0.14566127066839316,-0.16746646017035804
1,0.8532260169898753,-0.14619659647641,-0.1694052518246186
1,0.8534962877566648,-0.1459509753428498,-0.17006949395311943
1,0.8552609365971099,-0.14624894492637155,-0.16983521517689681
1,0.8529743775518724,-0.14571066696048188,-0.1704854013604395
1,0.8512310903142871,-0.14572781206051139,-0.16876354278427375
1,0.854370824117879,-0.14626018932772858,-0.17066673559669673
1,0.8548168813327366,-0.1461218506126022,-0.1721241326825907
1,0.8564753674551144,-0.1464032850014877,-0.17155743953348293
1,0.8541179595035768,-0.1460260044695963,-0.17353691174730734
1,0.8511724779353343,-0.14578150996712386,-0.1733677615007171
1,0.854214008948355,-0.14630616270242874,-0.17463975877264049
1,0.8538594132972741,-0.14598467685538002,-0.1741908790350065
1,0.8554112639941535,-0.14625116334441157,-0.17350031561149382
1,0.8560331674240274,-0.14644681508930674,-0.17411445612235782
1,0.8529885642296766,-0.14608744989759986,-0.17556511668126557
1,0.8563635907221703,-0.14667361448616334,-0.17677879088762938
1,0.8578852212790135,-0.14694329872459377,-0.1757466235979366
1,0.856468622939163,-0.1466335806961102,-0.17633491028849038
1,0.854551871309535,-0.14638895541994457,-0.17794876169414242
1,0.8541701899841025,-0.14633050424526522,-0.17828285657561696
1,0.8532008444903678,-0.14617213483627398,-0.179349751096329
1,0.8565500282095848,-0.14673756235920124,-0.18160210213518438
1,0.8557631548358731,-0.14646820707918928,-0.18129579049292027
1,0.8575830852114424,-0.1467873787129436,-0.1809992440556174
1,0.8560140415931887,-0.14647008038616996,-0.18149800580375672
1,0.8560668948672855,-0.14635759976725476,-0.18235202384494134
1,0.8594038779476494,-0.14693079337134898,-0.183983347144942
1,0.8575236738338575,-0.14666760797719441,-0.18327629613163787
1,0.8589659383833672,-0.1469199123545041,-0.18257922881286534
1,0.8555921237661355,-0.14646971626192046,-0.18451994266391572
1,0.8571517869782175,-0.14663115020885908,-0.1855612052927627
1,0.8555198705957958,-0.1462821260029084,-0.18443581846609602
1,0.8571107656166498,-0.1465570986374157,-0.18432620338213837
1,0.8547886057910132,-0.14621753072262822,-0.18621283741818132
1,0.8567905623928777,-0.14644100873016583,-0.1869751160688153
1,0.8544081498954598,-0.14598499944138224,-0.18549401914268898
1,0.8559957219967911,-0.14626167385307048,-0.18508422407963035
1,0.8541492991497791,-0.14609158576723286,-0.1865674932384567
1,0.8560603543140597,-0.14633731220640792,-0.18683743031939556
1,0.8539481065348107,-0.14589252498369717,-0.18522602379020398
1,0.855554186296267,-0.14617240416033747,-0.18501868208895178
1,0.8540719208151997,-0.14623907913294343,-0.18828155666125237
1,0.8537683681840152,-0.1459569071342143,-0.18753208721462097
1,0.8573866438642315,-0.14660048663767572,-0.18874790309555659
1,0.8563648273586099,-0.146265070217178,-0.18735766701068546
1,0.8578014332063343,-0.14652029610115685,-0.18636250935905438
1,0.8581000807927095,-0.1467939624564129,-0.1881622298341546
1,0.8553399561426116,-0.14618184852727822,-0.18754913343077
1,0.8587350734782171,-0.14678774920802715,-0.18880118636279522
1,0.8585012614021985,-0.14665950233499314,-0.18812023920571808
1,0.8599848723781819,-0.1469247385648427,-0.18697299658969868
1,0.8603764458847805,-0.14706845335571547,-0.18762549241449822
1,0.8577619743786549,-0.14656565917972603,-0.18727251691383376
1,0.8610704302197318,-0.1471531631230069,-0.18885058614978897
1,0.8615085120827403,-0.14729205136844237,-0.188530634586259
1,0.858364233143193,-0.14663987028279918,-0.18716076464090245
1,0.8619531221273337,-0.14728523360524323,-0.18884780233708784
1,0.8608837615845801,-0.14712569616243937,-0.18844947948481325
1,0.8626125890653082,-0.1474383651739076,-0.18715730621691093
1,0.8627123793565104,-0.14745405884490698,-0.18748424007795558
1,0.8600843093913972,-0.14700012339458285,-0.18712818828048977
1,0.8635700998396362,-0.1476377969238267,-0.18847835808232707
1,0.8632310092194465,-0.14757230217547224,-0.18816455645775176
1,0.8650363794018543,-0.14790018114241157,-0.1867129924252785
1,0.8653514032389062,-0.14794715698139307,-0.18671183716894474
1,0.8601450594526954,-0.14703299614994875,-0.18616696804715163
1,0.8636948680297022,-0.14767992090939552,-0.1878271437533953
1,0.8650066006304333,-0.14793192739127162,-0.18827079512412023
1,0.8668809332438824,-0.14827390084740166,-0.1870646005500765
1,0.8676750827413732,-0.14842716844615517,-0.18667687314961048
1,0.8607673136974728,-0.14717821917679894,-0.18594790924825022
1,0.8622563371756834,-0.14748435079886046,-0.1862822877401538
1,0.8642774891653342,-0.1478538702223877,-0.18479966195675915
1,0.8653325074509928,-0.14805033515114527,-0.18414855677865613
1,0.8591500404383887,-0.14689651678046378,-0.18281175976893202
1,0.863461581891887,-0.14771425603962443,-0.18356230523002431
1,0.8656521525801029,-0.14805409424470933,-0.1844420226102576
1,0.8674540000417438,-0.14838465214883317,-0.1835766396726557
1,0.867461355711162,-0.14835056384944922,-0.18320646373269894
